Complaint,Department
Drinking water cooler not working in First Floor.,Hostel
Fan is not working in Block A.,Electrical
Microcontroller kit not working in Second Floor.,ECE
Hall ticket not generated in Room 101.,Others
Fee payment portal not working in Block A.,Others
Scholarship not received in First Floor.,Others
Arduino board not detected in Second Floor.,ECE
Door lock is broken in First Floor.,Maintenance
Breadboard is damaged in Lab 2.,ECE
Breadboard is damaged in First Floor.,ECE
Water leaking from ceiling in Room 204.,Maintenance
Digital trainer board failed in Lab 1.,ECE
Staircase is dusty in Block A.,Cleaning
Hostel WiFi not working in Block B.,Hostel
Hostel WiFi not working in Room 101.,Hostel
Water leaking from ceiling in Room 204.,Maintenance
ID card not issued in Lab 2.,Others
Water leaking from ceiling in Block B.,Maintenance
Library computer not working in Lab 2.,Library
Insufficient seating in library in Lab 2.,Library
Function generator faulty in Lab 2.,ECE
Insufficient seating in library in First Floor.,Library
Room lock is broken in Room 204.,Hostel
Library AC not working in Lab 2.,Library
Oscilloscope not working in Block B.,ECE
Website login problem in Second Floor.,Others
Water leaking from ceiling in Lab 2.,Maintenance
Roof seepage issue in Room 101.,Maintenance
Tube light not working in Lab 2.,Electrical
Fan not working in hostel room in First Floor.,Hostel
Wall has cracks in Second Floor.,Maintenance
Bus pass issue in Lab 1.,Others
Book issue system not working in Room 204.,Library
Water leaking from ceiling in Second Floor.,Maintenance
Hostel room needs cleaning in Block B.,Hostel
Lab equipment is faulty in Room 204.,ECE
Monitor display is blank in Lab 2.,CSE
Tap is leaking in Room 101.,Maintenance
Breadboard is damaged in First Floor.,ECE
Generator backup failed in Block B.,Electrical
Plumbing problem in Admin Block.,Maintenance
Bonafide certificate delayed in Admin Block.,Others
Bathroom is dirty in Admin Block.,Hostel
Staircase is dusty in Block B.,Cleaning
Library AC not working in Block B.,Library
Classroom is very dirty in Room 101.,Cleaning
Bonafide certificate delayed in Lab 2.,Others
Monitor display is blank in Lab 1.,CSE
Required book is unavailable in Second Floor.,Library
Campus area is dirty in Room 204.,Cleaning
Book issue system not working in Lab 1.,Library
Fee payment portal not working in Admin Block.,Others
Breadboard is damaged in Room 204.,ECE
Book return portal not working in Block B.,Library
Oscilloscope not working in Admin Block.,ECE
General enquiry not resolved in Room 101.,Others
Bad smell in corridor in First Floor.,Cleaning
Software installation required in Room 204.,CSE
Floor needs mopping in Room 101.,Cleaning
Staircase is dusty in Block A.,Cleaning
General enquiry not resolved in Admin Block.,Others
Door lock is broken in Block A.,Maintenance
Washroom needs cleaning in Admin Block.,Cleaning
Tap is leaking in Room 204.,Maintenance
Staircase is dusty in Second Floor.,Cleaning
Light is flickering in Admin Block.,Electrical
Fan not working in hostel room in Block A.,Hostel
Loose electrical wiring in Room 101.,Electrical
Book return portal not working in Block B.,Library
Website login problem in Block B.,Others
Plumbing problem in Second Floor.,Maintenance
Campus area is dirty in Room 101.,Cleaning
Tube light not working in Room 204.,Electrical
Reading room is noisy in First Floor.,Library
Digital trainer board failed in Lab 1.,ECE
Broken classroom bench in Second Floor.,Maintenance
Fee payment portal not working in Lab 2.,Others
Bad smell in corridor in Lab 1.,Cleaning
Scholarship not received in Block A.,Others
Roof seepage issue in Block A.,Maintenance
Campus area is dirty in Room 101.,Cleaning
Power socket not working in Room 204.,Electrical
Mouse is not responding in Block B.,CSE
Campus area is dirty in Block A.,Cleaning
Computer not starting in Room 204.,CSE
Insufficient seating in library in Room 101.,Library
Tube light not working in Lab 2.,Electrical
Microcontroller kit not working in Admin Block.,ECE
Power socket not working in Block B.,Electrical
Computer not starting in Second Floor.,CSE
Book issue system not working in Block A.,Library
Library computer not working in Room 101.,Library
Website login problem in Room 204.,Others
Plumbing problem in Block A.,Maintenance
Loose electrical wiring in First Floor.,Electrical
Library internet not working in Lab 2.,Library
ID card not issued in Lab 2.,Others
Bathroom is dirty in Second Floor.,Hostel
Lab equipment is faulty in Admin Block.,ECE
Tap is leaking in Room 204.,Maintenance
Bonafide certificate delayed in Admin Block.,Others
Broken classroom bench in Second Floor.,Maintenance
Loose electrical wiring in Lab 2.,Electrical
Garbage not collected in Block B.,Cleaning
Breadboard is damaged in Block A.,ECE
Fan not working in hostel room in Lab 1.,Hostel
Library AC not working in Block B.,Library
Loose electrical wiring in Second Floor.,Electrical
Software installation required in First Floor.,CSE
Library computer not working in Room 101.,Library
Oscilloscope not working in Room 204.,ECE
Door lock is broken in Second Floor.,Maintenance
Hall ticket not generated in Block A.,Others
Floor needs mopping in Room 101.,Cleaning
Dustbins are overflowing in Admin Block.,Cleaning
Switch board is damaged in First Floor.,Electrical
Bathroom is dirty in Block A.,Hostel
Signal generator issue in Second Floor.,ECE
Power outage in classroom in First Floor.,Electrical
Dustbins are overflowing in First Floor.,Cleaning
Mess food quality is poor in Room 101.,Hostel
Insufficient seating in library in Admin Block.,Library
Wall has cracks in Block B.,Maintenance
Water leaking from ceiling in Room 204.,Maintenance
General enquiry not resolved in Block A.,Others
Switch board is damaged in Lab 2.,Electrical
Drinking water cooler not working in Room 204.,Hostel
Window glass is broken in Admin Block.,Maintenance
Software installation required in Block A.,CSE
Plumbing problem in Lab 2.,Maintenance
Required book is unavailable in Admin Block.,Library
Wall has cracks in Lab 2.,Maintenance
Washroom needs cleaning in Admin Block.,Cleaning
Reading room is noisy in First Floor.,Library
Oscilloscope not working in First Floor.,ECE
Classroom is very dirty in Room 101.,Cleaning
Water leaking from ceiling in First Floor.,Maintenance
Printer not working in Block A.,CSE
Scholarship not received in Lab 2.,Others
Library internet not working in Room 101.,Library
Staircase is dusty in First Floor.,Cleaning
Campus area is dirty in Block A.,Cleaning
Fee payment portal not working in Lab 1.,Others
Computer not starting in Lab 2.,CSE
Insufficient seating in library in Lab 1.,Library
Insufficient seating in library in Lab 2.,Library
Signal generator issue in Second Floor.,ECE
Breadboard is damaged in Second Floor.,ECE
Generator backup failed in Lab 2.,Electrical
Insufficient seating in library in Block B.,Library
Microcontroller kit not working in First Floor.,ECE
Insufficient seating in library in Lab 2.,Library
Signal generator issue in First Floor.,ECE
Signal generator issue in Block A.,ECE
Door lock is broken in Room 101.,Maintenance
Bonafide certificate delayed in Lab 1.,Others
Fan not working in hostel room in Lab 1.,Hostel
ID card not issued in Lab 1.,Others
Door lock is broken in Admin Block.,Maintenance
Dustbins are overflowing in Lab 1.,Cleaning
Printer not working in Lab 1.,CSE
Floor needs mopping in Block A.,Cleaning
Bathroom is dirty in Second Floor.,Hostel
Scholarship not received in Lab 2.,Others
Library AC not working in Room 204.,Library
Fan is not working in Admin Block.,Electrical
Classroom is very dirty in Admin Block.,Cleaning
Washroom needs cleaning in Room 101.,Cleaning
Tube light not working in Room 101.,Electrical
ID card not issued in Lab 1.,Others
Digital trainer board failed in Lab 2.,ECE
Bus pass issue in Room 204.,Others
Monitor display is blank in Lab 2.,CSE
System is running very slow in Room 204.,CSE
Reading room is noisy in Lab 1.,Library
Scholarship not received in First Floor.,Others
Computer not starting in Room 101.,CSE
ID card not issued in Block A.,Others
Power socket not working in Block B.,Electrical
Function generator faulty in Room 204.,ECE
Window glass is broken in First Floor.,Maintenance
Classroom is very dirty in Room 204.,Cleaning
Mess food quality is poor in Lab 2.,Hostel
Fan not working in hostel room in Second Floor.,Hostel
Book return portal not working in Block A.,Library
Keyboard not working in Room 101.,CSE
Printer not working in First Floor.,CSE
Function generator faulty in Admin Block.,ECE
Reading room is noisy in Room 204.,Library
Library computer not working in Lab 1.,Library
Printer not working in Room 101.,CSE
Hall ticket not generated in First Floor.,Others
System is running very slow in Lab 2.,CSE
Computer not starting in Lab 2.,CSE
Campus area is dirty in Block A.,Cleaning
Door lock is broken in Lab 1.,Maintenance
Fan not working in hostel room in Block A.,Hostel
Door lock is broken in Room 204.,Maintenance
Software installation required in First Floor.,CSE
Software installation required in Block A.,CSE
Tube light not working in Room 204.,Electrical
Breadboard is damaged in Admin Block.,ECE
Breadboard is damaged in Block B.,ECE
Light is flickering in Admin Block.,Electrical
Fee payment portal not working in Block B.,Others
Hostel room needs cleaning in Block A.,Hostel
Power socket not working in First Floor.,Electrical
Switch board is damaged in Admin Block.,Electrical
Computer not starting in Block A.,CSE
Website login problem in Lab 1.,Others
Signal generator issue in Second Floor.,ECE
Digital trainer board failed in First Floor.,ECE
Light is flickering in Block A.,Electrical
Floor needs mopping in First Floor.,Cleaning
Library computer not working in Block A.,Library
Classroom is very dirty in Lab 2.,Cleaning
Required book is unavailable in First Floor.,Library
Book issue system not working in Room 101.,Library
General enquiry not resolved in Lab 2.,Others
Fan is not working in Room 101.,Electrical
Library computer not working in Second Floor.,Library
Hostel WiFi not working in Second Floor.,Hostel
Dustbins are overflowing in Room 204.,Cleaning
Scholarship not received in Lab 1.,Others
Washroom needs cleaning in Lab 2.,Cleaning
Wall has cracks in Lab 2.,Maintenance
Light is flickering in Room 101.,Electrical
Hall ticket not generated in Lab 2.,Others
Insufficient seating in library in Lab 1.,Library
Room lock is broken in Room 204.,Hostel
Hall ticket not generated in Room 101.,Others
Fee payment portal not working in Second Floor.,Others
Floor needs mopping in Lab 1.,Cleaning
Loose electrical wiring in Room 204.,Electrical
Wall has cracks in Block A.,Maintenance
Bus pass issue in First Floor.,Others
Lab equipment is faulty in Room 101.,ECE
Library internet not working in Lab 2.,Library
Library computer not working in Room 204.,Library
Keyboard not working in Room 204.,CSE
Tube light not working in Admin Block.,Electrical
Fan is not working in Admin Block.,Electrical
Library internet not working in First Floor.,Library
Printer not working in Admin Block.,CSE
Hall ticket not generated in Lab 1.,Others
Hostel WiFi not working in First Floor.,Hostel
Washroom needs cleaning in First Floor.,Cleaning
Power socket not working in Room 101.,Electrical
Lab equipment is faulty in Block B.,ECE
Tap is leaking in Admin Block.,Maintenance
Insufficient seating in library in Room 204.,Library
Loose electrical wiring in Block B.,Electrical
Library computer not working in Block A.,Library
Software installation required in Block A.,CSE
Fan is not working in Second Floor.,Electrical
Library AC not working in Block A.,Library
Switch board is damaged in Room 101.,Electrical
Book return portal not working in Second Floor.,Library
Digital trainer board failed in Room 204.,ECE
Breadboard is damaged in Block A.,ECE
Mess food quality is poor in Block A.,Hostel
No water supply in hostel in Lab 1.,Hostel
Oscilloscope not working in First Floor.,ECE
General enquiry not resolved in Lab 1.,Others
General enquiry not resolved in Admin Block.,Others
Insufficient seating in library in Second Floor.,Library
Software installation required in Room 101.,CSE
Light is flickering in Room 101.,Electrical
System is running very slow in First Floor.,CSE
Insufficient seating in library in Admin Block.,Library
Tap is leaking in Room 101.,Maintenance
Fan is not working in First Floor.,Electrical
Window glass is broken in Admin Block.,Maintenance
No water supply in hostel in Second Floor.,Hostel
Arduino board not detected in Admin Block.,ECE
Bad smell in corridor in Room 101.,Cleaning
Floor needs mopping in Block A.,Cleaning
Arduino board not detected in Admin Block.,ECE
Roof seepage issue in Block B.,Maintenance
Power outage in classroom in First Floor.,Electrical
Reading room is noisy in Lab 1.,Library
Plumbing problem in Admin Block.,Maintenance
Scholarship not received in Block A.,Others
Insufficient seating in library in Admin Block.,Library
Classroom is very dirty in Second Floor.,Cleaning
Bus pass issue in Room 204.,Others
Power socket not working in Block A.,Electrical
Scholarship not received in First Floor.,Others
Generator backup failed in Room 101.,Electrical
Breadboard is damaged in Lab 1.,ECE
Lab equipment is faulty in Admin Block.,ECE
Dustbins are overflowing in Room 101.,Cleaning
Bad smell in corridor in Room 101.,Cleaning
Floor needs mopping in Second Floor.,Cleaning
Website login problem in Room 204.,Others
Bonafide certificate delayed in Second Floor.,Others
Digital trainer board failed in Second Floor.,ECE
Signal generator issue in Room 204.,ECE
Bathroom is dirty in Second Floor.,Hostel
Signal generator issue in Admin Block.,ECE
Fan is not working in Admin Block.,Electrical
Tube light not working in Lab 1.,Electrical
Door lock is broken in Lab 1.,Maintenance
Room lock is broken in Block B.,Hostel
Classroom is very dirty in Room 101.,Cleaning
Switch board is damaged in Lab 2.,Electrical
Power socket not working in Block B.,Electrical
Microcontroller kit not working in Block B.,ECE
Room lock is broken in Second Floor.,Hostel
Arduino board not detected in Room 204.,ECE
Classroom is very dirty in Room 204.,Cleaning
Washroom needs cleaning in Admin Block.,Cleaning
Book issue system not working in Room 204.,Library
Water leaking from ceiling in Second Floor.,Maintenance
Plumbing problem in Lab 2.,Maintenance
Room lock is broken in Second Floor.,Hostel
Printer not working in Block B.,CSE
Washroom needs cleaning in Block B.,Cleaning
Switch board is damaged in Room 204.,Electrical
Bad smell in corridor in Admin Block.,Cleaning
Water leaking from ceiling in First Floor.,Maintenance
Book return portal not working in Room 204.,Library
Garbage not collected in Admin Block.,Cleaning
Power socket not working in First Floor.,Electrical
Signal generator issue in Lab 1.,ECE
Mess food quality is poor in First Floor.,Hostel
Book return portal not working in Room 204.,Library
Scholarship not received in Block A.,Others
Library internet not working in First Floor.,Library
General enquiry not resolved in Second Floor.,Others
Garbage not collected in Room 204.,Cleaning
No water supply in hostel in Room 204.,Hostel
Monitor display is blank in Lab 1.,CSE
Library AC not working in Lab 2.,Library
Washroom needs cleaning in Admin Block.,Cleaning
Window glass is broken in Admin Block.,Maintenance
Dustbins are overflowing in Room 204.,Cleaning
Printer not working in Lab 1.,CSE
Mouse is not responding in Room 204.,CSE
Required book is unavailable in Admin Block.,Library
Broken classroom bench in Lab 2.,Maintenance
Oscilloscope not working in Block B.,ECE
Fan not working in hostel room in Room 204.,Hostel
Washroom needs cleaning in Admin Block.,Cleaning
Keyboard not working in First Floor.,CSE
Fan is not working in Lab 1.,Electrical
Hostel WiFi not working in Room 204.,Hostel
Book issue system not working in Admin Block.,Library
Library AC not working in Block A.,Library
Floor needs mopping in Block B.,Cleaning
Room lock is broken in Lab 2.,Hostel
Fee payment portal not working in First Floor.,Others
Scholarship not received in Block B.,Others
Book issue system not working in Second Floor.,Library
Required book is unavailable in Admin Block.,Library
Fee payment portal not working in First Floor.,Others
No water supply in hostel in Block B.,Hostel
Scholarship not received in Block A.,Others
General enquiry not resolved in Admin Block.,Others
Hostel WiFi not working in Room 101.,Hostel
Wall has cracks in Second Floor.,Maintenance
Power outage in classroom in Room 101.,Electrical
Tap is leaking in Lab 1.,Maintenance
Signal generator issue in Room 204.,ECE
No water supply in hostel in Second Floor.,Hostel
Function generator faulty in Lab 2.,ECE
Keyboard not working in Second Floor.,CSE
No water supply in hostel in Lab 1.,Hostel
Insufficient seating in library in Lab 2.,Library
Website login problem in Admin Block.,Others
Tap is leaking in Block A.,Maintenance
No water supply in hostel in Lab 1.,Hostel
Required book is unavailable in Lab 1.,Library
Printer not working in Lab 1.,CSE
Bonafide certificate delayed in Admin Block.,Others
Website login problem in Room 101.,Others
Library internet not working in Second Floor.,Library
Monitor display is blank in Admin Block.,CSE
Keyboard not working in Lab 1.,CSE
Arduino board not detected in Block A.,ECE
Staircase is dusty in Lab 1.,Cleaning
Monitor display is blank in Second Floor.,CSE
Website login problem in Lab 1.,Others
Room lock is broken in Lab 1.,Hostel
Door lock is broken in Block B.,Maintenance
Computer not starting in Room 101.,CSE
Tap is leaking in Lab 1.,Maintenance
Library computer not working in Room 204.,Library
Door lock is broken in Block A.,Maintenance
Window glass is broken in Block A.,Maintenance
Plumbing problem in Room 101.,Maintenance
Digital trainer board failed in Room 204.,ECE
Bus pass issue in Room 204.,Others
Bus pass issue in Lab 2.,Others
Power socket not working in Room 204.,Electrical
Classroom is very dirty in Second Floor.,Cleaning
Loose electrical wiring in Block B.,Electrical
Campus area is dirty in First Floor.,Cleaning
Function generator faulty in Lab 2.,ECE
Printer not working in Block A.,CSE
Insufficient seating in library in Lab 2.,Library
Microcontroller kit not working in Lab 1.,ECE
Campus area is dirty in Admin Block.,Cleaning
Bathroom is dirty in First Floor.,Hostel
Loose electrical wiring in Room 101.,Electrical
Oscilloscope not working in Room 101.,ECE
Website login problem in Block B.,Others
Bad smell in corridor in Room 101.,Cleaning
Bonafide certificate delayed in Block B.,Others
Drinking water cooler not working in Admin Block.,Hostel
Internet not working in lab in Lab 2.,CSE
Hall ticket not generated in Block B.,Others
Microcontroller kit not working in Lab 1.,ECE
Fee payment portal not working in Room 101.,Others
Bathroom is dirty in Block B.,Hostel
Hall ticket not generated in Room 204.,Others
Wall has cracks in Second Floor.,Maintenance
Reading room is noisy in First Floor.,Library
Microcontroller kit not working in Lab 1.,ECE
Microcontroller kit not working in Block B.,ECE
Microcontroller kit not working in Room 204.,ECE
Plumbing problem in Second Floor.,Maintenance
Arduino board not detected in Block A.,ECE
Keyboard not working in Second Floor.,CSE
Book issue system not working in Lab 2.,Library
Classroom is very dirty in Admin Block.,Cleaning
ID card not issued in Lab 2.,Others
Drinking water cooler not working in Room 204.,Hostel
Bus pass issue in Room 101.,Others
Door lock is broken in First Floor.,Maintenance
Insufficient seating in library in Admin Block.,Library
Oscilloscope not working in Room 101.,ECE
Generator backup failed in Room 101.,Electrical
Hostel WiFi not working in Block B.,Hostel
Switch board is damaged in Block A.,Electrical
Dustbins are overflowing in Second Floor.,Cleaning
Insufficient seating in library in Lab 2.,Library
Window glass is broken in Admin Block.,Maintenance
Library AC not working in Block A.,Library
Function generator faulty in Lab 2.,ECE
Door lock is broken in Block B.,Maintenance
Washroom needs cleaning in Second Floor.,Cleaning
Oscilloscope not working in Room 101.,ECE
Computer not starting in Block A.,CSE
Fan is not working in Admin Block.,Electrical
Library AC not working in Lab 2.,Library
Window glass is broken in Lab 2.,Maintenance
Library computer not working in Room 204.,Library
Hostel room needs cleaning in Lab 2.,Hostel
Insufficient seating in library in Admin Block.,Library
Mess food quality is poor in Lab 2.,Hostel
Printer not working in Admin Block.,CSE
Signal generator issue in Second Floor.,ECE
Insufficient seating in library in Lab 2.,Library
Plumbing problem in Room 101.,Maintenance
ID card not issued in Room 101.,Others
Required book is unavailable in Second Floor.,Library
Hall ticket not generated in Room 204.,Others
Campus area is dirty in Block B.,Cleaning
Tap is leaking in Lab 2.,Maintenance
Drinking water cooler not working in Room 204.,Hostel
Fan not working in hostel room in Admin Block.,Hostel
Hostel WiFi not working in Room 204.,Hostel
Breadboard is damaged in Lab 1.,ECE
Door lock is broken in Block A.,Maintenance
Water leaking from ceiling in Second Floor.,Maintenance
Switch board is damaged in Second Floor.,Electrical
Power outage in classroom in First Floor.,Electrical
Digital trainer board failed in First Floor.,ECE
Wall has cracks in Lab 1.,Maintenance
Switch board is damaged in Block B.,Electrical
Tap is leaking in Lab 2.,Maintenance
Oscilloscope not working in First Floor.,ECE
Hostel room needs cleaning in Lab 1.,Hostel
Fan not working in hostel room in Lab 2.,Hostel
Washroom needs cleaning in Block B.,Cleaning
Scholarship not received in Second Floor.,Others
No water supply in hostel in Block B.,Hostel
Website login problem in Lab 2.,Others
Book return portal not working in Room 101.,Library
Loose electrical wiring in Room 101.,Electrical
Library AC not working in Second Floor.,Library
Plumbing problem in First Floor.,Maintenance
Floor needs mopping in Second Floor.,Cleaning
Generator backup failed in Admin Block.,Electrical
Keyboard not working in Second Floor.,CSE
Hall ticket not generated in First Floor.,Others
ID card not issued in Admin Block.,Others
Scholarship not received in Second Floor.,Others
Library internet not working in Block B.,Library
Breadboard is damaged in Lab 2.,ECE
Signal generator issue in Lab 1.,ECE
Roof seepage issue in Room 204.,Maintenance
Dustbins are overflowing in Second Floor.,Cleaning
Hall ticket not generated in Lab 2.,Others
Scholarship not received in Room 204.,Others
Classroom is very dirty in Admin Block.,Cleaning
Bus pass issue in Second Floor.,Others
Library computer not working in First Floor.,Library
Bad smell in corridor in First Floor.,Cleaning
Bad smell in corridor in Lab 2.,Cleaning
Classroom is very dirty in Second Floor.,Cleaning
Power outage in classroom in Room 204.,Electrical
Door lock is broken in Block A.,Maintenance
Power socket not working in First Floor.,Electrical
Library internet not working in Admin Block.,Library
Light is flickering in Second Floor.,Electrical
Generator backup failed in Admin Block.,Electrical
Campus area is dirty in Lab 2.,Cleaning
Website login problem in Lab 1.,Others
Classroom is very dirty in Room 204.,Cleaning
Library internet not working in Second Floor.,Library
Lab equipment is faulty in First Floor.,ECE
Bad smell in corridor in Room 101.,Cleaning
Broken classroom bench in First Floor.,Maintenance
Website login problem in Lab 1.,Others
Library computer not working in Block A.,Library
Software installation required in Block A.,CSE
Fan is not working in Admin Block.,Electrical
Plumbing problem in Admin Block.,Maintenance
Keyboard not working in Lab 1.,CSE
Hall ticket not generated in Lab 2.,Others
Tap is leaking in Lab 1.,Maintenance
Fan is not working in Lab 2.,Electrical
Fan not working in hostel room in Admin Block.,Hostel
Broken classroom bench in Second Floor.,Maintenance
Oscilloscope not working in First Floor.,ECE
Room lock is broken in Lab 2.,Hostel
Power outage in classroom in Block A.,Electrical
Printer not working in Block A.,CSE
Switch board is damaged in Block A.,Electrical
Switch board is damaged in Block A.,Electrical
Library AC not working in First Floor.,Library
Fan is not working in Lab 2.,Electrical
Classroom is very dirty in Room 204.,Cleaning
Library AC not working in Room 204.,Library
Light is flickering in Lab 1.,Electrical
Switch board is damaged in Block B.,Electrical
General enquiry not resolved in Room 204.,Others
Tube light not working in Admin Block.,Electrical
Wall has cracks in Lab 1.,Maintenance
Tap is leaking in Lab 1.,Maintenance
Bad smell in corridor in Block A.,Cleaning
Function generator faulty in Lab 2.,ECE
Bus pass issue in Lab 2.,Others
System is running very slow in Block A.,CSE
ID card not issued in Block B.,Others
Room lock is broken in Admin Block.,Hostel
Water leaking from ceiling in Room 101.,Maintenance
Fee payment portal not working in First Floor.,Others
Book return portal not working in Block A.,Library
Room lock is broken in First Floor.,Hostel
Reading room is noisy in Room 101.,Library
Hall ticket not generated in Block A.,Others
Drinking water cooler not working in Lab 2.,Hostel
Campus area is dirty in Lab 1.,Cleaning
Keyboard not working in First Floor.,CSE
Internet not working in lab in Lab 1.,CSE
Staircase is dusty in Lab 2.,Cleaning
Campus area is dirty in Room 101.,Cleaning
Classroom is very dirty in Block B.,Cleaning
Staircase is dusty in Room 204.,Cleaning
Bonafide certificate delayed in Room 204.,Others
Garbage not collected in Room 101.,Cleaning
Lab equipment is faulty in Lab 2.,ECE
Function generator faulty in Lab 1.,ECE
Breadboard is damaged in Room 101.,ECE
Computer not starting in Admin Block.,CSE
Garbage not collected in First Floor.,Cleaning
Roof seepage issue in First Floor.,Maintenance
Function generator faulty in Room 101.,ECE
Insufficient seating in library in First Floor.,Library
Library AC not working in Block B.,Library
No water supply in hostel in Room 204.,Hostel
Water leaking from ceiling in Admin Block.,Maintenance
Library AC not working in Room 204.,Library
Staircase is dusty in Admin Block.,Cleaning
Light is flickering in Second Floor.,Electrical
Fee payment portal not working in Block B.,Others
Printer not working in Lab 1.,CSE
Software installation required in Second Floor.,CSE
Bonafide certificate delayed in Block B.,Others
Library computer not working in Block A.,Library
Dustbins are overflowing in Second Floor.,Cleaning
Library internet not working in Lab 2.,Library
Mess food quality is poor in First Floor.,Hostel
Power socket not working in Lab 1.,Electrical
Staircase is dusty in Block B.,Cleaning
Door lock is broken in Lab 2.,Maintenance
System is running very slow in Lab 2.,CSE
No water supply in hostel in Lab 2.,Hostel
Website login problem in Block A.,Others
Oscilloscope not working in Second Floor.,ECE
Monitor display is blank in Block A.,CSE
Software installation required in Second Floor.,CSE
Keyboard not working in Lab 1.,CSE
Book issue system not working in Second Floor.,Library
System is running very slow in First Floor.,CSE
Room lock is broken in Admin Block.,Hostel
Arduino board not detected in Room 101.,ECE
Staircase is dusty in Room 101.,Cleaning
Lab equipment is faulty in Room 101.,ECE
Window glass is broken in Second Floor.,Maintenance
Mess food quality is poor in Second Floor.,Hostel
System is running very slow in Block B.,CSE
Power socket not working in Lab 1.,Electrical
Wall has cracks in Lab 1.,Maintenance
Light is flickering in Second Floor.,Electrical
Software installation required in First Floor.,CSE
Classroom is very dirty in Lab 1.,Cleaning
Bonafide certificate delayed in Block A.,Others
Scholarship not received in Lab 1.,Others
Dustbins are overflowing in Lab 1.,Cleaning
Fee payment portal not working in Room 101.,Others
Plumbing problem in Block B.,Maintenance
Door lock is broken in First Floor.,Maintenance
Required book is unavailable in First Floor.,Library
Microcontroller kit not working in Block B.,ECE
Fee payment portal not working in Room 101.,Others
Door lock is broken in Block A.,Maintenance
Room lock is broken in Admin Block.,Hostel
Window glass is broken in Lab 1.,Maintenance
Garbage not collected in Lab 2.,Cleaning
Hall ticket not generated in Second Floor.,Others
Floor needs mopping in Lab 1.,Cleaning
Insufficient seating in library in Lab 2.,Library
Bathroom is dirty in Admin Block.,Hostel
Book return portal not working in Second Floor.,Library
Floor needs mopping in First Floor.,Cleaning
Fan is not working in Room 101.,Electrical
Breadboard is damaged in Block B.,ECE
Digital trainer board failed in Admin Block.,ECE
Washroom needs cleaning in Lab 2.,Cleaning
Signal generator issue in Room 204.,ECE
Book issue system not working in Room 204.,Library
Bathroom is dirty in Lab 1.,Hostel
Water leaking from ceiling in Lab 1.,Maintenance
No water supply in hostel in Block A.,Hostel
Broken classroom bench in Admin Block.,Maintenance
Internet not working in lab in Room 101.,CSE
Hostel room needs cleaning in Room 101.,Hostel
Signal generator issue in Second Floor.,ECE
Plumbing problem in Room 204.,Maintenance
Computer not starting in Block B.,CSE
Reading room is noisy in Block B.,Library
Door lock is broken in Block A.,Maintenance
Keyboard not working in Lab 1.,CSE
Switch board is damaged in Block B.,Electrical
System is running very slow in Block A.,CSE
Library AC not working in Lab 2.,Library
Door lock is broken in Second Floor.,Maintenance
No water supply in hostel in First Floor.,Hostel
Loose electrical wiring in Block A.,Electrical
Keyboard not working in First Floor.,CSE
Scholarship not received in Admin Block.,Others
Internet not working in lab in Block B.,CSE
Water leaking from ceiling in Room 204.,Maintenance
Bonafide certificate delayed in First Floor.,Others
ID card not issued in Room 204.,Others
Bonafide certificate delayed in Block B.,Others
Fee payment portal not working in First Floor.,Others
Fan not working in hostel room in Block A.,Hostel
Hostel WiFi not working in Room 101.,Hostel
Monitor display is blank in Room 204.,CSE
Switch board is damaged in Block B.,Electrical
Insufficient seating in library in Room 101.,Library
Hall ticket not generated in Lab 1.,Others
Function generator faulty in Block B.,ECE
Oscilloscope not working in Block B.,ECE
Website login problem in Room 101.,Others
Campus area is dirty in Room 204.,Cleaning
Staircase is dusty in Room 101.,Cleaning
Roof seepage issue in Room 101.,Maintenance
Fan is not working in Block B.,Electrical
Plumbing problem in Block A.,Maintenance
Fee payment portal not working in Block A.,Others
Library computer not working in Lab 1.,Library
Broken classroom bench in Second Floor.,Maintenance
Light is flickering in Room 204.,Electrical
Fan not working in hostel room in Block A.,Hostel
Insufficient seating in library in Admin Block.,Library
Mess food quality is poor in Lab 2.,Hostel
Computer not starting in Lab 1.,CSE
Fan not working in hostel room in Block B.,Hostel
Washroom needs cleaning in Lab 1.,Cleaning
Staircase is dusty in Lab 1.,Cleaning
Monitor display is blank in Lab 2.,CSE
Door lock is broken in Lab 1.,Maintenance
Website login problem in Lab 1.,Others
Library AC not working in Block B.,Library
Light is flickering in Second Floor.,Electrical
Tap is leaking in Block B.,Maintenance
Website login problem in Lab 2.,Others
Required book is unavailable in Block A.,Library
Power outage in classroom in Lab 2.,Electrical
Water leaking from ceiling in Room 101.,Maintenance
Water leaking from ceiling in Block A.,Maintenance
Bonafide certificate delayed in Block A.,Others
Signal generator issue in Lab 2.,ECE
Book return portal not working in Block A.,Library
Library internet not working in Second Floor.,Library
Scholarship not received in First Floor.,Others
Fee payment portal not working in Admin Block.,Others
Internet not working in lab in Room 101.,CSE
ID card not issued in Lab 2.,Others
Generator backup failed in Lab 2.,Electrical
Mouse is not responding in Room 204.,CSE
Bathroom is dirty in Room 101.,Hostel
ID card not issued in Block B.,Others
Library computer not working in First Floor.,Library
Light is flickering in Block A.,Electrical
Power outage in classroom in Room 101.,Electrical
Monitor display is blank in Lab 2.,CSE
Reading room is noisy in Admin Block.,Library
Floor needs mopping in Block A.,Cleaning
Tap is leaking in Admin Block.,Maintenance
Classroom is very dirty in Room 101.,Cleaning
Power outage in classroom in Lab 2.,Electrical
System is running very slow in Block A.,CSE
Plumbing problem in Admin Block.,Maintenance
Printer not working in Block A.,CSE
Hostel room needs cleaning in Second Floor.,Hostel
Breadboard is damaged in Admin Block.,ECE
Light is flickering in Lab 1.,Electrical
Bus pass issue in Block B.,Others
ID card not issued in Lab 2.,Others
Staircase is dusty in Admin Block.,Cleaning
Tube light not working in Lab 1.,Electrical
Dustbins are overflowing in Admin Block.,Cleaning
Campus area is dirty in First Floor.,Cleaning
Library AC not working in Lab 1.,Library
Hostel room needs cleaning in Room 101.,Hostel
Bonafide certificate delayed in Room 101.,Others
Monitor display is blank in Lab 1.,CSE
Scholarship not received in Lab 2.,Others
Water leaking from ceiling in Room 204.,Maintenance
Website login problem in Admin Block.,Others
Microcontroller kit not working in Block A.,ECE
Fan not working in hostel room in Lab 1.,Hostel
Bad smell in corridor in Second Floor.,Cleaning
Keyboard not working in Lab 1.,CSE
Hostel room needs cleaning in Room 101.,Hostel
Mouse is not responding in Room 204.,CSE
Bathroom is dirty in Lab 2.,Hostel
Book issue system not working in Block A.,Library
Computer not starting in Room 204.,CSE
Book return portal not working in Block A.,Library
Garbage not collected in Second Floor.,Cleaning
Library AC not working in Block B.,Library
Mess food quality is poor in Second Floor.,Hostel
Campus area is dirty in Admin Block.,Cleaning
Washroom needs cleaning in First Floor.,Cleaning
Dustbins are overflowing in Block B.,Cleaning
Mess food quality is poor in Block A.,Hostel
Light is flickering in Admin Block.,Electrical
Dustbins are overflowing in Lab 2.,Cleaning
Window glass is broken in First Floor.,Maintenance
Garbage not collected in Lab 1.,Cleaning
Monitor display is blank in Room 101.,CSE
Bad smell in corridor in Lab 1.,Cleaning
Fan not working in hostel room in Room 204.,Hostel
Library AC not working in Room 204.,Library
Staircase is dusty in Admin Block.,Cleaning
Reading room is noisy in Lab 2.,Library
Classroom is very dirty in Block A.,Cleaning
Light is flickering in Admin Block.,Electrical
Reading room is noisy in Lab 1.,Library
Insufficient seating in library in Admin Block.,Library
Printer not working in Admin Block.,CSE
Library computer not working in Lab 2.,Library
Insufficient seating in library in Block B.,Library
Reading room is noisy in Block B.,Library
Switch board is damaged in Block A.,Electrical
Required book is unavailable in Second Floor.,Library
Mess food quality is poor in Lab 1.,Hostel
Bad smell in corridor in Block B.,Cleaning
Room lock is broken in Room 101.,Hostel
Insufficient seating in library in First Floor.,Library
Oscilloscope not working in Block B.,ECE
No water supply in hostel in Admin Block.,Hostel
Internet not working in lab in Block B.,CSE
ID card not issued in Room 101.,Others
Signal generator issue in Block A.,ECE
Signal generator issue in Lab 1.,ECE
Window glass is broken in First Floor.,Maintenance
Website login problem in First Floor.,Others
Internet not working in lab in Admin Block.,CSE
Computer not starting in First Floor.,CSE
Microcontroller kit not working in Room 204.,ECE
Book return portal not working in Room 204.,Library
Water leaking from ceiling in Room 204.,Maintenance
Arduino board not detected in Block A.,ECE
Door lock is broken in First Floor.,Maintenance
Plumbing problem in First Floor.,Maintenance
Power socket not working in Admin Block.,Electrical
Bonafide certificate delayed in Admin Block.,Others
Digital trainer board failed in Lab 2.,ECE
Reading room is noisy in Admin Block.,Library
Bus pass issue in Room 101.,Others
Power socket not working in Block B.,Electrical
Library computer not working in First Floor.,Library
Hostel room needs cleaning in Block A.,Hostel
Lab equipment is faulty in Admin Block.,ECE
Fan is not working in Lab 1.,Electrical
Mess food quality is poor in Admin Block.,Hostel
Monitor display is blank in Room 204.,CSE
Drinking water cooler not working in Lab 2.,Hostel
System is running very slow in Block B.,CSE
Roof seepage issue in Room 101.,Maintenance
Loose electrical wiring in Room 204.,Electrical
Wall has cracks in First Floor.,Maintenance
Fan is not working in Block A.,Electrical
Digital trainer board failed in Lab 2.,ECE
Water leaking from ceiling in Lab 2.,Maintenance
Roof seepage issue in Second Floor.,Maintenance
Bonafide certificate delayed in Room 101.,Others
Campus area is dirty in Lab 2.,Cleaning
Bonafide certificate delayed in First Floor.,Others
Light is flickering in Room 204.,Electrical
Breadboard is damaged in Lab 2.,ECE
Library AC not working in Lab 1.,Library
Light is flickering in Room 204.,Electrical
Computer not starting in Room 204.,CSE
Classroom is very dirty in Block A.,Cleaning
Garbage not collected in First Floor.,Cleaning
Door lock is broken in Room 204.,Maintenance
Library internet not working in Admin Block.,Library
Broken classroom bench in Lab 2.,Maintenance
Fan not working in hostel room in Room 204.,Hostel
Plumbing problem in Room 204.,Maintenance
Website login problem in First Floor.,Others
Mess food quality is poor in Room 101.,Hostel
Power outage in classroom in Admin Block.,Electrical
Breadboard is damaged in Lab 2.,ECE
Door lock is broken in Block A.,Maintenance
Fee payment portal not working in First Floor.,Others
Fee payment portal not working in First Floor.,Others
Monitor display is blank in Room 101.,CSE
Arduino board not detected in Block A.,ECE
Scholarship not received in Room 101.,Others
Hostel room needs cleaning in Lab 2.,Hostel
Power socket not working in Lab 1.,Electrical
Library internet not working in Lab 1.,Library
Room lock is broken in Admin Block.,Hostel
Broken classroom bench in Block B.,Maintenance
Door lock is broken in Second Floor.,Maintenance
Website login problem in Admin Block.,Others
Staircase is dusty in Block B.,Cleaning
Hall ticket not generated in First Floor.,Others
Scholarship not received in Lab 2.,Others
Power outage in classroom in Second Floor.,Electrical
Library AC not working in Block A.,Library
Library AC not working in Block B.,Library
Oscilloscope not working in Second Floor.,ECE
Breadboard is damaged in Room 101.,ECE
Floor needs mopping in Room 101.,Cleaning
Floor needs mopping in Room 101.,Cleaning
Internet not working in lab in Lab 2.,CSE
Loose electrical wiring in Block B.,Electrical
Hostel WiFi not working in Block B.,Hostel
Library internet not working in Block B.,Library
Power outage in classroom in Lab 1.,Electrical
Campus area is dirty in Lab 1.,Cleaning
Breadboard is damaged in First Floor.,ECE
Room lock is broken in Room 204.,Hostel
Internet not working in lab in Block B.,CSE
Digital trainer board failed in Room 204.,ECE
Window glass is broken in Room 204.,Maintenance
Website login problem in Block B.,Others
Signal generator issue in Lab 2.,ECE
Light is flickering in Block B.,Electrical
Oscilloscope not working in Lab 1.,ECE
Fee payment portal not working in Lab 1.,Others
Washroom needs cleaning in Block A.,Cleaning
Keyboard not working in Room 204.,CSE
Monitor display is blank in Lab 1.,CSE
Oscilloscope not working in Room 101.,ECE
Book return portal not working in Lab 2.,Library
Roof seepage issue in Block B.,Maintenance
Function generator faulty in Second Floor.,ECE
ID card not issued in Room 101.,Others
Insufficient seating in library in Room 204.,Library
Internet not working in lab in Lab 1.,CSE
Room lock is broken in Block A.,Hostel
Dustbins are overflowing in Room 204.,Cleaning
Drinking water cooler not working in Admin Block.,Hostel
ID card not issued in Block A.,Others
Campus area is dirty in Lab 1.,Cleaning
Switch board is damaged in Admin Block.,Electrical
Arduino board not detected in Room 101.,ECE
ID card not issued in First Floor.,Others
Oscilloscope not working in Second Floor.,ECE
Campus area is dirty in Block A.,Cleaning
Staircase is dusty in Room 204.,Cleaning
Hostel WiFi not working in Block B.,Hostel
Hostel WiFi not working in Lab 1.,Hostel
Internet not working in lab in Room 204.,CSE
Wall has cracks in Block A.,Maintenance
Signal generator issue in Lab 1.,ECE
Printer not working in Block B.,CSE
Classroom is very dirty in Block A.,Cleaning
Loose electrical wiring in First Floor.,Electrical
Staircase is dusty in Admin Block.,Cleaning
Library computer not working in Block A.,Library
Microcontroller kit not working in Lab 2.,ECE
Fan is not working in Lab 2.,Electrical
Washroom needs cleaning in Admin Block.,Cleaning
Bathroom is dirty in Second Floor.,Hostel
Drinking water cooler not working in Admin Block.,Hostel
Internet not working in lab in Admin Block.,CSE
Campus area is dirty in Lab 1.,Cleaning
Drinking water cooler not working in Room 101.,Hostel
Hostel WiFi not working in Room 101.,Hostel
Hostel room needs cleaning in Lab 2.,Hostel
Mess food quality is poor in Block A.,Hostel
Roof seepage issue in Second Floor.,Maintenance
Washroom needs cleaning in Room 101.,Cleaning
Fan not working in hostel room in Second Floor.,Hostel
Book return portal not working in First Floor.,Library
System is running very slow in Lab 2.,CSE
Roof seepage issue in Room 204.,Maintenance
Power outage in classroom in Block B.,Electrical
Classroom is very dirty in Block B.,Cleaning
System is running very slow in Room 204.,CSE
Website login problem in Lab 2.,Others
Wall has cracks in First Floor.,Maintenance
Water leaking from ceiling in Admin Block.,Maintenance
Dustbins are overflowing in Lab 1.,Cleaning
Lab equipment is faulty in Second Floor.,ECE
Classroom is very dirty in Admin Block.,Cleaning
Library computer not working in Room 204.,Library
Floor needs mopping in Lab 2.,Cleaning
Drinking water cooler not working in Room 204.,Hostel
Drinking water cooler not working in Lab 1.,Hostel
Fan is not working in Block B.,Electrical
Bus pass issue in First Floor.,Others
Scholarship not received in First Floor.,Others
Garbage not collected in Admin Block.,Cleaning
Power outage in classroom in Second Floor.,Electrical
Power outage in classroom in Lab 2.,Electrical
Library internet not working in Admin Block.,Library
Power socket not working in Room 204.,Electrical
Bad smell in corridor in First Floor.,Cleaning
Water leaking from ceiling in Block A.,Maintenance
Microcontroller kit not working in First Floor.,ECE
Keyboard not working in Admin Block.,CSE
Monitor display is blank in Block A.,CSE
Roof seepage issue in Block A.,Maintenance
Drinking water cooler not working in Admin Block.,Hostel
Power socket not working in Admin Block.,Electrical
Insufficient seating in library in Lab 2.,Library
Water leaking from ceiling in Admin Block.,Maintenance
Monitor display is blank in Room 101.,CSE
Fan not working in hostel room in Block A.,Hostel
Room lock is broken in Room 101.,Hostel
Microcontroller kit not working in Room 204.,ECE
Wall has cracks in Second Floor.,Maintenance
Drinking water cooler not working in Admin Block.,Hostel
Power socket not working in Block A.,Electrical
Bad smell in corridor in First Floor.,Cleaning
Reading room is noisy in Second Floor.,Library
Software installation required in Lab 1.,CSE
Scholarship not received in Room 101.,Others
ID card not issued in Second Floor.,Others
Library internet not working in Room 204.,Library
Fee payment portal not working in Lab 1.,Others
Fan not working in hostel room in Second Floor.,Hostel
Plumbing problem in Room 101.,Maintenance
Printer not working in Admin Block.,CSE
Library AC not working in Block A.,Library
Staircase is dusty in Room 101.,Cleaning
Tube light not working in Lab 2.,Electrical
Broken classroom bench in Block A.,Maintenance
Room lock is broken in Room 204.,Hostel
Loose electrical wiring in Lab 1.,Electrical
ID card not issued in Second Floor.,Others
Power socket not working in Admin Block.,Electrical
Insufficient seating in library in Admin Block.,Library
Fee payment portal not working in Room 204.,Others
Printer not working in Second Floor.,CSE
Mouse is not responding in Room 204.,CSE
Microcontroller kit not working in Block A.,ECE
Website login problem in Room 204.,Others
Wall has cracks in Block A.,Maintenance
Function generator faulty in Block B.,ECE
Hostel WiFi not working in Lab 1.,Hostel
Signal generator issue in Admin Block.,ECE
Printer not working in Block A.,CSE
Staircase is dusty in Room 204.,Cleaning
Fan not working in hostel room in Admin Block.,Hostel
ID card not issued in Second Floor.,Others
Bad smell in corridor in First Floor.,Cleaning
Power socket not working in Second Floor.,Electrical
Keyboard not working in Room 101.,CSE
Drinking water cooler not working in Room 204.,Hostel
Garbage not collected in Block B.,Cleaning
Microcontroller kit not working in First Floor.,ECE
Library computer not working in Lab 1.,Library
Plumbing problem in Room 204.,Maintenance
Dustbins are overflowing in Room 101.,Cleaning
Floor needs mopping in Room 101.,Cleaning
Mouse is not responding in First Floor.,CSE
Library AC not working in Lab 2.,Library
Mess food quality is poor in Room 101.,Hostel
Mess food quality is poor in Block A.,Hostel
Printer not working in Room 101.,CSE
Campus area is dirty in Room 101.,Cleaning
Scholarship not received in Room 204.,Others
Function generator faulty in Room 101.,ECE
Fan not working in hostel room in First Floor.,Hostel
Drinking water cooler not working in Room 101.,Hostel
Arduino board not detected in Room 101.,ECE
Printer not working in Second Floor.,CSE
Library AC not working in Admin Block.,Library
Library computer not working in Lab 2.,Library
Fee payment portal not working in First Floor.,Others
Broken classroom bench in Lab 1.,Maintenance
Insufficient seating in library in Block B.,Library
Book return portal not working in Block A.,Library
Reading room is noisy in Lab 1.,Library
No water supply in hostel in Block B.,Hostel
Fan is not working in First Floor.,Electrical
Power socket not working in Lab 1.,Electrical
Window glass is broken in First Floor.,Maintenance
Breadboard is damaged in First Floor.,ECE
Bus pass issue in Lab 2.,Others
Light is flickering in Lab 1.,Electrical
Plumbing problem in Block B.,Maintenance
ID card not issued in Lab 1.,Others
Digital trainer board failed in Admin Block.,ECE
Roof seepage issue in First Floor.,Maintenance
System is running very slow in Block B.,CSE
Dustbins are overflowing in First Floor.,Cleaning
Plumbing problem in Room 101.,Maintenance
Room lock is broken in Block B.,Hostel
Drinking water cooler not working in Room 204.,Hostel
Microcontroller kit not working in Lab 2.,ECE
Water leaking from ceiling in Lab 1.,Maintenance
Fee payment portal not working in Admin Block.,Others
Tube light not working in Lab 1.,Electrical
Software installation required in Room 204.,CSE
Book issue system not working in First Floor.,Library
Tube light not working in Second Floor.,Electrical
Internet not working in lab in Block A.,CSE
Library AC not working in First Floor.,Library
No water supply in hostel in Room 204.,Hostel
Software installation required in Block A.,CSE
ID card not issued in Second Floor.,Others
Mess food quality is poor in Second Floor.,Hostel
Breadboard is damaged in Lab 2.,ECE
Breadboard is damaged in Second Floor.,ECE
Room lock is broken in Room 204.,Hostel
Hall ticket not generated in Block A.,Others
ID card not issued in First Floor.,Others
Mess food quality is poor in Room 101.,Hostel
Website login problem in Room 204.,Others
Fan not working in hostel room in Block B.,Hostel
Function generator faulty in First Floor.,ECE
Library computer not working in Lab 2.,Library
Function generator faulty in Block B.,ECE
Garbage not collected in Room 204.,Cleaning
Switch board is damaged in Room 101.,Electrical
Loose electrical wiring in Lab 2.,Electrical
Window glass is broken in Second Floor.,Maintenance
Microcontroller kit not working in Lab 1.,ECE
ID card not issued in Room 204.,Others
Bad smell in corridor in Room 101.,Cleaning
Library AC not working in Lab 2.,Library
Scholarship not received in Room 101.,Others
Function generator faulty in Lab 2.,ECE
Digital trainer board failed in Lab 2.,ECE
Light is flickering in Second Floor.,Electrical
Fan is not working in Room 204.,Electrical
Door lock is broken in Block B.,Maintenance
ID card not issued in Block A.,Others
Roof seepage issue in Block A.,Maintenance
Hostel room needs cleaning in Admin Block.,Hostel
Tube light not working in Second Floor.,Electrical
Switch board is damaged in First Floor.,Electrical
Room lock is broken in First Floor.,Hostel
Keyboard not working in Lab 2.,CSE
Generator backup failed in Second Floor.,Electrical
Oscilloscope not working in Block A.,ECE
Arduino board not detected in Lab 2.,ECE
Library internet not working in Block A.,Library
Bonafide certificate delayed in Block B.,Others
Printer not working in Lab 2.,CSE
Internet not working in lab in Room 204.,CSE
Generator backup failed in First Floor.,Electrical
Computer not starting in Lab 1.,CSE
Book return portal not working in Room 204.,Library
Library AC not working in Lab 1.,Library
Roof seepage issue in Lab 2.,Maintenance
Function generator faulty in Block A.,ECE
Library internet not working in First Floor.,Library
Campus area is dirty in Room 101.,Cleaning
Software installation required in Block B.,CSE
Floor needs mopping in Admin Block.,Cleaning
Breadboard is damaged in Room 101.,ECE
Water leaking from ceiling in Second Floor.,Maintenance
Software installation required in Admin Block.,CSE
Insufficient seating in library in Lab 1.,Library
Computer not starting in Lab 2.,CSE
Water leaking from ceiling in Room 101.,Maintenance
Printer not working in Lab 2.,CSE
Printer not working in Second Floor.,CSE
Window glass is broken in Block A.,Maintenance
Insufficient seating in library in Block A.,Library
Room lock is broken in First Floor.,Hostel
Software installation required in Block A.,CSE
Generator backup failed in Room 204.,Electrical
Software installation required in Lab 2.,CSE
Switch board is damaged in Room 204.,Electrical
Campus area is dirty in Block B.,Cleaning
Fan not working in hostel room in Block A.,Hostel
Power socket not working in Second Floor.,Electrical
Hall ticket not generated in Admin Block.,Others
Bathroom is dirty in Lab 1.,Hostel
Fan is not working in Second Floor.,Electrical
Software installation required in Second Floor.,CSE
Fee payment portal not working in Second Floor.,Others
Keyboard not working in Room 101.,CSE
Drinking water cooler not working in Lab 2.,Hostel
Power socket not working in First Floor.,Electrical
ID card not issued in Block B.,Others
Book issue system not working in Block A.,Library
Window glass is broken in Room 204.,Maintenance
Breadboard is damaged in Lab 1.,ECE
Hostel WiFi not working in Lab 1.,Hostel
Mouse is not responding in Room 204.,CSE
ID card not issued in Second Floor.,Others
Arduino board not detected in Room 101.,ECE
Power socket not working in Lab 1.,Electrical
Door lock is broken in First Floor.,Maintenance
Generator backup failed in Lab 1.,Electrical
Classroom is very dirty in Room 204.,Cleaning
Washroom needs cleaning in Room 204.,Cleaning
Hall ticket not generated in Lab 2.,Others
Website login problem in Room 204.,Others
Tap is leaking in Admin Block.,Maintenance
Mouse is not responding in Admin Block.,CSE
Loose electrical wiring in Second Floor.,Electrical
Power socket not working in Block B.,Electrical
Water leaking from ceiling in Room 204.,Maintenance
Digital trainer board failed in Block B.,ECE
Bus pass issue in Block A.,Others
Printer not working in Second Floor.,CSE
Loose electrical wiring in Second Floor.,Electrical
Scholarship not received in First Floor.,Others
Insufficient seating in library in Lab 1.,Library
Signal generator issue in Lab 2.,ECE
Power socket not working in Room 204.,Electrical
Room lock is broken in Block B.,Hostel
Power socket not working in Room 204.,Electrical
Hall ticket not generated in Lab 1.,Others
Oscilloscope not working in Lab 1.,ECE
Tap is leaking in Admin Block.,Maintenance
Monitor display is blank in Block B.,CSE
Room lock is broken in Admin Block.,Hostel
Signal generator issue in Lab 1.,ECE
Reading room is noisy in Lab 2.,Library
Book issue system not working in Block A.,Library
Computer not starting in First Floor.,CSE
Mouse is not responding in Lab 2.,CSE
Library computer not working in Lab 2.,Library
Insufficient seating in library in Admin Block.,Library
Broken classroom bench in Block B.,Maintenance
Hall ticket not generated in Room 204.,Others
Power outage in classroom in Block B.,Electrical
Oscilloscope not working in Room 204.,ECE
Printer not working in Lab 1.,CSE
Campus area is dirty in Lab 2.,Cleaning
Floor needs mopping in Room 101.,Cleaning
Loose electrical wiring in Room 204.,Electrical
Campus area is dirty in Block A.,Cleaning
Microcontroller kit not working in Second Floor.,ECE
Floor needs mopping in Lab 1.,Cleaning
Reading room is noisy in Lab 2.,Library
Loose electrical wiring in Room 101.,Electrical
Required book is unavailable in Room 204.,Library
Floor needs mopping in Second Floor.,Cleaning
Computer not starting in Block A.,CSE
Lab equipment is faulty in Block A.,ECE
Door lock is broken in Block B.,Maintenance
Roof seepage issue in First Floor.,Maintenance
Fan is not working in Second Floor.,Electrical
Keyboard not working in Admin Block.,CSE
Library AC not working in Admin Block.,Library
Lab equipment is faulty in Block B.,ECE
Tap is leaking in Room 101.,Maintenance
No water supply in hostel in Room 204.,Hostel
Bus pass issue in Room 204.,Others
Fan is not working in First Floor.,Electrical
Power outage in classroom in Block A.,Electrical
Plumbing problem in Block A.,Maintenance
Plumbing problem in First Floor.,Maintenance
Fan is not working in Second Floor.,Electrical
Window glass is broken in Room 101.,Maintenance
Hostel room needs cleaning in Lab 1.,Hostel
Hall ticket not generated in Admin Block.,Others
Bathroom is dirty in Room 101.,Hostel
Tap is leaking in Room 101.,Maintenance
Oscilloscope not working in First Floor.,ECE
Fee payment portal not working in Admin Block.,Others
Internet not working in lab in First Floor.,CSE
Bad smell in corridor in Admin Block.,Cleaning
Printer not working in Block B.,CSE
Bathroom is dirty in First Floor.,Hostel
Arduino board not detected in Second Floor.,ECE
Water leaking from ceiling in Second Floor.,Maintenance
Roof seepage issue in First Floor.,Maintenance
Keyboard not working in Admin Block.,CSE
Roof seepage issue in Lab 1.,Maintenance
Keyboard not working in Admin Block.,CSE
Required book is unavailable in Lab 2.,Library
Room lock is broken in First Floor.,Hostel
ID card not issued in Admin Block.,Others
Mouse is not responding in Admin Block.,CSE
Book return portal not working in Lab 2.,Library
Drinking water cooler not working in Block A.,Hostel
General enquiry not resolved in First Floor.,Others
Window glass is broken in Second Floor.,Maintenance
Switch board is damaged in Block B.,Electrical
Hall ticket not generated in First Floor.,Others
Hostel room needs cleaning in Room 101.,Hostel
Library AC not working in Lab 2.,Library
Software installation required in Room 101.,CSE
Roof seepage issue in Block A.,Maintenance
Tube light not working in First Floor.,Electrical
Door lock is broken in Room 204.,Maintenance
Computer not starting in Lab 1.,CSE
Dustbins are overflowing in Lab 2.,Cleaning
Bathroom is dirty in Block B.,Hostel
Fan not working in hostel room in Block B.,Hostel
Bonafide certificate delayed in Lab 1.,Others
Tube light not working in Block B.,Electrical
Staircase is dusty in Block B.,Cleaning
Fan not working in hostel room in Lab 1.,Hostel
Water leaking from ceiling in Block A.,Maintenance
Loose electrical wiring in Lab 2.,Electrical
Bad smell in corridor in Block B.,Cleaning
Scholarship not received in Admin Block.,Others
Book issue system not working in Lab 2.,Library
Bonafide certificate delayed in Admin Block.,Others
Power socket not working in Room 101.,Electrical
Fan not working in hostel room in Block B.,Hostel
Signal generator issue in Lab 1.,ECE
Plumbing problem in Room 204.,Maintenance
Bonafide certificate delayed in Lab 2.,Others
Water leaking from ceiling in Lab 2.,Maintenance
Mess food quality is poor in Lab 1.,Hostel
Generator backup failed in Second Floor.,Electrical
Bus pass issue in First Floor.,Others
Internet not working in lab in Lab 1.,CSE
Room lock is broken in Admin Block.,Hostel
Digital trainer board failed in Lab 1.,ECE
Floor needs mopping in Lab 2.,Cleaning
Switch board is damaged in First Floor.,Electrical
Hostel WiFi not working in Lab 2.,Hostel
Breadboard is damaged in Block B.,ECE
Function generator faulty in Room 204.,ECE
Wall has cracks in Lab 1.,Maintenance
Generator backup failed in Block B.,Electrical
Microcontroller kit not working in Second Floor.,ECE
Monitor display is blank in Room 204.,CSE
Insufficient seating in library in Second Floor.,Library
Breadboard is damaged in Lab 2.,ECE
Arduino board not detected in Lab 2.,ECE
Tap is leaking in Lab 1.,Maintenance
Bathroom is dirty in Lab 1.,Hostel
Lab equipment is faulty in Lab 2.,ECE
Hostel room needs cleaning in Lab 1.,Hostel
Fee payment portal not working in Room 204.,Others
Microcontroller kit not working in Block B.,ECE
Staircase is dusty in Admin Block.,Cleaning
Loose electrical wiring in Block A.,Electrical
Hostel room needs cleaning in Block A.,Hostel
Website login problem in Lab 2.,Others
Water leaking from ceiling in Block A.,Maintenance
Window glass is broken in Block B.,Maintenance
Reading room is noisy in Lab 2.,Library
Light is flickering in Block B.,Electrical
Lab equipment is faulty in Lab 1.,ECE
Reading room is noisy in Lab 2.,Library
Book issue system not working in Second Floor.,Library
Breadboard is damaged in Lab 1.,ECE
Reading room is noisy in First Floor.,Library
Arduino board not detected in Lab 2.,ECE
Book return portal not working in Admin Block.,Library
Computer not starting in Room 204.,CSE
Digital trainer board failed in Lab 2.,ECE
Function generator faulty in Room 101.,ECE
Dustbins are overflowing in Admin Block.,Cleaning
Tube light not working in Room 101.,Electrical
Lab equipment is faulty in Admin Block.,ECE
Wall has cracks in Block A.,Maintenance
Keyboard not working in Room 101.,CSE
Bus pass issue in Block A.,Others
Tube light not working in Room 101.,Electrical
Power socket not working in Lab 2.,Electrical
Fan is not working in Admin Block.,Electrical
Hostel WiFi not working in Room 101.,Hostel
Garbage not collected in Block A.,Cleaning
Hostel room needs cleaning in Second Floor.,Hostel
Garbage not collected in Room 204.,Cleaning
Tube light not working in Room 204.,Electrical
Drinking water cooler not working in Admin Block.,Hostel
Room lock is broken in Admin Block.,Hostel
Drinking water cooler not working in Block A.,Hostel
Switch board is damaged in Lab 1.,Electrical
Fee payment portal not working in Lab 1.,Others
Power outage in classroom in Room 204.,Electrical
Fan not working in hostel room in Block A.,Hostel
Tap is leaking in Room 204.,Maintenance
Website login problem in Admin Block.,Others
Insufficient seating in library in Room 101.,Library
Website login problem in Second Floor.,Others
Bathroom is dirty in Room 204.,Hostel
Scholarship not received in Lab 1.,Others
Plumbing problem in Lab 1.,Maintenance
Fan is not working in First Floor.,Electrical
Insufficient seating in library in Block A.,Library
Book issue system not working in First Floor.,Library
Drinking water cooler not working in Room 204.,Hostel
Room lock is broken in Lab 2.,Hostel
Printer not working in Lab 2.,CSE
Hostel WiFi not working in Second Floor.,Hostel
Printer not working in Room 204.,CSE
Washroom needs cleaning in Lab 1.,Cleaning
Tap is leaking in Block A.,Maintenance
Library AC not working in Lab 1.,Library
Floor needs mopping in Block B.,Cleaning
Classroom is very dirty in Admin Block.,Cleaning
Microcontroller kit not working in Second Floor.,ECE
ID card not issued in Block A.,Others
Generator backup failed in Room 204.,Electrical
Scholarship not received in First Floor.,Others
Roof seepage issue in Lab 1.,Maintenance
Drinking water cooler not working in Lab 2.,Hostel
Staircase is dusty in Block B.,Cleaning
Library AC not working in Block B.,Library
Staircase is dusty in Lab 2.,Cleaning
Book return portal not working in Room 101.,Library
Classroom is very dirty in Lab 1.,Cleaning
Website login problem in Room 204.,Others
Generator backup failed in Lab 1.,Electrical
Roof seepage issue in First Floor.,Maintenance
Website login problem in Second Floor.,Others
Floor needs mopping in First Floor.,Cleaning
Water leaking from ceiling in Room 101.,Maintenance
Wall has cracks in Second Floor.,Maintenance
Reading room is noisy in First Floor.,Library
Roof seepage issue in Second Floor.,Maintenance
Book return portal not working in Block B.,Library
Hostel WiFi not working in Room 204.,Hostel
Tube light not working in Lab 1.,Electrical
Breadboard is damaged in Room 101.,ECE
Fan not working in hostel room in Lab 2.,Hostel
Arduino board not detected in Second Floor.,ECE
Door lock is broken in Lab 2.,Maintenance
Oscilloscope not working in Block A.,ECE
Tap is leaking in Lab 1.,Maintenance
Printer not working in Block A.,CSE
Light is flickering in Lab 2.,Electrical
Campus area is dirty in Second Floor.,Cleaning
Tap is leaking in Block B.,Maintenance
Bad smell in corridor in Room 101.,Cleaning
Power socket not working in Second Floor.,Electrical
Light is flickering in Lab 2.,Electrical
Software installation required in Lab 2.,CSE
Reading room is noisy in Room 204.,Library
Required book is unavailable in Block A.,Library
Printer not working in First Floor.,CSE
Light is flickering in Lab 2.,Electrical
Bonafide certificate delayed in Lab 1.,Others
Website login problem in Room 204.,Others
Wall has cracks in Admin Block.,Maintenance
Mess food quality is poor in Lab 2.,Hostel
No water supply in hostel in Block A.,Hostel
Digital trainer board failed in Block B.,ECE
Staircase is dusty in Second Floor.,Cleaning
Bonafide certificate delayed in Lab 1.,Others
Mouse is not responding in Room 204.,CSE
Microcontroller kit not working in Block A.,ECE
Oscilloscope not working in Room 204.,ECE
Floor needs mopping in Block B.,Cleaning
Lab equipment is faulty in Second Floor.,ECE
Digital trainer board failed in Block A.,ECE
Power socket not working in Room 204.,Electrical
Internet not working in lab in Lab 1.,CSE
Library AC not working in Room 101.,Library
Software installation required in Block A.,CSE
Reading room is noisy in Block B.,Library
Light is flickering in Lab 2.,Electrical
Loose electrical wiring in Block A.,Electrical
Software installation required in Block A.,CSE
Signal generator issue in Room 101.,ECE
Book issue system not working in Block B.,Library
Mess food quality is poor in Block A.,Hostel
Breadboard is damaged in Second Floor.,ECE
Digital trainer board failed in Second Floor.,ECE
Keyboard not working in Block B.,CSE
Book issue system not working in Lab 1.,Library
Internet not working in lab in Block A.,CSE
Mouse is not responding in Lab 2.,CSE
Water leaking from ceiling in Lab 2.,Maintenance
Fee payment portal not working in Room 204.,Others
Wall has cracks in Block B.,Maintenance
Scholarship not received in Second Floor.,Others
Light is flickering in Lab 2.,Electrical
Washroom needs cleaning in First Floor.,Cleaning
Scholarship not received in Room 101.,Others
Loose electrical wiring in Admin Block.,Electrical
Function generator faulty in Admin Block.,ECE
Reading room is noisy in First Floor.,Library
Bathroom is dirty in Second Floor.,Hostel
Roof seepage issue in Block A.,Maintenance
Hostel WiFi not working in Admin Block.,Hostel
Drinking water cooler not working in Room 204.,Hostel
Floor needs mopping in Room 101.,Cleaning
Fan not working in hostel room in First Floor.,Hostel
Keyboard not working in Lab 2.,CSE
Mess food quality is poor in Room 204.,Hostel
Broken classroom bench in Block A.,Maintenance
Tap is leaking in Lab 2.,Maintenance
Hostel WiFi not working in Lab 1.,Hostel
Fan is not working in Second Floor.,Electrical
Printer not working in Admin Block.,CSE
Hall ticket not generated in Admin Block.,Others
Oscilloscope not working in Lab 2.,ECE
Library AC not working in First Floor.,Library
Library AC not working in First Floor.,Library
Website login problem in Room 101.,Others
Fan not working in hostel room in Block A.,Hostel
Plumbing problem in Lab 1.,Maintenance
Reading room is noisy in Lab 1.,Library
Printer not working in Second Floor.,CSE
Reading room is noisy in Lab 1.,Library
Insufficient seating in library in Block A.,Library
Mouse is not responding in Block B.,CSE
Drinking water cooler not working in Second Floor.,Hostel
Tap is leaking in Room 204.,Maintenance
Monitor display is blank in Lab 2.,CSE
Scholarship not received in Block B.,Others
Library computer not working in Lab 2.,Library
No water supply in hostel in Block A.,Hostel
Bathroom is dirty in Room 101.,Hostel
Classroom is very dirty in Second Floor.,Cleaning
Generator backup failed in Block B.,Electrical
Library AC not working in Lab 1.,Library
Switch board is damaged in Block A.,Electrical
Hall ticket not generated in Admin Block.,Others
Bathroom is dirty in Second Floor.,Hostel
Water leaking from ceiling in Room 101.,Maintenance
Light is flickering in Block B.,Electrical
Bonafide certificate delayed in Block A.,Others
Fan not working in hostel room in Block A.,Hostel
Monitor display is blank in Room 101.,CSE
Floor needs mopping in First Floor.,Cleaning
Bonafide certificate delayed in Admin Block.,Others
Fan not working in hostel room in Block B.,Hostel
Library internet not working in Admin Block.,Library
Room lock is broken in First Floor.,Hostel
Monitor display is blank in First Floor.,CSE
Digital trainer board failed in Block A.,ECE
Garbage not collected in Block A.,Cleaning
Light is flickering in Lab 2.,Electrical
ID card not issued in Lab 2.,Others
Staircase is dusty in Admin Block.,Cleaning
Signal generator issue in Block A.,ECE
Hall ticket not generated in First Floor.,Others
Mess food quality is poor in Room 101.,Hostel
Dustbins are overflowing in Lab 1.,Cleaning
Window glass is broken in Second Floor.,Maintenance
Website login problem in Second Floor.,Others
Dustbins are overflowing in Block A.,Cleaning
Printer not working in Room 101.,CSE
Campus area is dirty in Lab 1.,Cleaning
Book return portal not working in Lab 1.,Library
Signal generator issue in Room 101.,ECE
Printer not working in Lab 1.,CSE
Function generator faulty in Room 204.,ECE
Book return portal not working in Room 101.,Library
Garbage not collected in Room 204.,Cleaning
Bus pass issue in Lab 2.,Others
Floor needs mopping in Lab 1.,Cleaning
Power socket not working in Lab 2.,Electrical
Bathroom is dirty in Room 204.,Hostel
Hall ticket not generated in Admin Block.,Others
Washroom needs cleaning in Admin Block.,Cleaning
Power socket not working in Second Floor.,Electrical
Washroom needs cleaning in Block A.,Cleaning
Signal generator issue in Lab 1.,ECE
Software installation required in Admin Block.,CSE
Bus pass issue in First Floor.,Others
Switch board is damaged in Lab 1.,Electrical
Switch board is damaged in Second Floor.,Electrical
Light is flickering in Block B.,Electrical
Monitor display is blank in Room 204.,CSE
Mouse is not responding in Block B.,CSE
Fan is not working in Block B.,Electrical
Library internet not working in Second Floor.,Library
Insufficient seating in library in Block A.,Library
Wall has cracks in Admin Block.,Maintenance
Insufficient seating in library in Lab 1.,Library
Library computer not working in Admin Block.,Library
Generator backup failed in Block B.,Electrical
Bad smell in corridor in Admin Block.,Cleaning
No water supply in hostel in Room 204.,Hostel
Window glass is broken in Room 101.,Maintenance
Light is flickering in Second Floor.,Electrical
Hostel WiFi not working in Block B.,Hostel
Fan not working in hostel room in Lab 2.,Hostel
Printer not working in Second Floor.,CSE
Classroom is very dirty in First Floor.,Cleaning
Bad smell in corridor in Room 101.,Cleaning
Classroom is very dirty in Lab 1.,Cleaning
Keyboard not working in Lab 1.,CSE
Tap is leaking in Lab 1.,Maintenance
Digital trainer board failed in Second Floor.,ECE
Signal generator issue in Block A.,ECE
Washroom needs cleaning in Block A.,Cleaning
Drinking water cooler not working in Room 204.,Hostel
Microcontroller kit not working in Block A.,ECE
Software installation required in Block A.,CSE
Arduino board not detected in Block A.,ECE
Wall has cracks in Admin Block.,Maintenance
Power socket not working in Lab 2.,Electrical
Library computer not working in Block A.,Library
Hostel room needs cleaning in Lab 1.,Hostel
Library AC not working in Block A.,Library
Garbage not collected in First Floor.,Cleaning
Bathroom is dirty in Room 101.,Hostel
Digital trainer board failed in Room 101.,ECE
Roof seepage issue in First Floor.,Maintenance
Loose electrical wiring in Room 101.,Electrical
System is running very slow in Admin Block.,CSE
Roof seepage issue in Admin Block.,Maintenance
Lab equipment is faulty in Room 204.,ECE
No water supply in hostel in Block B.,Hostel
Internet not working in lab in Block A.,CSE
Floor needs mopping in Lab 1.,Cleaning
Drinking water cooler not working in Admin Block.,Hostel
Website login problem in Lab 2.,Others
Floor needs mopping in Second Floor.,Cleaning
Internet not working in lab in Room 204.,CSE
Lab equipment is faulty in Block A.,ECE
Hostel WiFi not working in Block B.,Hostel
Library AC not working in Lab 2.,Library
Oscilloscope not working in First Floor.,ECE
Book return portal not working in Lab 1.,Library
Broken classroom bench in Block A.,Maintenance
Function generator faulty in Block A.,ECE
Library computer not working in Room 204.,Library
Mess food quality is poor in Second Floor.,Hostel
Generator backup failed in First Floor.,Electrical
General enquiry not resolved in Block A.,Others
Library computer not working in Second Floor.,Library
Hostel room needs cleaning in Room 101.,Hostel
Book issue system not working in Block A.,Library
Book return portal not working in Lab 2.,Library
Insufficient seating in library in Block B.,Library
ID card not issued in First Floor.,Others
Water leaking from ceiling in Second Floor.,Maintenance
Computer not starting in Room 204.,CSE
Water leaking from ceiling in Second Floor.,Maintenance
Monitor display is blank in Lab 2.,CSE
Digital trainer board failed in Second Floor.,ECE
Power socket not working in Block A.,Electrical
System is running very slow in Block B.,CSE
Monitor display is blank in Lab 2.,CSE
Library computer not working in Block B.,Library
Staircase is dusty in Admin Block.,Cleaning
Dustbins are overflowing in Block B.,Cleaning
Software installation required in Lab 2.,CSE
Water leaking from ceiling in Lab 2.,Maintenance
Fan not working in hostel room in Second Floor.,Hostel
Mouse is not responding in Second Floor.,CSE
Fan is not working in Block B.,Electrical
Switch board is damaged in Block A.,Electrical
Loose electrical wiring in Lab 2.,Electrical
Microcontroller kit not working in Block B.,ECE
Bad smell in corridor in Lab 1.,Cleaning
Function generator faulty in Lab 1.,ECE
Book issue system not working in Block A.,Library
Generator backup failed in Block B.,Electrical
Microcontroller kit not working in First Floor.,ECE
Broken classroom bench in First Floor.,Maintenance
Room lock is broken in Lab 1.,Hostel
Book issue system not working in Block A.,Library
Bad smell in corridor in Block A.,Cleaning
Door lock is broken in Block B.,Maintenance
Switch board is damaged in Second Floor.,Electrical
Fan not working in hostel room in Second Floor.,Hostel
Microcontroller kit not working in Block A.,ECE
Software installation required in Admin Block.,CSE
Library AC not working in Block A.,Library
Website login problem in Lab 1.,Others
Bonafide certificate delayed in Room 204.,Others
Hall ticket not generated in Block A.,Others
Computer not starting in Block B.,CSE
Power socket not working in Lab 1.,Electrical
Required book is unavailable in First Floor.,Library
Campus area is dirty in Room 204.,Cleaning
Campus area is dirty in First Floor.,Cleaning
Lab equipment is faulty in Admin Block.,ECE
Printer not working in Admin Block.,CSE
Fee payment portal not working in Room 204.,Others
Fan not working in hostel room in Room 101.,Hostel
Library AC not working in Block A.,Library
Hostel room needs cleaning in Room 204.,Hostel
Generator backup failed in First Floor.,Electrical
Library computer not working in Room 101.,Library
Book issue system not working in Admin Block.,Library
Software installation required in Block B.,CSE
Fan not working in hostel room in Lab 2.,Hostel
Signal generator issue in Second Floor.,ECE
General enquiry not resolved in First Floor.,Others
Garbage not collected in Lab 2.,Cleaning
Keyboard not working in Block B.,CSE
Wall has cracks in Block A.,Maintenance
Room lock is broken in Block A.,Hostel
Hall ticket not generated in Room 204.,Others
Door lock is broken in Room 101.,Maintenance
Library internet not working in Lab 1.,Library
Switch board is damaged in Block A.,Electrical
Drinking water cooler not working in Second Floor.,Hostel
Function generator faulty in Block A.,ECE
Plumbing problem in Block A.,Maintenance
Breadboard is damaged in Block B.,ECE
Garbage not collected in Second Floor.,Cleaning
Drinking water cooler not working in First Floor.,Hostel
Arduino board not detected in Room 204.,ECE
Classroom is very dirty in Admin Block.,Cleaning
Scholarship not received in Block A.,Others
Wall has cracks in Admin Block.,Maintenance
Tap is leaking in Lab 1.,Maintenance
Staircase is dusty in Room 101.,Cleaning
Door lock is broken in Admin Block.,Maintenance
Monitor display is blank in First Floor.,CSE
Bonafide certificate delayed in Lab 1.,Others
Broken classroom bench in Second Floor.,Maintenance
Keyboard not working in Block A.,CSE
Roof seepage issue in Lab 2.,Maintenance
Floor needs mopping in Second Floor.,Cleaning
Roof seepage issue in Block B.,Maintenance
Tube light not working in Admin Block.,Electrical
Reading room is noisy in Lab 1.,Library
Bad smell in corridor in Admin Block.,Cleaning
Classroom is very dirty in Block B.,Cleaning
Bonafide certificate delayed in Room 101.,Others
Oscilloscope not working in Room 101.,ECE
Library computer not working in Second Floor.,Library
Hostel WiFi not working in Admin Block.,Hostel
Mouse is not responding in Lab 1.,CSE
Switch board is damaged in Admin Block.,Electrical
Plumbing problem in Room 101.,Maintenance
Scholarship not received in Room 101.,Others
Generator backup failed in First Floor.,Electrical
Classroom is very dirty in Room 101.,Cleaning
Signal generator issue in Second Floor.,ECE
Hall ticket not generated in Admin Block.,Others
Floor needs mopping in Room 101.,Cleaning
Broken classroom bench in Block B.,Maintenance
Washroom needs cleaning in Second Floor.,Cleaning
Lab equipment is faulty in Admin Block.,ECE
Printer not working in Admin Block.,CSE
Broken classroom bench in First Floor.,Maintenance
Drinking water cooler not working in Admin Block.,Hostel
Garbage not collected in Room 204.,Cleaning
Mouse is not responding in Second Floor.,CSE
Dustbins are overflowing in Second Floor.,Cleaning
Water leaking from ceiling in Second Floor.,Maintenance
Breadboard is damaged in Room 204.,ECE
Door lock is broken in Room 101.,Maintenance
Bad smell in corridor in Block B.,Cleaning
Water leaking from ceiling in Room 101.,Maintenance
Lab equipment is faulty in Room 101.,ECE
Washroom needs cleaning in Lab 1.,Cleaning
Bad smell in corridor in Lab 1.,Cleaning
Oscilloscope not working in Room 101.,ECE
Window glass is broken in Second Floor.,Maintenance
Mouse is not responding in Lab 2.,CSE
Keyboard not working in First Floor.,CSE
Fan is not working in Second Floor.,Electrical
Broken classroom bench in Lab 2.,Maintenance
Mess food quality is poor in Admin Block.,Hostel
Tube light not working in Room 204.,Electrical
Hall ticket not generated in Block B.,Others
Power socket not working in Lab 1.,Electrical
Campus area is dirty in Second Floor.,Cleaning
Bad smell in corridor in First Floor.,Cleaning
General enquiry not resolved in Block B.,Others
Water leaking from ceiling in Block B.,Maintenance
Drinking water cooler not working in Lab 1.,Hostel
Fee payment portal not working in Admin Block.,Others
Generator backup failed in First Floor.,Electrical
Printer not working in Admin Block.,CSE
Oscilloscope not working in Admin Block.,ECE
Power socket not working in Second Floor.,Electrical
Website login problem in Lab 2.,Others
Bus pass issue in Lab 2.,Others
Bathroom is dirty in Block B.,Hostel
Washroom needs cleaning in Room 204.,Cleaning
Garbage not collected in Lab 2.,Cleaning
Hall ticket not generated in Room 101.,Others
Broken classroom bench in Room 101.,Maintenance
Power socket not working in First Floor.,Electrical
Software installation required in Block B.,CSE
ID card not issued in Room 204.,Others
Fan is not working in Lab 1.,Electrical
No water supply in hostel in First Floor.,Hostel
Keyboard not working in Second Floor.,CSE
Scholarship not received in Room 204.,Others
Book issue system not working in Admin Block.,Library
Bathroom is dirty in Lab 1.,Hostel
Water leaking from ceiling in Block B.,Maintenance
Floor needs mopping in Room 101.,Cleaning
Bonafide certificate delayed in Room 204.,Others
Required book is unavailable in Lab 1.,Library
Insufficient seating in library in Room 204.,Library
Monitor display is blank in Block A.,CSE
Switch board is damaged in Room 101.,Electrical
Insufficient seating in library in Block B.,Library
Breadboard is damaged in Room 204.,ECE
Bathroom is dirty in Lab 1.,Hostel
Plumbing problem in Room 101.,Maintenance
Monitor display is blank in Room 101.,CSE
Tube light not working in Second Floor.,Electrical
Function generator faulty in Room 204.,ECE
Washroom needs cleaning in Room 101.,Cleaning
Tap is leaking in Lab 1.,Maintenance
General enquiry not resolved in Second Floor.,Others
Broken classroom bench in Block A.,Maintenance
Microcontroller kit not working in Admin Block.,ECE
Book return portal not working in Second Floor.,Library
Power outage in classroom in Lab 2.,Electrical
Dustbins are overflowing in Block B.,Cleaning
Library internet not working in First Floor.,Library
Library computer not working in Room 101.,Library
Required book is unavailable in Lab 1.,Library
ID card not issued in Admin Block.,Others
Monitor display is blank in Lab 1.,CSE
Digital trainer board failed in Lab 1.,ECE
Roof seepage issue in Lab 2.,Maintenance
Reading room is noisy in Lab 2.,Library
Window glass is broken in Room 101.,Maintenance
Bad smell in corridor in Lab 2.,Cleaning
Book return portal not working in Second Floor.,Library
Library computer not working in Lab 2.,Library
Monitor display is blank in Lab 1.,CSE
Insufficient seating in library in First Floor.,Library
Keyboard not working in Block B.,CSE
Broken classroom bench in Lab 2.,Maintenance
Door lock is broken in Room 101.,Maintenance
Plumbing problem in Lab 1.,Maintenance
Fan not working in hostel room in Lab 1.,Hostel
Bus pass issue in First Floor.,Others
Classroom is very dirty in Admin Block.,Cleaning
Door lock is broken in Block B.,Maintenance
Broken classroom bench in Second Floor.,Maintenance
Arduino board not detected in Block A.,ECE
Door lock is broken in Lab 2.,Maintenance
Internet not working in lab in Block B.,CSE
Window glass is broken in Room 204.,Maintenance
Bonafide certificate delayed in Room 101.,Others
Floor needs mopping in Admin Block.,Cleaning
System is running very slow in Lab 1.,CSE
Library AC not working in Admin Block.,Library
Required book is unavailable in Block A.,Library
Library internet not working in Lab 2.,Library
Book issue system not working in First Floor.,Library
General enquiry not resolved in Room 204.,Others
Broken classroom bench in Block B.,Maintenance
Switch board is damaged in Room 204.,Electrical
Drinking water cooler not working in Admin Block.,Hostel
Floor needs mopping in Block B.,Cleaning
Plumbing problem in Lab 2.,Maintenance
Drinking water cooler not working in Lab 1.,Hostel
Library AC not working in Room 204.,Library
Oscilloscope not working in Room 204.,ECE
Window glass is broken in First Floor.,Maintenance
Fan not working in hostel room in Lab 2.,Hostel
Lab equipment is faulty in Room 101.,ECE
Digital trainer board failed in Lab 2.,ECE
Campus area is dirty in Lab 2.,Cleaning
Required book is unavailable in Lab 2.,Library
Required book is unavailable in Admin Block.,Library
Mouse is not responding in Second Floor.,CSE
Water leaking from ceiling in Lab 1.,Maintenance
Roof seepage issue in Block B.,Maintenance
Generator backup failed in Block A.,Electrical
Loose electrical wiring in First Floor.,Electrical
Water leaking from ceiling in Lab 2.,Maintenance
Arduino board not detected in Lab 2.,ECE
System is running very slow in Room 204.,CSE
Bus pass issue in First Floor.,Others
Switch board is damaged in Admin Block.,Electrical
Dustbins are overflowing in Room 101.,Cleaning
Water leaking from ceiling in Room 101.,Maintenance
Book return portal not working in Block B.,Library
Lab equipment is faulty in Second Floor.,ECE
Bathroom is dirty in Block B.,Hostel
Roof seepage issue in Block A.,Maintenance
Bad smell in corridor in Room 101.,Cleaning
Light is flickering in Room 101.,Electrical
Fan is not working in Second Floor.,Electrical
Plumbing problem in Block A.,Maintenance
Bathroom is dirty in Block A.,Hostel
Bus pass issue in Room 101.,Others
Staircase is dusty in Room 204.,Cleaning
Breadboard is damaged in Block A.,ECE
Wall has cracks in Block B.,Maintenance
Loose electrical wiring in Block A.,Electrical
Door lock is broken in Room 204.,Maintenance
Classroom is very dirty in Admin Block.,Cleaning
Required book is unavailable in Second Floor.,Library
Keyboard not working in Room 204.,CSE
Bad smell in corridor in Block B.,Cleaning
Fan is not working in Room 204.,Electrical
Bad smell in corridor in Admin Block.,Cleaning
Power socket not working in Second Floor.,Electrical
Printer not working in Room 204.,CSE
Power outage in classroom in Second Floor.,Electrical
Bathroom is dirty in Room 101.,Hostel
Book return portal not working in Room 101.,Library
Arduino board not detected in Admin Block.,ECE
Breadboard is damaged in Second Floor.,ECE
Garbage not collected in Room 204.,Cleaning
Book return portal not working in Room 204.,Library
Bonafide certificate delayed in Second Floor.,Others
Keyboard not working in Room 204.,CSE
Breadboard is damaged in Second Floor.,ECE
Digital trainer board failed in Room 101.,ECE
Tap is leaking in Room 101.,Maintenance
Water leaking from ceiling in First Floor.,Maintenance
Garbage not collected in Admin Block.,Cleaning
Library AC not working in Lab 1.,Library
Classroom is very dirty in Second Floor.,Cleaning
ID card not issued in Block A.,Others
No water supply in hostel in Lab 1.,Hostel
Light is flickering in Room 101.,Electrical
Required book is unavailable in Block B.,Library
Computer not starting in Admin Block.,CSE
Arduino board not detected in Block B.,ECE
Generator backup failed in Room 204.,Electrical
Keyboard not working in Block B.,CSE
Room lock is broken in Admin Block.,Hostel
Tap is leaking in First Floor.,Maintenance
Light is flickering in Lab 2.,Electrical
Staircase is dusty in Room 101.,Cleaning
Garbage not collected in Block A.,Cleaning
Hostel WiFi not working in Admin Block.,Hostel
Arduino board not detected in First Floor.,ECE
Tap is leaking in Admin Block.,Maintenance
Staircase is dusty in Admin Block.,Cleaning
Required book is unavailable in First Floor.,Library
Book issue system not working in Admin Block.,Library
Tube light not working in Lab 2.,Electrical
Light is flickering in First Floor.,Electrical
Digital trainer board failed in Second Floor.,ECE
No water supply in hostel in First Floor.,Hostel
Arduino board not detected in Room 204.,ECE
Scholarship not received in Block B.,Others
Insufficient seating in library in First Floor.,Library
Bathroom is dirty in Room 101.,Hostel
Digital trainer board failed in Admin Block.,ECE
Fan is not working in Admin Block.,Electrical
Broken classroom bench in First Floor.,Maintenance
No water supply in hostel in Lab 1.,Hostel
Generator backup failed in Second Floor.,Electrical
Reading room is noisy in Room 204.,Library
Required book is unavailable in Lab 2.,Library
Function generator faulty in Room 204.,ECE
Bus pass issue in Block B.,Others
Water leaking from ceiling in Block A.,Maintenance
Arduino board not detected in Block B.,ECE
Scholarship not received in Lab 2.,Others
Wall has cracks in Block B.,Maintenance
Generator backup failed in Admin Block.,Electrical
Scholarship not received in Room 101.,Others
Monitor display is blank in Second Floor.,CSE
Book issue system not working in Room 204.,Library
Hostel WiFi not working in Lab 1.,Hostel
Wall has cracks in Lab 2.,Maintenance
Washroom needs cleaning in Block A.,Cleaning
Water leaking from ceiling in Room 101.,Maintenance
Fee payment portal not working in Admin Block.,Others
Scholarship not received in Lab 1.,Others
Library AC not working in Second Floor.,Library
Switch board is damaged in Block A.,Electrical
Required book is unavailable in Room 204.,Library
Door lock is broken in Lab 2.,Maintenance
Signal generator issue in First Floor.,ECE
Roof seepage issue in Block A.,Maintenance
Floor needs mopping in Block A.,Cleaning
Hall ticket not generated in Second Floor.,Others
Mess food quality is poor in Block A.,Hostel
Required book is unavailable in Room 204.,Library
Arduino board not detected in Lab 1.,ECE
Book return portal not working in First Floor.,Library
Software installation required in Admin Block.,CSE
Reading room is noisy in Room 204.,Library
Oscilloscope not working in First Floor.,ECE
Computer not starting in Lab 2.,CSE
Bonafide certificate delayed in Lab 2.,Others
Website login problem in Block A.,Others
Floor needs mopping in Lab 1.,Cleaning
Power outage in classroom in Lab 1.,Electrical
Campus area is dirty in Lab 1.,Cleaning
Bad smell in corridor in Admin Block.,Cleaning
Garbage not collected in Lab 2.,Cleaning
Switch board is damaged in Lab 1.,Electrical
Room lock is broken in Room 204.,Hostel
Printer not working in Room 101.,CSE
Roof seepage issue in Block A.,Maintenance
Room lock is broken in Admin Block.,Hostel
Fan not working in hostel room in Lab 1.,Hostel
Monitor display is blank in Room 204.,CSE
Bathroom is dirty in Block B.,Hostel
Washroom needs cleaning in Admin Block.,Cleaning
Computer not starting in Block A.,CSE
Printer not working in Lab 1.,CSE
Microcontroller kit not working in Admin Block.,ECE
Internet not working in lab in Lab 2.,CSE
Classroom is very dirty in Room 204.,Cleaning
Digital trainer board failed in First Floor.,ECE
Microcontroller kit not working in Room 204.,ECE
Book return portal not working in Block A.,Library
Classroom is very dirty in Second Floor.,Cleaning
Microcontroller kit not working in Block B.,ECE
Broken classroom bench in Room 101.,Maintenance
Function generator faulty in Admin Block.,ECE
Mess food quality is poor in Lab 1.,Hostel
Classroom is very dirty in Lab 2.,Cleaning
Reading room is noisy in Second Floor.,Library
Library internet not working in Block A.,Library
Website login problem in Lab 1.,Others
Bonafide certificate delayed in First Floor.,Others
Staircase is dusty in Block B.,Cleaning
General enquiry not resolved in Block A.,Others
Staircase is dusty in First Floor.,Cleaning
Software installation required in Room 204.,CSE
Microcontroller kit not working in Lab 2.,ECE
Library computer not working in Room 204.,Library
Power socket not working in Admin Block.,Electrical
Book return portal not working in Block A.,Library
Library AC not working in Room 204.,Library
Staircase is dusty in Second Floor.,Cleaning
ID card not issued in Block B.,Others
Tap is leaking in Block B.,Maintenance
Light is flickering in First Floor.,Electrical
Oscilloscope not working in Room 204.,ECE
Signal generator issue in First Floor.,ECE
Signal generator issue in Block A.,ECE
Fan not working in hostel room in Block A.,Hostel
Keyboard not working in Second Floor.,CSE
Roof seepage issue in Room 204.,Maintenance
Door lock is broken in Lab 1.,Maintenance
Monitor display is blank in Admin Block.,CSE
ID card not issued in Room 204.,Others
Monitor display is blank in Admin Block.,CSE
Door lock is broken in Admin Block.,Maintenance
Plumbing problem in First Floor.,Maintenance
Loose electrical wiring in Room 101.,Electrical
Power outage in classroom in Lab 1.,Electrical
Room lock is broken in Second Floor.,Hostel
Mess food quality is poor in Block B.,Hostel
Fee payment portal not working in Second Floor.,Others
Hostel WiFi not working in First Floor.,Hostel
Power outage in classroom in Admin Block.,Electrical
Function generator faulty in Block A.,ECE
Insufficient seating in library in Admin Block.,Library
Plumbing problem in Lab 2.,Maintenance
General enquiry not resolved in Block A.,Others
Bonafide certificate delayed in Block A.,Others
Fee payment portal not working in Block B.,Others
Plumbing problem in Block A.,Maintenance
Library AC not working in Block A.,Library
Book issue system not working in Second Floor.,Library
Reading room is noisy in Block A.,Library
Water leaking from ceiling in Second Floor.,Maintenance
Loose electrical wiring in Room 204.,Electrical
Keyboard not working in Second Floor.,CSE
Required book is unavailable in Lab 1.,Library
Printer not working in Lab 1.,CSE
Washroom needs cleaning in Lab 1.,Cleaning
Drinking water cooler not working in Block A.,Hostel
Staircase is dusty in Block B.,Cleaning
Fee payment portal not working in Admin Block.,Others
Light is flickering in Block A.,Electrical
Printer not working in Second Floor.,CSE
Fan is not working in Block A.,Electrical
Staircase is dusty in Lab 1.,Cleaning
Hostel WiFi not working in Lab 2.,Hostel
Hostel WiFi not working in Lab 2.,Hostel
Book return portal not working in Room 204.,Library
Roof seepage issue in Block B.,Maintenance
Hall ticket not generated in Room 101.,Others
Library computer not working in Lab 1.,Library
Door lock is broken in Lab 2.,Maintenance
Keyboard not working in Admin Block.,CSE
Lab equipment is faulty in Block A.,ECE
Library AC not working in Block B.,Library
Lab equipment is faulty in Lab 1.,ECE
Monitor display is blank in First Floor.,CSE
Mouse is not responding in Block B.,CSE
Library AC not working in Room 101.,Library
Hostel room needs cleaning in Block A.,Hostel
Breadboard is damaged in Room 101.,ECE
Light is flickering in Lab 1.,Electrical
Fee payment portal not working in Lab 2.,Others
Monitor display is blank in Lab 1.,CSE
Wall has cracks in Lab 2.,Maintenance
Hall ticket not generated in Admin Block.,Others
Reading room is noisy in Lab 1.,Library
Signal generator issue in Lab 1.,ECE
Mess food quality is poor in First Floor.,Hostel
Switch board is damaged in Lab 2.,Electrical
Library AC not working in Second Floor.,Library
Fan not working in hostel room in Lab 2.,Hostel
Plumbing problem in Room 204.,Maintenance
System is running very slow in Admin Block.,CSE
Fan is not working in Lab 1.,Electrical
Tap is leaking in Second Floor.,Maintenance
Fan is not working in Lab 1.,Electrical
Bad smell in corridor in Room 101.,Cleaning
Loose electrical wiring in Second Floor.,Electrical
Hostel WiFi not working in Second Floor.,Hostel
Power socket not working in Room 101.,Electrical
Room lock is broken in Admin Block.,Hostel
Power outage in classroom in Block B.,Electrical
Power outage in classroom in Block B.,Electrical
Washroom needs cleaning in Lab 2.,Cleaning
Drinking water cooler not working in Second Floor.,Hostel
Hostel room needs cleaning in Second Floor.,Hostel
Signal generator issue in Lab 2.,ECE
Hall ticket not generated in Lab 1.,Others
Tap is leaking in Lab 1.,Maintenance
Website login problem in Lab 2.,Others
Monitor display is blank in First Floor.,CSE
Lab equipment is faulty in Admin Block.,ECE
Hall ticket not generated in First Floor.,Others
Computer not starting in Lab 2.,CSE
Book issue system not working in Room 204.,Library
Required book is unavailable in Second Floor.,Library
Function generator faulty in Block A.,ECE
Campus area is dirty in Room 204.,Cleaning
Fan not working in hostel room in Room 204.,Hostel
Breadboard is damaged in Lab 2.,ECE
Power socket not working in Room 101.,Electrical
Bus pass issue in Room 204.,Others
Computer not starting in Room 204.,CSE
Tap is leaking in First Floor.,Maintenance
Keyboard not working in Block A.,CSE
Room lock is broken in Room 204.,Hostel
Printer not working in Room 101.,CSE
Monitor display is blank in Block A.,CSE
Plumbing problem in Room 101.,Maintenance
Lab equipment is faulty in Block B.,ECE
Bus pass issue in Second Floor.,Others
Hostel room needs cleaning in First Floor.,Hostel
General enquiry not resolved in Room 101.,Others
Insufficient seating in library in Second Floor.,Library
Washroom needs cleaning in Second Floor.,Cleaning
Bathroom is dirty in Lab 1.,Hostel
Bathroom is dirty in Lab 1.,Hostel
Floor needs mopping in Lab 2.,Cleaning
Washroom needs cleaning in Block B.,Cleaning
Drinking water cooler not working in Block B.,Hostel
Software installation required in Second Floor.,CSE
Oscilloscope not working in First Floor.,ECE
Oscilloscope not working in Admin Block.,ECE
Book return portal not working in Second Floor.,Library
Printer not working in First Floor.,CSE
Mess food quality is poor in Block A.,Hostel
Software installation required in First Floor.,CSE
Garbage not collected in Second Floor.,Cleaning
Washroom needs cleaning in First Floor.,Cleaning
Window glass is broken in Room 204.,Maintenance
Staircase is dusty in Lab 1.,Cleaning
Digital trainer board failed in Block A.,ECE
General enquiry not resolved in First Floor.,Others
Roof seepage issue in Second Floor.,Maintenance
Loose electrical wiring in First Floor.,Electrical
Oscilloscope not working in First Floor.,ECE
Breadboard is damaged in Block B.,ECE
Door lock is broken in Admin Block.,Maintenance
Microcontroller kit not working in Block B.,ECE
Generator backup failed in Block A.,Electrical
Breadboard is damaged in Lab 2.,ECE
Classroom is very dirty in Room 101.,Cleaning
Website login problem in Admin Block.,Others
ID card not issued in Lab 1.,Others
Microcontroller kit not working in Room 101.,ECE
Scholarship not received in Block A.,Others
Bathroom is dirty in Lab 2.,Hostel
Oscilloscope not working in Lab 1.,ECE
Mess food quality is poor in First Floor.,Hostel
Washroom needs cleaning in Block B.,Cleaning
Wall has cracks in Lab 2.,Maintenance
Library computer not working in Block A.,Library
Window glass is broken in Room 204.,Maintenance
Power socket not working in Lab 2.,Electrical
Washroom needs cleaning in Second Floor.,Cleaning
Water leaking from ceiling in Room 101.,Maintenance
System is running very slow in Second Floor.,CSE
Staircase is dusty in Lab 2.,Cleaning
Breadboard is damaged in First Floor.,ECE
Book issue system not working in Admin Block.,Library
Garbage not collected in Second Floor.,Cleaning
Library computer not working in Room 101.,Library
Power socket not working in Second Floor.,Electrical
Staircase is dusty in First Floor.,Cleaning
Tap is leaking in First Floor.,Maintenance
Staircase is dusty in Lab 2.,Cleaning
Internet not working in lab in Room 101.,CSE
Dustbins are overflowing in Admin Block.,Cleaning
Required book is unavailable in Room 101.,Library
Switch board is damaged in Room 101.,Electrical
Reading room is noisy in Second Floor.,Library
Switch board is damaged in Lab 2.,Electrical
Water leaking from ceiling in Lab 1.,Maintenance
Roof seepage issue in Room 101.,Maintenance
Generator backup failed in Second Floor.,Electrical
Internet not working in lab in Lab 2.,CSE
Washroom needs cleaning in Room 204.,Cleaning
Tap is leaking in Lab 2.,Maintenance
Computer not starting in Admin Block.,CSE
Keyboard not working in Room 101.,CSE
Washroom needs cleaning in Second Floor.,Cleaning
No water supply in hostel in Block A.,Hostel
Arduino board not detected in Admin Block.,ECE
Mess food quality is poor in Admin Block.,Hostel
Tap is leaking in Block A.,Maintenance
Printer not working in Second Floor.,CSE
Required book is unavailable in Second Floor.,Library
Generator backup failed in Second Floor.,Electrical
Tube light not working in Block A.,Electrical
Oscilloscope not working in Room 204.,ECE
Lab equipment is faulty in Second Floor.,ECE
Bathroom is dirty in Room 101.,Hostel
Digital trainer board failed in First Floor.,ECE
Hostel WiFi not working in Room 204.,Hostel
Signal generator issue in Room 101.,ECE
Tube light not working in Room 204.,Electrical
Bathroom is dirty in Room 101.,Hostel
Wall has cracks in Block B.,Maintenance
Bonafide certificate delayed in Lab 1.,Others
Campus area is dirty in Room 204.,Cleaning
Hostel WiFi not working in Second Floor.,Hostel
Mess food quality is poor in Block A.,Hostel
Library internet not working in Admin Block.,Library
Reading room is noisy in Lab 2.,Library
Keyboard not working in Admin Block.,CSE
Internet not working in lab in Admin Block.,CSE
Tap is leaking in Lab 2.,Maintenance
Fan is not working in Lab 2.,Electrical
Library internet not working in Lab 2.,Library
Library computer not working in Room 101.,Library
Campus area is dirty in Lab 2.,Cleaning
Printer not working in Lab 2.,CSE
System is running very slow in Block B.,CSE
Printer not working in First Floor.,CSE
Drinking water cooler not working in Second Floor.,Hostel
Digital trainer board failed in Block B.,ECE
Printer not working in Block B.,CSE
Hostel room needs cleaning in Room 204.,Hostel
Website login problem in Second Floor.,Others
Mouse is not responding in Second Floor.,CSE
Digital trainer board failed in Admin Block.,ECE
Signal generator issue in Room 101.,ECE
Function generator faulty in Admin Block.,ECE
Light is flickering in Lab 2.,Electrical
Oscilloscope not working in Room 101.,ECE
Power socket not working in Room 101.,Electrical
Power outage in classroom in Block B.,Electrical
Internet not working in lab in Second Floor.,CSE
Mess food quality is poor in Admin Block.,Hostel
Generator backup failed in Room 204.,Electrical
System is running very slow in Room 204.,CSE
Digital trainer board failed in Room 204.,ECE
Fan not working in hostel room in Block B.,Hostel
Loose electrical wiring in Second Floor.,Electrical
Fee payment portal not working in Second Floor.,Others
Bus pass issue in Room 101.,Others
Tap is leaking in Second Floor.,Maintenance
Library AC not working in Admin Block.,Library
Hostel room needs cleaning in Block A.,Hostel
Oscilloscope not working in Lab 1.,ECE
Book issue system not working in Second Floor.,Library
Bad smell in corridor in Lab 2.,Cleaning
Monitor display is blank in Second Floor.,CSE
Keyboard not working in Lab 2.,CSE
Staircase is dusty in First Floor.,Cleaning
Website login problem in Room 101.,Others
Microcontroller kit not working in Block B.,ECE
Website login problem in Lab 2.,Others
Fan not working in hostel room in Lab 2.,Hostel
Function generator faulty in Room 101.,ECE
Hall ticket not generated in Room 101.,Others
Dustbins are overflowing in Admin Block.,Cleaning
Library computer not working in Lab 1.,Library
Microcontroller kit not working in Block A.,ECE
Insufficient seating in library in Room 204.,Library
ID card not issued in Lab 1.,Others
Function generator faulty in Lab 1.,ECE
Insufficient seating in library in Block A.,Library
Hostel room needs cleaning in Second Floor.,Hostel
Generator backup failed in Lab 1.,Electrical
Monitor display is blank in Admin Block.,CSE
Book return portal not working in Room 204.,Library
Software installation required in Room 101.,CSE
Scholarship not received in Room 101.,Others
Generator backup failed in First Floor.,Electrical
Roof seepage issue in Room 101.,Maintenance
Required book is unavailable in Block B.,Library
Required book is unavailable in First Floor.,Library
Library computer not working in Block A.,Library
Monitor display is blank in Admin Block.,CSE
Room lock is broken in Room 204.,Hostel
Drinking water cooler not working in Second Floor.,Hostel
Generator backup failed in Block A.,Electrical
Fee payment portal not working in Admin Block.,Others
Oscilloscope not working in Room 101.,ECE
Digital trainer board failed in Second Floor.,ECE
Power outage in classroom in Second Floor.,Electrical
Microcontroller kit not working in Lab 1.,ECE
Hall ticket not generated in Block B.,Others
Classroom is very dirty in Second Floor.,Cleaning
Room lock is broken in Room 204.,Hostel
Dustbins are overflowing in Block A.,Cleaning
Window glass is broken in First Floor.,Maintenance
Floor needs mopping in Lab 1.,Cleaning
Scholarship not received in Lab 1.,Others
Water leaking from ceiling in Admin Block.,Maintenance
ID card not issued in Block A.,Others
Book return portal not working in Admin Block.,Library
Insufficient seating in library in Lab 2.,Library
Window glass is broken in Lab 1.,Maintenance
Campus area is dirty in First Floor.,Cleaning
Floor needs mopping in Second Floor.,Cleaning
Keyboard not working in Lab 2.,CSE
Broken classroom bench in Block B.,Maintenance
Garbage not collected in Block A.,Cleaning
Bad smell in corridor in Second Floor.,Cleaning
Printer not working in Room 204.,CSE
Website login problem in Second Floor.,Others
Monitor display is blank in Lab 2.,CSE
Scholarship not received in Second Floor.,Others
Fan is not working in Room 204.,Electrical
Lab equipment is faulty in Room 101.,ECE
ID card not issued in Block A.,Others
Garbage not collected in Lab 1.,Cleaning
Garbage not collected in Block A.,Cleaning
Printer not working in Block B.,CSE
Insufficient seating in library in Second Floor.,Library
Printer not working in Lab 2.,CSE
Book return portal not working in Second Floor.,Library
Washroom needs cleaning in Lab 2.,Cleaning
Insufficient seating in library in Second Floor.,Library
General enquiry not resolved in Lab 2.,Others
Hall ticket not generated in First Floor.,Others
Scholarship not received in Block A.,Others
Washroom needs cleaning in Room 204.,Cleaning
Tap is leaking in Block A.,Maintenance
Library computer not working in Room 204.,Library
Monitor display is blank in Lab 1.,CSE
General enquiry not resolved in Lab 2.,Others
Bathroom is dirty in First Floor.,Hostel
Bonafide certificate delayed in Room 204.,Others
Hostel WiFi not working in Room 204.,Hostel
Fee payment portal not working in Block B.,Others
Hall ticket not generated in Lab 2.,Others
Fan is not working in Room 101.,Electrical
Washroom needs cleaning in Second Floor.,Cleaning
Arduino board not detected in Admin Block.,ECE
System is running very slow in Admin Block.,CSE
Broken classroom bench in Room 101.,Maintenance
Arduino board not detected in Room 101.,ECE
Garbage not collected in Lab 2.,Cleaning
Broken classroom bench in Room 204.,Maintenance
Mess food quality is poor in Block B.,Hostel
Room lock is broken in Room 204.,Hostel
Keyboard not working in Second Floor.,CSE
Signal generator issue in Room 101.,ECE
Bonafide certificate delayed in Room 101.,Others
Bad smell in corridor in Lab 2.,Cleaning
Fee payment portal not working in Admin Block.,Others
Mouse is not responding in Room 204.,CSE
Library internet not working in Lab 2.,Library
Light is flickering in Block A.,Electrical
Tap is leaking in Lab 1.,Maintenance
Bus pass issue in Room 101.,Others
Generator backup failed in Block B.,Electrical
Switch board is damaged in Room 101.,Electrical
Computer not starting in Room 101.,CSE
Library AC not working in Lab 1.,Library
Fan is not working in Block A.,Electrical
Function generator faulty in Lab 2.,ECE
Website login problem in Lab 1.,Others
Website login problem in Block A.,Others
Library AC not working in Room 101.,Library
No water supply in hostel in Lab 1.,Hostel
Function generator faulty in First Floor.,ECE
General enquiry not resolved in Lab 1.,Others
Bus pass issue in Room 101.,Others
Wall has cracks in First Floor.,Maintenance
Garbage not collected in Admin Block.,Cleaning
Door lock is broken in First Floor.,Maintenance
Classroom is very dirty in Admin Block.,Cleaning
Classroom is very dirty in Lab 1.,Cleaning
Fan is not working in Lab 1.,Electrical
Garbage not collected in Block B.,Cleaning
Function generator faulty in Lab 2.,ECE
Function generator faulty in Block B.,ECE
Reading room is noisy in Room 204.,Library
Monitor display is blank in Lab 1.,CSE
Window glass is broken in Block B.,Maintenance
Generator backup failed in Lab 1.,Electrical
Keyboard not working in Lab 1.,CSE
Wall has cracks in Block B.,Maintenance
Monitor display is blank in Room 101.,CSE
Roof seepage issue in Lab 2.,Maintenance
Bus pass issue in Block A.,Others
Hostel room needs cleaning in Block B.,Hostel
Roof seepage issue in Lab 2.,Maintenance
ID card not issued in Block A.,Others
Classroom is very dirty in Lab 2.,Cleaning
Dustbins are overflowing in Lab 1.,Cleaning
Lab equipment is faulty in Block B.,ECE
Washroom needs cleaning in Block A.,Cleaning
Tube light not working in Second Floor.,Electrical
Roof seepage issue in Room 204.,Maintenance
Bathroom is dirty in Block A.,Hostel
Internet not working in lab in Block B.,CSE
Room lock is broken in Lab 2.,Hostel
No water supply in hostel in Room 101.,Hostel
Garbage not collected in Block A.,Cleaning
Lab equipment is faulty in Room 204.,ECE
Keyboard not working in Lab 1.,CSE
Required book is unavailable in Lab 2.,Library
Microcontroller kit not working in Admin Block.,ECE
Plumbing problem in First Floor.,Maintenance
Hall ticket not generated in Second Floor.,Others
Monitor display is blank in Room 204.,CSE
Computer not starting in Room 204.,CSE
Microcontroller kit not working in Second Floor.,ECE
Insufficient seating in library in First Floor.,Library
Book issue system not working in Block B.,Library
Hostel WiFi not working in Room 204.,Hostel
Switch board is damaged in Block A.,Electrical
Staircase is dusty in Lab 1.,Cleaning
Plumbing problem in Admin Block.,Maintenance
Dustbins are overflowing in Lab 2.,Cleaning
Arduino board not detected in Room 101.,ECE
Switch board is damaged in Lab 2.,Electrical
Library computer not working in Admin Block.,Library
Software installation required in Room 101.,CSE
Mess food quality is poor in Room 204.,Hostel
Hostel room needs cleaning in Lab 1.,Hostel
Function generator faulty in Lab 1.,ECE
Staircase is dusty in Lab 2.,Cleaning
Broken classroom bench in Room 204.,Maintenance
Plumbing problem in Block B.,Maintenance
Lab equipment is faulty in First Floor.,ECE
Fee payment portal not working in Lab 1.,Others
Switch board is damaged in Second Floor.,Electrical
Breadboard is damaged in Block A.,ECE
Washroom needs cleaning in Admin Block.,Cleaning
Scholarship not received in Room 204.,Others
Tube light not working in Room 101.,Electrical
Internet not working in lab in Lab 1.,CSE
Website login problem in Block A.,Others
Book issue system not working in Room 101.,Library
Book return portal not working in Block B.,Library
Scholarship not received in Block A.,Others
Plumbing problem in Second Floor.,Maintenance
Fee payment portal not working in Room 101.,Others
Power outage in classroom in First Floor.,Electrical
Tap is leaking in Lab 1.,Maintenance
Light is flickering in Admin Block.,Electrical
Washroom needs cleaning in Lab 2.,Cleaning
Lab equipment is faulty in Room 101.,ECE
Loose electrical wiring in Block A.,Electrical
Microcontroller kit not working in Room 101.,ECE
Website login problem in Second Floor.,Others
Generator backup failed in Lab 2.,Electrical
Loose electrical wiring in First Floor.,Electrical
Fan is not working in Admin Block.,Electrical
Broken classroom bench in Second Floor.,Maintenance
Library AC not working in Second Floor.,Library
Insufficient seating in library in Block B.,Library
Tube light not working in Admin Block.,Electrical
Drinking water cooler not working in Block B.,Hostel
Keyboard not working in Second Floor.,CSE
Scholarship not received in Second Floor.,Others
Classroom is very dirty in Lab 2.,Cleaning
Lab equipment is faulty in Room 101.,ECE
Floor needs mopping in Second Floor.,Cleaning
Software installation required in Block B.,CSE
Arduino board not detected in Lab 2.,ECE
Website login problem in Room 204.,Others
Generator backup failed in Room 101.,Electrical
Fee payment portal not working in Block A.,Others
Classroom is very dirty in First Floor.,Cleaning
Hall ticket not generated in Lab 1.,Others
No water supply in hostel in Lab 1.,Hostel
Signal generator issue in Second Floor.,ECE
Fee payment portal not working in Admin Block.,Others
Drinking water cooler not working in Second Floor.,Hostel
Tap is leaking in Room 101.,Maintenance
Signal generator issue in Lab 2.,ECE
Garbage not collected in Room 101.,Cleaning
Insufficient seating in library in Lab 2.,Library
Insufficient seating in library in Second Floor.,Library
Fee payment portal not working in Second Floor.,Others
General enquiry not resolved in Second Floor.,Others
Roof seepage issue in Room 204.,Maintenance
Website login problem in Block A.,Others
Power socket not working in Block A.,Electrical
Switch board is damaged in Block A.,Electrical
Floor needs mopping in Lab 2.,Cleaning
Monitor display is blank in Room 101.,CSE
Water leaking from ceiling in Admin Block.,Maintenance
Book return portal not working in Lab 1.,Library
Door lock is broken in Room 204.,Maintenance
System is running very slow in Lab 2.,CSE
General enquiry not resolved in Block B.,Others
Breadboard is damaged in Second Floor.,ECE
Room lock is broken in First Floor.,Hostel
Software installation required in Room 204.,CSE
Book return portal not working in Lab 2.,Library
Door lock is broken in Lab 2.,Maintenance
Classroom is very dirty in Block B.,Cleaning
Bathroom is dirty in Room 204.,Hostel
Website login problem in Admin Block.,Others
Book return portal not working in Block B.,Library
General enquiry not resolved in Block B.,Others
Power socket not working in Admin Block.,Electrical
Mouse is not responding in Lab 1.,CSE
Staircase is dusty in Lab 1.,Cleaning
Mess food quality is poor in Admin Block.,Hostel
Garbage not collected in First Floor.,Cleaning
Water leaking from ceiling in Room 101.,Maintenance
Book return portal not working in First Floor.,Library
Garbage not collected in Admin Block.,Cleaning
Wall has cracks in Admin Block.,Maintenance
Bathroom is dirty in Room 204.,Hostel
Plumbing problem in Lab 2.,Maintenance
Floor needs mopping in Lab 1.,Cleaning
Classroom is very dirty in Room 101.,Cleaning
Microcontroller kit not working in Second Floor.,ECE
Printer not working in Lab 2.,CSE
Keyboard not working in Room 101.,CSE
Digital trainer board failed in Admin Block.,ECE
Software installation required in Second Floor.,CSE
Function generator faulty in Room 204.,ECE
Book return portal not working in First Floor.,Library
Hall ticket not generated in Lab 2.,Others
General enquiry not resolved in First Floor.,Others
Generator backup failed in Block A.,Electrical
Bonafide certificate delayed in Block B.,Others
Breadboard is damaged in First Floor.,ECE
Book issue system not working in Admin Block.,Library
Roof seepage issue in Block B.,Maintenance
Internet not working in lab in Room 101.,CSE
Bad smell in corridor in Room 101.,Cleaning
Internet not working in lab in Lab 2.,CSE
Switch board is damaged in Room 101.,Electrical
Book return portal not working in Block B.,Library
Broken classroom bench in Block B.,Maintenance
Washroom needs cleaning in First Floor.,Cleaning
Plumbing problem in Lab 2.,Maintenance
No water supply in hostel in First Floor.,Hostel
Water leaking from ceiling in Block B.,Maintenance
Floor needs mopping in Second Floor.,Cleaning
System is running very slow in Block B.,CSE
Monitor display is blank in Lab 1.,CSE
No water supply in hostel in Block B.,Hostel
Bonafide certificate delayed in Second Floor.,Others
Room lock is broken in First Floor.,Hostel
Signal generator issue in Block B.,ECE
Broken classroom bench in Admin Block.,Maintenance
Drinking water cooler not working in First Floor.,Hostel
System is running very slow in First Floor.,CSE
Keyboard not working in Block B.,CSE
Scholarship not received in Lab 2.,Others
Required book is unavailable in First Floor.,Library
Tap is leaking in Lab 2.,Maintenance
Oscilloscope not working in Lab 1.,ECE
Scholarship not received in Room 204.,Others
Microcontroller kit not working in Room 101.,ECE
Classroom is very dirty in Block B.,Cleaning
General enquiry not resolved in Second Floor.,Others
Monitor display is blank in First Floor.,CSE
Roof seepage issue in Room 204.,Maintenance
Book return portal not working in Block B.,Library
Library internet not working in Second Floor.,Library
General enquiry not resolved in Block A.,Others
Washroom needs cleaning in Block B.,Cleaning
Monitor display is blank in Block B.,CSE
Wall has cracks in Lab 1.,Maintenance
Bonafide certificate delayed in Block B.,Others
Scholarship not received in Lab 2.,Others
Door lock is broken in Room 101.,Maintenance
Monitor display is blank in Block B.,CSE
Bus pass issue in Admin Block.,Others
Digital trainer board failed in Lab 2.,ECE
Website login problem in First Floor.,Others
Dustbins are overflowing in Lab 2.,Cleaning
Library computer not working in Room 101.,Library
Microcontroller kit not working in Block A.,ECE
Window glass is broken in Room 204.,Maintenance
Software installation required in Lab 2.,CSE
Microcontroller kit not working in Admin Block.,ECE
Room lock is broken in Block B.,Hostel
Washroom needs cleaning in First Floor.,Cleaning
Digital trainer board failed in Second Floor.,ECE
Library internet not working in Lab 1.,Library
Software installation required in Lab 2.,CSE
Wall has cracks in First Floor.,Maintenance
Fan is not working in Second Floor.,Electrical
Function generator faulty in First Floor.,ECE
Microcontroller kit not working in Admin Block.,ECE
Mess food quality is poor in Second Floor.,Hostel
Fee payment portal not working in First Floor.,Others
Bonafide certificate delayed in Second Floor.,Others
Library internet not working in Second Floor.,Library
Computer not starting in Lab 1.,CSE
Book issue system not working in Block A.,Library
Water leaking from ceiling in Block B.,Maintenance
Software installation required in Block A.,CSE
Software installation required in Block B.,CSE
Bad smell in corridor in Lab 1.,Cleaning
Fan is not working in Second Floor.,Electrical
Broken classroom bench in Second Floor.,Maintenance
Printer not working in Lab 2.,CSE
Scholarship not received in Block A.,Others
Roof seepage issue in Admin Block.,Maintenance
Generator backup failed in Second Floor.,Electrical
Book return portal not working in Second Floor.,Library
Hostel room needs cleaning in Admin Block.,Hostel
Keyboard not working in Block A.,CSE
Mouse is not responding in First Floor.,CSE
Keyboard not working in Lab 2.,CSE
Plumbing problem in Lab 1.,Maintenance
Book issue system not working in Lab 2.,Library
No water supply in hostel in Admin Block.,Hostel
Switch board is damaged in Admin Block.,Electrical
Roof seepage issue in Admin Block.,Maintenance
Scholarship not received in Lab 2.,Others
Power socket not working in Admin Block.,Electrical
Monitor display is blank in Block A.,CSE
Book issue system not working in Lab 1.,Library
Fan not working in hostel room in Block A.,Hostel
Power socket not working in Lab 1.,Electrical
Book return portal not working in Second Floor.,Library
Insufficient seating in library in Block A.,Library
Software installation required in Lab 1.,CSE
General enquiry not resolved in Block B.,Others
Broken classroom bench in Block A.,Maintenance
Garbage not collected in Second Floor.,Cleaning
Light is flickering in Lab 2.,Electrical
Library AC not working in Room 204.,Library
Mess food quality is poor in Room 204.,Hostel
Digital trainer board failed in Admin Block.,ECE
Light is flickering in Block A.,Electrical
Loose electrical wiring in Lab 2.,Electrical
Floor needs mopping in Lab 1.,Cleaning
Insufficient seating in library in Room 101.,Library
Book return portal not working in Lab 2.,Library
Light is flickering in Block B.,Electrical
Drinking water cooler not working in Second Floor.,Hostel
Required book is unavailable in Block B.,Library
Hall ticket not generated in First Floor.,Others
Signal generator issue in Admin Block.,ECE
Loose electrical wiring in Lab 2.,Electrical
Fan not working in hostel room in Room 204.,Hostel
Fan is not working in Second Floor.,Electrical
Scholarship not received in Lab 2.,Others
Hostel room needs cleaning in Block A.,Hostel
Signal generator issue in Admin Block.,ECE
Bus pass issue in Block A.,Others
General enquiry not resolved in Lab 2.,Others
Hall ticket not generated in Room 204.,Others
Hostel room needs cleaning in Second Floor.,Hostel
Power socket not working in Lab 1.,Electrical
Keyboard not working in Block B.,CSE
Library computer not working in Room 101.,Library
General enquiry not resolved in Lab 2.,Others
No water supply in hostel in Lab 2.,Hostel
Digital trainer board failed in Block B.,ECE
Generator backup failed in Block A.,Electrical
Dustbins are overflowing in Room 204.,Cleaning
Loose electrical wiring in First Floor.,Electrical
Website login problem in Admin Block.,Others
Insufficient seating in library in Admin Block.,Library
Roof seepage issue in Room 204.,Maintenance
Function generator faulty in Room 101.,ECE
Bad smell in corridor in Room 101.,Cleaning
Dustbins are overflowing in Admin Block.,Cleaning
Power outage in classroom in Block A.,Electrical
Library computer not working in Room 204.,Library
Mouse is not responding in Second Floor.,CSE
Staircase is dusty in Lab 1.,Cleaning
Digital trainer board failed in Admin Block.,ECE
Mess food quality is poor in Room 101.,Hostel
Fan is not working in Second Floor.,Electrical
Wall has cracks in Lab 2.,Maintenance
Library computer not working in Room 204.,Library
Scholarship not received in Admin Block.,Others
Broken classroom bench in Second Floor.,Maintenance
Bonafide certificate delayed in Block B.,Others
Loose electrical wiring in Block B.,Electrical
Breadboard is damaged in Room 101.,ECE
Room lock is broken in First Floor.,Hostel
Generator backup failed in Lab 1.,Electrical
Fee payment portal not working in Room 204.,Others
Arduino board not detected in Admin Block.,ECE
Light is flickering in Block A.,Electrical
Lab equipment is faulty in Block B.,ECE
Dustbins are overflowing in Lab 1.,Cleaning
Book issue system not working in First Floor.,Library
General enquiry not resolved in Room 101.,Others
Insufficient seating in library in Admin Block.,Library
Tube light not working in Lab 2.,Electrical
Hall ticket not generated in Room 204.,Others
Broken classroom bench in Room 101.,Maintenance
No water supply in hostel in Lab 2.,Hostel
Keyboard not working in Lab 1.,CSE
Switch board is damaged in Room 204.,Electrical
Microcontroller kit not working in Second Floor.,ECE
Roof seepage issue in Room 204.,Maintenance
Power socket not working in Lab 1.,Electrical
Monitor display is blank in Room 204.,CSE
Monitor display is blank in Admin Block.,CSE
Mess food quality is poor in Room 204.,Hostel
General enquiry not resolved in Block B.,Others
Room lock is broken in Room 101.,Hostel
Drinking water cooler not working in Room 204.,Hostel
Generator backup failed in Lab 1.,Electrical
Computer not starting in Admin Block.,CSE
Generator backup failed in Block B.,Electrical
Bad smell in corridor in Block B.,Cleaning
Insufficient seating in library in Room 204.,Library
Dustbins are overflowing in Block B.,Cleaning
Computer not starting in Lab 1.,CSE
Room lock is broken in Block B.,Hostel
Book issue system not working in Room 204.,Library
Hostel room needs cleaning in Lab 2.,Hostel
Breadboard is damaged in Block A.,ECE
Printer not working in Admin Block.,CSE
Required book is unavailable in Admin Block.,Library
Breadboard is damaged in First Floor.,ECE
ID card not issued in Room 101.,Others
Insufficient seating in library in Block B.,Library
Arduino board not detected in Block B.,ECE
Function generator faulty in Room 101.,ECE
Broken classroom bench in Lab 1.,Maintenance
Reading room is noisy in Room 101.,Library
Bonafide certificate delayed in Lab 1.,Others
Switch board is damaged in Second Floor.,Electrical
Fan is not working in Block A.,Electrical
Staircase is dusty in Second Floor.,Cleaning
Scholarship not received in Block A.,Others
No water supply in hostel in Block B.,Hostel
Lab equipment is faulty in Lab 1.,ECE
Computer not starting in Block A.,CSE
Garbage not collected in Second Floor.,Cleaning
Library internet not working in Second Floor.,Library
Bus pass issue in Lab 2.,Others
System is running very slow in Admin Block.,CSE
Function generator faulty in Room 204.,ECE
Mess food quality is poor in Lab 1.,Hostel
Tube light not working in Lab 2.,Electrical
Loose electrical wiring in Lab 2.,Electrical
Bonafide certificate delayed in Second Floor.,Others
Classroom is very dirty in Admin Block.,Cleaning
General enquiry not resolved in Block A.,Others
Arduino board not detected in Room 204.,ECE
Classroom is very dirty in Block A.,Cleaning
Water leaking from ceiling in Block B.,Maintenance
Campus area is dirty in Second Floor.,Cleaning
Breadboard is damaged in Lab 1.,ECE
Generator backup failed in Block A.,Electrical
Software installation required in Block A.,CSE
System is running very slow in Second Floor.,CSE
ID card not issued in Second Floor.,Others
Computer not starting in Lab 1.,CSE
Reading room is noisy in Block B.,Library
Tap is leaking in Second Floor.,Maintenance
Window glass is broken in Block B.,Maintenance
Required book is unavailable in Room 204.,Library
Required book is unavailable in Second Floor.,Library
Printer not working in Room 101.,CSE
Garbage not collected in Second Floor.,Cleaning
Door lock is broken in First Floor.,Maintenance
Campus area is dirty in Room 204.,Cleaning
Insufficient seating in library in Lab 2.,Library
Roof seepage issue in Second Floor.,Maintenance
Mouse is not responding in First Floor.,CSE
Bathroom is dirty in Lab 2.,Hostel
Fan not working in hostel room in Room 101.,Hostel
Wall has cracks in Lab 1.,Maintenance
Required book is unavailable in Room 204.,Library
Computer not starting in Admin Block.,CSE
Garbage not collected in Lab 2.,Cleaning
Website login problem in Lab 2.,Others
Reading room is noisy in Second Floor.,Library
No water supply in hostel in Admin Block.,Hostel
System is running very slow in Block B.,CSE
Tube light not working in Admin Block.,Electrical
Software installation required in Lab 2.,CSE
Bathroom is dirty in First Floor.,Hostel
Book return portal not working in Room 204.,Library
Required book is unavailable in First Floor.,Library
Required book is unavailable in First Floor.,Library
ID card not issued in Second Floor.,Others
Door lock is broken in First Floor.,Maintenance
Campus area is dirty in First Floor.,Cleaning
Power socket not working in Block A.,Electrical
General enquiry not resolved in Block A.,Others
Microcontroller kit not working in Room 101.,ECE
Bathroom is dirty in Lab 1.,Hostel
Tap is leaking in Lab 1.,Maintenance
Bathroom is dirty in Block B.,Hostel
Hostel WiFi not working in Block A.,Hostel
Wall has cracks in First Floor.,Maintenance
Hostel WiFi not working in First Floor.,Hostel
Generator backup failed in Room 101.,Electrical
General enquiry not resolved in Block A.,Others
ID card not issued in Second Floor.,Others
Broken classroom bench in Second Floor.,Maintenance
Door lock is broken in Room 204.,Maintenance
Washroom needs cleaning in Lab 1.,Cleaning
Internet not working in lab in Room 204.,CSE
Library AC not working in Room 101.,Library
Power outage in classroom in Admin Block.,Electrical
Door lock is broken in First Floor.,Maintenance
Lab equipment is faulty in First Floor.,ECE
Microcontroller kit not working in Block B.,ECE
No water supply in hostel in Lab 1.,Hostel
Room lock is broken in Room 204.,Hostel
General enquiry not resolved in Lab 2.,Others
Dustbins are overflowing in Room 204.,Cleaning
General enquiry not resolved in Room 204.,Others
Breadboard is damaged in Room 204.,ECE
Keyboard not working in Lab 2.,CSE
Classroom is very dirty in Room 101.,Cleaning
Drinking water cooler not working in First Floor.,Hostel
General enquiry not resolved in Room 101.,Others
ID card not issued in Block B.,Others
Library internet not working in First Floor.,Library
System is running very slow in Second Floor.,CSE
Keyboard not working in Room 101.,CSE
Washroom needs cleaning in First Floor.,Cleaning
Library computer not working in Admin Block.,Library
Lab equipment is faulty in Room 101.,ECE
Door lock is broken in Room 101.,Maintenance
Lab equipment is faulty in Room 101.,ECE
Bonafide certificate delayed in Lab 1.,Others
Insufficient seating in library in Block A.,Library
Insufficient seating in library in Room 101.,Library
Hostel WiFi not working in Admin Block.,Hostel
Breadboard is damaged in Admin Block.,ECE
Loose electrical wiring in Lab 2.,Electrical
Water leaking from ceiling in Block A.,Maintenance
Hall ticket not generated in Block A.,Others
Fee payment portal not working in Room 101.,Others
Internet not working in lab in Second Floor.,CSE
Library AC not working in Lab 1.,Library
Insufficient seating in library in Lab 2.,Library
Bonafide certificate delayed in Block B.,Others
Library internet not working in Lab 1.,Library
Switch board is damaged in Admin Block.,Electrical
Library AC not working in Block A.,Library
Breadboard is damaged in Second Floor.,ECE
Keyboard not working in First Floor.,CSE
Library internet not working in First Floor.,Library
General enquiry not resolved in Lab 1.,Others
Library computer not working in Second Floor.,Library
Staircase is dusty in Room 101.,Cleaning
Power outage in classroom in Lab 2.,Electrical
Oscilloscope not working in Block B.,ECE
Mess food quality is poor in Second Floor.,Hostel
Library internet not working in Block B.,Library
Bathroom is dirty in Room 204.,Hostel
Lab equipment is faulty in Lab 1.,ECE
Tap is leaking in Lab 1.,Maintenance
Fan is not working in Lab 1.,Electrical
Book issue system not working in Block A.,Library
Generator backup failed in Second Floor.,Electrical
Window glass is broken in Lab 1.,Maintenance
Book return portal not working in Room 101.,Library
Campus area is dirty in Second Floor.,Cleaning
Signal generator issue in Lab 1.,ECE
Book return portal not working in First Floor.,Library
Water leaking from ceiling in Block B.,Maintenance
Library AC not working in Block A.,Library
Wall has cracks in Lab 2.,Maintenance
Computer not starting in Room 204.,CSE
Hostel WiFi not working in Lab 2.,Hostel
Staircase is dusty in Room 204.,Cleaning
Water leaking from ceiling in Second Floor.,Maintenance
Library internet not working in First Floor.,Library
Mouse is not responding in Lab 1.,CSE
Library AC not working in Admin Block.,Library
No water supply in hostel in Second Floor.,Hostel
Book issue system not working in Second Floor.,Library
Lab equipment is faulty in Room 101.,ECE
Power outage in classroom in Lab 2.,Electrical
Hall ticket not generated in Lab 2.,Others
Computer not starting in Room 101.,CSE
Fan is not working in Admin Block.,Electrical
Drinking water cooler not working in Block A.,Hostel
Staircase is dusty in Admin Block.,Cleaning
Tap is leaking in Admin Block.,Maintenance
Mess food quality is poor in Room 204.,Hostel
Book return portal not working in First Floor.,Library
Book issue system not working in Admin Block.,Library
Fan is not working in Admin Block.,Electrical
Lab equipment is faulty in Second Floor.,ECE
Book return portal not working in Room 204.,Library
Hall ticket not generated in Lab 2.,Others
Monitor display is blank in Admin Block.,CSE
Room lock is broken in Lab 2.,Hostel
Garbage not collected in Room 101.,Cleaning
Digital trainer board failed in Room 204.,ECE
Arduino board not detected in Second Floor.,ECE
Library computer not working in First Floor.,Library
Printer not working in Room 101.,CSE
Bonafide certificate delayed in Room 204.,Others
Generator backup failed in Room 204.,Electrical
Reading room is noisy in Second Floor.,Library
Mess food quality is poor in Room 101.,Hostel
No water supply in hostel in Room 101.,Hostel
Plumbing problem in Room 204.,Maintenance
Roof seepage issue in Block A.,Maintenance
Classroom is very dirty in Room 204.,Cleaning
Power socket not working in Room 101.,Electrical
Mouse is not responding in Room 204.,CSE
Lab equipment is faulty in First Floor.,ECE
Bad smell in corridor in Room 101.,Cleaning
Light is flickering in Lab 1.,Electrical
General enquiry not resolved in Lab 1.,Others
Bathroom is dirty in Room 101.,Hostel
Dustbins are overflowing in First Floor.,Cleaning
Signal generator issue in Room 204.,ECE
Classroom is very dirty in Second Floor.,Cleaning
Scholarship not received in Room 101.,Others
Required book is unavailable in First Floor.,Library
Tap is leaking in Admin Block.,Maintenance
Power outage in classroom in Room 101.,Electrical
Drinking water cooler not working in Room 204.,Hostel
Switch board is damaged in Lab 2.,Electrical
Campus area is dirty in Lab 2.,Cleaning
Arduino board not detected in Lab 2.,ECE
ID card not issued in Admin Block.,Others
Required book is unavailable in Block B.,Library
Digital trainer board failed in Lab 2.,ECE
Book return portal not working in Block B.,Library
Tube light not working in Lab 1.,Electrical
Breadboard is damaged in Lab 2.,ECE
Required book is unavailable in Block A.,Library
Room lock is broken in Room 204.,Hostel
Keyboard not working in Room 204.,CSE
Plumbing problem in First Floor.,Maintenance
Bad smell in corridor in Admin Block.,Cleaning
Generator backup failed in Lab 2.,Electrical
Window glass is broken in Second Floor.,Maintenance
Software installation required in Room 204.,CSE
Bus pass issue in First Floor.,Others
Staircase is dusty in Block A.,Cleaning
Window glass is broken in Lab 1.,Maintenance
Bonafide certificate delayed in Room 204.,Others
Mess food quality is poor in Second Floor.,Hostel
Internet not working in lab in Room 101.,CSE
Broken classroom bench in Lab 1.,Maintenance
Power outage in classroom in Lab 1.,Electrical
Software installation required in Lab 1.,CSE
Door lock is broken in Lab 2.,Maintenance
Generator backup failed in First Floor.,Electrical
Washroom needs cleaning in Room 101.,Cleaning
Switch board is damaged in First Floor.,Electrical
Arduino board not detected in Second Floor.,ECE
Computer not starting in Admin Block.,CSE
Fan not working in hostel room in Block B.,Hostel
Library internet not working in Room 101.,Library
Keyboard not working in Lab 2.,CSE
Bad smell in corridor in Second Floor.,Cleaning
Mouse is not responding in Lab 2.,CSE
Book issue system not working in Second Floor.,Library
Plumbing problem in Room 204.,Maintenance
Software installation required in Room 101.,CSE
Switch board is damaged in Room 101.,Electrical
Tube light not working in Lab 1.,Electrical
No water supply in hostel in Room 204.,Hostel
Window glass is broken in Lab 2.,Maintenance
Library internet not working in Second Floor.,Library
Required book is unavailable in First Floor.,Library
Roof seepage issue in Block A.,Maintenance
Book return portal not working in First Floor.,Library
Library internet not working in Block A.,Library
Garbage not collected in Admin Block.,Cleaning
Bathroom is dirty in Block B.,Hostel
No water supply in hostel in Admin Block.,Hostel
Room lock is broken in Lab 1.,Hostel
Library internet not working in Block A.,Library
Library AC not working in Room 101.,Library
Drinking water cooler not working in Admin Block.,Hostel
Plumbing problem in First Floor.,Maintenance
Door lock is broken in Admin Block.,Maintenance
Generator backup failed in Block B.,Electrical
Window glass is broken in First Floor.,Maintenance
System is running very slow in Lab 1.,CSE
Washroom needs cleaning in Room 101.,Cleaning
Roof seepage issue in Admin Block.,Maintenance
Water leaking from ceiling in Admin Block.,Maintenance
Digital trainer board failed in Block B.,ECE
No water supply in hostel in First Floor.,Hostel
Plumbing problem in Admin Block.,Maintenance
Printer not working in Room 204.,CSE
General enquiry not resolved in Lab 1.,Others
Fee payment portal not working in Second Floor.,Others
Mess food quality is poor in First Floor.,Hostel
Room lock is broken in Block A.,Hostel
Function generator faulty in Lab 1.,ECE
Garbage not collected in Room 204.,Cleaning
Hostel WiFi not working in Admin Block.,Hostel
General enquiry not resolved in Lab 1.,Others
Campus area is dirty in Block B.,Cleaning
Monitor display is blank in Second Floor.,CSE
Tube light not working in Admin Block.,Electrical
Window glass is broken in Admin Block.,Maintenance
Oscilloscope not working in Lab 1.,ECE
Hostel room needs cleaning in Room 204.,Hostel
No water supply in hostel in First Floor.,Hostel
Fee payment portal not working in Block A.,Others
Internet not working in lab in Lab 1.,CSE
Fan not working in hostel room in Second Floor.,Hostel
Bad smell in corridor in Lab 1.,Cleaning
Digital trainer board failed in Block B.,ECE
Hall ticket not generated in Room 204.,Others
Classroom is very dirty in Block B.,Cleaning
Bad smell in corridor in Block A.,Cleaning
Washroom needs cleaning in Lab 2.,Cleaning
Window glass is broken in First Floor.,Maintenance
Campus area is dirty in Admin Block.,Cleaning
Fan is not working in Room 204.,Electrical
Floor needs mopping in Second Floor.,Cleaning
Internet not working in lab in Block B.,CSE
Reading room is noisy in Second Floor.,Library
Keyboard not working in Second Floor.,CSE
Function generator faulty in Lab 1.,ECE
Hostel WiFi not working in Second Floor.,Hostel
Digital trainer board failed in Room 101.,ECE
Hostel room needs cleaning in Room 204.,Hostel
Oscilloscope not working in Second Floor.,ECE
Campus area is dirty in Lab 2.,Cleaning
Internet not working in lab in Block B.,CSE
Function generator faulty in Lab 2.,ECE
Arduino board not detected in Lab 2.,ECE
Light is flickering in Room 101.,Electrical
Plumbing problem in Block A.,Maintenance
Computer not starting in First Floor.,CSE
Bad smell in corridor in Lab 1.,Cleaning
Library computer not working in Block A.,Library
Insufficient seating in library in Block A.,Library
Loose electrical wiring in Block A.,Electrical
Loose electrical wiring in Lab 1.,Electrical
Plumbing problem in Room 204.,Maintenance
Washroom needs cleaning in Lab 2.,Cleaning
Book issue system not working in Room 101.,Library
No water supply in hostel in Block A.,Hostel
Power outage in classroom in Block A.,Electrical
Breadboard is damaged in Second Floor.,ECE
Drinking water cooler not working in Block B.,Hostel
Bad smell in corridor in Lab 1.,Cleaning
Tap is leaking in Second Floor.,Maintenance
Light is flickering in Admin Block.,Electrical
Library AC not working in Admin Block.,Library
Tap is leaking in First Floor.,Maintenance
Campus area is dirty in Lab 1.,Cleaning
Fan not working in hostel room in Lab 1.,Hostel
Insufficient seating in library in Lab 1.,Library
Signal generator issue in Room 204.,ECE
Washroom needs cleaning in Block A.,Cleaning
Arduino board not detected in Admin Block.,ECE
Signal generator issue in Admin Block.,ECE
Fan not working in hostel room in Block B.,Hostel
Mess food quality is poor in Block B.,Hostel
Window glass is broken in Lab 2.,Maintenance
Bad smell in corridor in Room 204.,Cleaning
Printer not working in Block A.,CSE
Digital trainer board failed in Lab 1.,ECE
Arduino board not detected in First Floor.,ECE
Digital trainer board failed in Block A.,ECE
Fee payment portal not working in Room 204.,Others
Window glass is broken in Admin Block.,Maintenance
Scholarship not received in Block B.,Others
System is running very slow in Admin Block.,CSE
Printer not working in Block B.,CSE
Power socket not working in Room 101.,Electrical
Plumbing problem in Block B.,Maintenance
Book issue system not working in Admin Block.,Library
Computer not starting in Room 204.,CSE
Insufficient seating in library in Lab 1.,Library
Hall ticket not generated in Block A.,Others
Library AC not working in Block B.,Library
Required book is unavailable in Second Floor.,Library
Reading room is noisy in Second Floor.,Library
Hall ticket not generated in Admin Block.,Others
ID card not issued in Admin Block.,Others
Reading room is noisy in Lab 1.,Library
Washroom needs cleaning in Room 101.,Cleaning
Bonafide certificate delayed in Lab 1.,Others
Staircase is dusty in First Floor.,Cleaning
Breadboard is damaged in Lab 1.,ECE
Window glass is broken in Room 101.,Maintenance
Room lock is broken in Room 101.,Hostel
Fee payment portal not working in Second Floor.,Others
Hall ticket not generated in Lab 2.,Others
Software installation required in First Floor.,CSE
Room lock is broken in Lab 1.,Hostel
Function generator faulty in Room 101.,ECE
Internet not working in lab in Lab 1.,CSE
Hall ticket not generated in Lab 1.,Others
Breadboard is damaged in Room 204.,ECE
Required book is unavailable in Admin Block.,Library
Reading room is noisy in Room 101.,Library
Arduino board not detected in First Floor.,ECE
Lab equipment is faulty in Block A.,ECE
Signal generator issue in First Floor.,ECE
Loose electrical wiring in Admin Block.,Electrical
Scholarship not received in First Floor.,Others
Bus pass issue in Second Floor.,Others
Drinking water cooler not working in Lab 1.,Hostel
Water leaking from ceiling in Block A.,Maintenance
System is running very slow in Lab 2.,CSE
Mess food quality is poor in Lab 1.,Hostel
Arduino board not detected in Block B.,ECE
Tap is leaking in Admin Block.,Maintenance
Fan not working in hostel room in Room 204.,Hostel
Website login problem in Room 101.,Others
Arduino board not detected in Room 204.,ECE
Fan not working in hostel room in Second Floor.,Hostel
Book return portal not working in Lab 2.,Library
Digital trainer board failed in Admin Block.,ECE
Monitor display is blank in Lab 1.,CSE
Library internet not working in Block A.,Library
Door lock is broken in Room 101.,Maintenance
No water supply in hostel in First Floor.,Hostel
Hostel room needs cleaning in First Floor.,Hostel
Broken classroom bench in Room 101.,Maintenance
Fan not working in hostel room in Room 204.,Hostel
Website login problem in Block A.,Others
Printer not working in Room 101.,CSE
Bad smell in corridor in Lab 1.,Cleaning
Power socket not working in Room 204.,Electrical
Staircase is dusty in Block B.,Cleaning
Power socket not working in Room 101.,Electrical
Plumbing problem in Admin Block.,Maintenance
Hall ticket not generated in Block A.,Others
Floor needs mopping in Admin Block.,Cleaning
Reading room is noisy in Block A.,Library
Library AC not working in Admin Block.,Library
Mess food quality is poor in Lab 1.,Hostel
Software installation required in Block A.,CSE
Book return portal not working in Admin Block.,Library
No water supply in hostel in First Floor.,Hostel
Book issue system not working in Lab 2.,Library
Lab equipment is faulty in Lab 2.,ECE
Plumbing problem in Second Floor.,Maintenance
Digital trainer board failed in Lab 2.,ECE
Fan not working in hostel room in Room 204.,Hostel
Printer not working in Room 101.,CSE
Bus pass issue in First Floor.,Others
Washroom needs cleaning in Lab 2.,Cleaning
Tube light not working in Lab 2.,Electrical
Switch board is damaged in Second Floor.,Electrical
Book return portal not working in Room 101.,Library
Drinking water cooler not working in Block B.,Hostel
General enquiry not resolved in Block A.,Others
Book return portal not working in Lab 1.,Library
Monitor display is blank in Lab 2.,CSE
Bonafide certificate delayed in Lab 1.,Others
Power outage in classroom in Room 204.,Electrical
Hostel WiFi not working in Block A.,Hostel
Plumbing problem in Second Floor.,Maintenance
Signal generator issue in Admin Block.,ECE
Hostel WiFi not working in Room 204.,Hostel
ID card not issued in Block B.,Others
Library computer not working in Lab 2.,Library
Library computer not working in Room 101.,Library
Drinking water cooler not working in Room 204.,Hostel
Bus pass issue in Room 101.,Others
Software installation required in Lab 2.,CSE
Internet not working in lab in First Floor.,CSE
Breadboard is damaged in Block B.,ECE
Bonafide certificate delayed in Lab 2.,Others
Monitor display is blank in Room 204.,CSE
Window glass is broken in Room 101.,Maintenance
Printer not working in Lab 1.,CSE
Library internet not working in Room 101.,Library
Drinking water cooler not working in Second Floor.,Hostel
Book issue system not working in Lab 2.,Library
No water supply in hostel in Block A.,Hostel
Library AC not working in Lab 2.,Library
Roof seepage issue in Room 101.,Maintenance
No water supply in hostel in Block A.,Hostel
Staircase is dusty in Lab 2.,Cleaning
Internet not working in lab in Second Floor.,CSE
Washroom needs cleaning in Block B.,Cleaning
System is running very slow in Block A.,CSE
Mouse is not responding in Lab 2.,CSE
Book issue system not working in Room 204.,Library
Monitor display is blank in Second Floor.,CSE
No water supply in hostel in Second Floor.,Hostel
Room lock is broken in Block B.,Hostel
Campus area is dirty in Lab 2.,Cleaning
Power outage in classroom in Block A.,Electrical
No water supply in hostel in Block A.,Hostel
Mouse is not responding in Lab 2.,CSE
Bad smell in corridor in Lab 1.,Cleaning
Door lock is broken in Room 101.,Maintenance
Room lock is broken in Block A.,Hostel
Breadboard is damaged in Block A.,ECE
Website login problem in Room 204.,Others
Lab equipment is faulty in Block B.,ECE
Generator backup failed in Lab 2.,Electrical
No water supply in hostel in Lab 2.,Hostel
General enquiry not resolved in Lab 1.,Others
Bus pass issue in Block B.,Others
Generator backup failed in Room 204.,Electrical
Mouse is not responding in Admin Block.,CSE
Loose electrical wiring in Block B.,Electrical
Bad smell in corridor in Admin Block.,Cleaning
Reading room is noisy in First Floor.,Library
Generator backup failed in Block A.,Electrical
Mess food quality is poor in Admin Block.,Hostel
Staircase is dusty in First Floor.,Cleaning
Arduino board not detected in First Floor.,ECE
Website login problem in Block A.,Others
Printer not working in Room 204.,CSE
Door lock is broken in Block B.,Maintenance
Power socket not working in Lab 2.,Electrical
Wall has cracks in Second Floor.,Maintenance
Loose electrical wiring in Lab 2.,Electrical
Dustbins are overflowing in Lab 1.,Cleaning
Fan not working in hostel room in Lab 1.,Hostel
No water supply in hostel in Block A.,Hostel
Classroom is very dirty in Lab 2.,Cleaning
Computer not starting in Lab 1.,CSE
Printer not working in Block A.,CSE
Washroom needs cleaning in Room 101.,Cleaning
Plumbing problem in First Floor.,Maintenance
Computer not starting in First Floor.,CSE
Fan not working in hostel room in Room 101.,Hostel
Dustbins are overflowing in Lab 2.,Cleaning
Mouse is not responding in Second Floor.,CSE
Power outage in classroom in Admin Block.,Electrical
Internet not working in lab in Block B.,CSE
Tap is leaking in Room 101.,Maintenance
Dustbins are overflowing in Lab 1.,Cleaning
Power outage in classroom in Block A.,Electrical
Breadboard is damaged in Room 204.,ECE
Drinking water cooler not working in Block B.,Hostel
Power outage in classroom in Room 101.,Electrical
Book issue system not working in Room 101.,Library
Window glass is broken in First Floor.,Maintenance
Staircase is dusty in Lab 1.,Cleaning
Website login problem in Admin Block.,Others
Hostel room needs cleaning in Admin Block.,Hostel
Signal generator issue in Room 204.,ECE
Tube light not working in Lab 1.,Electrical
Signal generator issue in Second Floor.,ECE
Tube light not working in Second Floor.,Electrical
Broken classroom bench in Room 204.,Maintenance
Water leaking from ceiling in First Floor.,Maintenance
Digital trainer board failed in Block A.,ECE
Book return portal not working in Lab 2.,Library
No water supply in hostel in Room 101.,Hostel
Roof seepage issue in Lab 1.,Maintenance
Required book is unavailable in Block B.,Library
Keyboard not working in First Floor.,CSE
Loose electrical wiring in Lab 2.,Electrical
Internet not working in lab in Lab 1.,CSE
Hostel WiFi not working in Lab 1.,Hostel
Microcontroller kit not working in Admin Block.,ECE
General enquiry not resolved in Lab 2.,Others
Library AC not working in Room 101.,Library
Dustbins are overflowing in Room 101.,Cleaning
Fan is not working in Block A.,Electrical
Software installation required in Block B.,CSE
Microcontroller kit not working in Room 101.,ECE
Lab equipment is faulty in Room 204.,ECE
Fee payment portal not working in First Floor.,Others
Floor needs mopping in Block B.,Cleaning
Wall has cracks in Block A.,Maintenance
Power outage in classroom in Room 204.,Electrical
Roof seepage issue in Lab 2.,Maintenance
Book issue system not working in Lab 1.,Library
Signal generator issue in Block B.,ECE
Wall has cracks in Second Floor.,Maintenance
Mess food quality is poor in Room 204.,Hostel
Plumbing problem in Room 101.,Maintenance
Staircase is dusty in Lab 2.,Cleaning
Internet not working in lab in Second Floor.,CSE
Digital trainer board failed in Second Floor.,ECE
Washroom needs cleaning in Room 101.,Cleaning
Computer not starting in Lab 1.,CSE
Floor needs mopping in Room 101.,Cleaning
Software installation required in Second Floor.,CSE
Bad smell in corridor in Lab 1.,Cleaning
Function generator faulty in Lab 2.,ECE
Scholarship not received in Room 101.,Others
Tube light not working in Second Floor.,Electrical
Tube light not working in Lab 1.,Electrical
Oscilloscope not working in Room 101.,ECE
Microcontroller kit not working in First Floor.,ECE
Floor needs mopping in Room 204.,Cleaning
Door lock is broken in Second Floor.,Maintenance
Internet not working in lab in Second Floor.,CSE
Arduino board not detected in Lab 2.,ECE
Fee payment portal not working in First Floor.,Others
System is running very slow in First Floor.,CSE
Classroom is very dirty in Block B.,Cleaning
Staircase is dusty in Block A.,Cleaning
Arduino board not detected in Second Floor.,ECE
Wall has cracks in First Floor.,Maintenance
Lab equipment is faulty in Second Floor.,ECE
Fan not working in hostel room in First Floor.,Hostel
Dustbins are overflowing in Lab 2.,Cleaning
Lab equipment is faulty in Lab 2.,ECE
Bad smell in corridor in Second Floor.,Cleaning
Loose electrical wiring in Room 101.,Electrical
General enquiry not resolved in Admin Block.,Others
Switch board is damaged in Block A.,Electrical
Tap is leaking in Second Floor.,Maintenance
Door lock is broken in Admin Block.,Maintenance
Fee payment portal not working in Lab 2.,Others
Signal generator issue in Room 101.,ECE
Water leaking from ceiling in Room 101.,Maintenance
Hall ticket not generated in Room 101.,Others
Broken classroom bench in Lab 1.,Maintenance
Library AC not working in Block B.,Library
Garbage not collected in Block B.,Cleaning
Website login problem in Room 101.,Others
Garbage not collected in Lab 2.,Cleaning
Floor needs mopping in Block B.,Cleaning
Light is flickering in Room 204.,Electrical
Hostel WiFi not working in Room 204.,Hostel
Water leaking from ceiling in Room 101.,Maintenance
Book return portal not working in Room 204.,Library
Signal generator issue in Lab 1.,ECE
Campus area is dirty in Second Floor.,Cleaning
Reading room is noisy in Room 101.,Library
Room lock is broken in Block B.,Hostel
Room lock is broken in Admin Block.,Hostel
Computer not starting in Lab 1.,CSE
System is running very slow in Lab 2.,CSE
Arduino board not detected in Second Floor.,ECE
Hostel WiFi not working in First Floor.,Hostel
General enquiry not resolved in Admin Block.,Others
Loose electrical wiring in Block B.,Electrical
Washroom needs cleaning in Room 204.,Cleaning
Wall has cracks in Block A.,Maintenance
Generator backup failed in Admin Block.,Electrical
Microcontroller kit not working in Lab 2.,ECE
Wall has cracks in Lab 2.,Maintenance
Signal generator issue in Block A.,ECE
Bonafide certificate delayed in Block B.,Others
Tube light not working in Second Floor.,Electrical
Staircase is dusty in Lab 1.,Cleaning
Bad smell in corridor in Second Floor.,Cleaning
Breadboard is damaged in Lab 1.,ECE
System is running very slow in Admin Block.,CSE
Mess food quality is poor in Admin Block.,Hostel
Breadboard is damaged in Admin Block.,ECE
Microcontroller kit not working in Room 204.,ECE
Required book is unavailable in Lab 2.,Library
Tap is leaking in Room 204.,Maintenance
Tube light not working in Lab 2.,Electrical
Fan not working in hostel room in Block A.,Hostel
Oscilloscope not working in Room 204.,ECE
Bonafide certificate delayed in Lab 2.,Others
Roof seepage issue in Room 101.,Maintenance
Power outage in classroom in First Floor.,Electrical
Switch board is damaged in Room 204.,Electrical
Roof seepage issue in Block B.,Maintenance
Required book is unavailable in Lab 1.,Library
Digital trainer board failed in Block A.,ECE
Printer not working in Second Floor.,CSE
Lab equipment is faulty in Lab 2.,ECE
Classroom is very dirty in Admin Block.,Cleaning
Hostel room needs cleaning in Second Floor.,Hostel
Window glass is broken in Lab 2.,Maintenance
Library internet not working in Admin Block.,Library
Power socket not working in Lab 2.,Electrical
Power socket not working in Lab 2.,Electrical
No water supply in hostel in Lab 2.,Hostel
System is running very slow in Block B.,CSE
Library internet not working in Room 101.,Library
Internet not working in lab in Admin Block.,CSE
Internet not working in lab in Block A.,CSE
Insufficient seating in library in Block B.,Library
Library AC not working in Admin Block.,Library
Dustbins are overflowing in First Floor.,Cleaning
Library AC not working in First Floor.,Library
Power socket not working in First Floor.,Electrical
Fee payment portal not working in Room 101.,Others
No water supply in hostel in Block A.,Hostel
Generator backup failed in Room 101.,Electrical
Internet not working in lab in Lab 2.,CSE
Book issue system not working in Admin Block.,Library
Roof seepage issue in Lab 1.,Maintenance
Monitor display is blank in Second Floor.,CSE
Signal generator issue in Lab 2.,ECE
Lab equipment is faulty in Block A.,ECE
Plumbing problem in Second Floor.,Maintenance
Mouse is not responding in Block A.,CSE
Tap is leaking in Room 101.,Maintenance
System is running very slow in Second Floor.,CSE
Keyboard not working in Block A.,CSE
Mouse is not responding in Lab 2.,CSE
Website login problem in First Floor.,Others
Hall ticket not generated in Admin Block.,Others
Insufficient seating in library in Room 204.,Library
Microcontroller kit not working in First Floor.,ECE
Light is flickering in Second Floor.,Electrical
Bonafide certificate delayed in Lab 1.,Others
Loose electrical wiring in Admin Block.,Electrical
Plumbing problem in Block A.,Maintenance
Floor needs mopping in Room 101.,Cleaning
Bus pass issue in Block B.,Others
Dustbins are overflowing in First Floor.,Cleaning
Reading room is noisy in Room 101.,Library
Keyboard not working in First Floor.,CSE
Plumbing problem in Admin Block.,Maintenance
Campus area is dirty in Room 101.,Cleaning
Scholarship not received in Second Floor.,Others
Website login problem in Admin Block.,Others
Plumbing problem in Second Floor.,Maintenance
Hall ticket not generated in Room 204.,Others
Scholarship not received in Lab 1.,Others
Water leaking from ceiling in Admin Block.,Maintenance
Fan not working in hostel room in Lab 1.,Hostel
Light is flickering in Second Floor.,Electrical
Printer not working in Admin Block.,CSE
Dustbins are overflowing in First Floor.,Cleaning
Roof seepage issue in Second Floor.,Maintenance
Scholarship not received in Room 101.,Others
Hall ticket not generated in Lab 2.,Others
Bus pass issue in Second Floor.,Others
Insufficient seating in library in Lab 1.,Library
Hostel room needs cleaning in Block A.,Hostel
Website login problem in Lab 2.,Others
Staircase is dusty in Admin Block.,Cleaning
Hall ticket not generated in Lab 1.,Others
Fee payment portal not working in Block A.,Others
Mouse is not responding in Second Floor.,CSE
Required book is unavailable in Room 204.,Library
Floor needs mopping in Lab 1.,Cleaning
Garbage not collected in Room 204.,Cleaning
Required book is unavailable in Room 101.,Library
Door lock is broken in Lab 2.,Maintenance
Light is flickering in Room 101.,Electrical
Plumbing problem in Admin Block.,Maintenance
Hostel WiFi not working in Room 204.,Hostel
Digital trainer board failed in Second Floor.,ECE
Room lock is broken in First Floor.,Hostel
Hall ticket not generated in Admin Block.,Others
Hall ticket not generated in Second Floor.,Others
ID card not issued in Room 204.,Others
Garbage not collected in Room 204.,Cleaning
Bad smell in corridor in Block A.,Cleaning
Keyboard not working in First Floor.,CSE
Tap is leaking in Room 204.,Maintenance
Lab equipment is faulty in First Floor.,ECE
Breadboard is damaged in Second Floor.,ECE
Computer not starting in Room 204.,CSE
Floor needs mopping in Room 204.,Cleaning
Oscilloscope not working in Second Floor.,ECE
Required book is unavailable in Lab 1.,Library
Water leaking from ceiling in Room 204.,Maintenance
Scholarship not received in Lab 1.,Others
Book return portal not working in Admin Block.,Library
Drinking water cooler not working in Room 101.,Hostel
Signal generator issue in Second Floor.,ECE
Hall ticket not generated in Lab 1.,Others
Staircase is dusty in Admin Block.,Cleaning
Power socket not working in Block A.,Electrical
Website login problem in Room 101.,Others
Floor needs mopping in First Floor.,Cleaning
ID card not issued in Admin Block.,Others
Floor needs mopping in Room 204.,Cleaning
Fan not working in hostel room in Block A.,Hostel
Fan not working in hostel room in Room 101.,Hostel
Classroom is very dirty in First Floor.,Cleaning
Broken classroom bench in Room 101.,Maintenance
Campus area is dirty in Block A.,Cleaning
Light is flickering in Admin Block.,Electrical
Function generator faulty in Block A.,ECE
Window glass is broken in Block B.,Maintenance
Power socket not working in Lab 2.,Electrical
Hostel room needs cleaning in Second Floor.,Hostel
Power socket not working in Room 204.,Electrical
Monitor display is blank in Lab 1.,CSE
Floor needs mopping in Block A.,Cleaning
Bathroom is dirty in Lab 1.,Hostel
ID card not issued in First Floor.,Others
Digital trainer board failed in First Floor.,ECE
Fan is not working in Block B.,Electrical
Bathroom is dirty in Room 101.,Hostel
Wall has cracks in Room 101.,Maintenance
Campus area is dirty in Block B.,Cleaning
Oscilloscope not working in First Floor.,ECE
Light is flickering in Block B.,Electrical
Drinking water cooler not working in Block A.,Hostel
Fan is not working in Admin Block.,Electrical
Room lock is broken in Room 204.,Hostel
Scholarship not received in First Floor.,Others
Generator backup failed in Block B.,Electrical
Washroom needs cleaning in Lab 2.,Cleaning
Keyboard not working in Block A.,CSE
Classroom is very dirty in Lab 2.,Cleaning
Broken classroom bench in Admin Block.,Maintenance
Dustbins are overflowing in Room 204.,Cleaning
Loose electrical wiring in Admin Block.,Electrical
Fee payment portal not working in Block B.,Others
Hostel room needs cleaning in Lab 2.,Hostel
Insufficient seating in library in Room 101.,Library
Classroom is very dirty in Room 204.,Cleaning
Mess food quality is poor in Room 101.,Hostel
Keyboard not working in Room 204.,CSE
Washroom needs cleaning in Block B.,Cleaning
Keyboard not working in Lab 1.,CSE
Plumbing problem in Block B.,Maintenance
Website login problem in Second Floor.,Others
Generator backup failed in Block B.,Electrical
Broken classroom bench in Second Floor.,Maintenance
Library internet not working in Lab 2.,Library
Dustbins are overflowing in Room 101.,Cleaning
Arduino board not detected in Block A.,ECE
Tube light not working in Admin Block.,Electrical
Reading room is noisy in Block A.,Library
Plumbing problem in Lab 1.,Maintenance
Microcontroller kit not working in First Floor.,ECE
Hostel room needs cleaning in Second Floor.,Hostel
Broken classroom bench in Lab 1.,Maintenance
Generator backup failed in Admin Block.,Electrical
Switch board is damaged in Room 101.,Electrical
Scholarship not received in First Floor.,Others
Bad smell in corridor in Second Floor.,Cleaning
Hostel WiFi not working in Room 101.,Hostel
Wall has cracks in First Floor.,Maintenance
Power socket not working in Lab 2.,Electrical
General enquiry not resolved in Room 204.,Others
Breadboard is damaged in Room 101.,ECE
Bus pass issue in Admin Block.,Others
Hostel room needs cleaning in Lab 1.,Hostel
Software installation required in Block A.,CSE
Hall ticket not generated in Room 204.,Others
Reading room is noisy in Admin Block.,Library
Microcontroller kit not working in Lab 2.,ECE
Generator backup failed in Block A.,Electrical
ID card not issued in Lab 2.,Others
Scholarship not received in Second Floor.,Others
Bad smell in corridor in Room 101.,Cleaning
Microcontroller kit not working in Room 204.,ECE
Reading room is noisy in Room 204.,Library
Function generator faulty in First Floor.,ECE
Function generator faulty in Lab 1.,ECE
Bad smell in corridor in Second Floor.,Cleaning
Window glass is broken in Block B.,Maintenance
Computer not starting in Admin Block.,CSE
Internet not working in lab in Lab 2.,CSE
Software installation required in First Floor.,CSE
Power socket not working in Lab 2.,Electrical
System is running very slow in First Floor.,CSE
General enquiry not resolved in Block A.,Others
Switch board is damaged in Block A.,Electrical
Power outage in classroom in Admin Block.,Electrical
Water leaking from ceiling in Admin Block.,Maintenance
Microcontroller kit not working in Lab 2.,ECE
Software installation required in Block B.,CSE
Hostel WiFi not working in Room 204.,Hostel
Microcontroller kit not working in Second Floor.,ECE
Washroom needs cleaning in First Floor.,Cleaning
Hall ticket not generated in Lab 1.,Others
Insufficient seating in library in First Floor.,Library
Hostel WiFi not working in Lab 1.,Hostel
Power outage in classroom in Lab 2.,Electrical
Function generator faulty in Lab 2.,ECE
Required book is unavailable in Second Floor.,Library
Digital trainer board failed in Admin Block.,ECE
Printer not working in Block A.,CSE
Insufficient seating in library in Admin Block.,Library
Signal generator issue in Second Floor.,ECE
Washroom needs cleaning in Block B.,Cleaning
Library AC not working in Admin Block.,Library
Oscilloscope not working in Second Floor.,ECE
No water supply in hostel in Block A.,Hostel
Tube light not working in Lab 2.,Electrical
Printer not working in Room 101.,CSE
Bad smell in corridor in Lab 2.,Cleaning
Broken classroom bench in Lab 2.,Maintenance
Power socket not working in Room 101.,Electrical
Staircase is dusty in Block A.,Cleaning
Loose electrical wiring in Room 101.,Electrical
Wall has cracks in Second Floor.,Maintenance
Power socket not working in Lab 2.,Electrical
Book return portal not working in Admin Block.,Library
Microcontroller kit not working in Block B.,ECE
Book issue system not working in Room 204.,Library
Breadboard is damaged in Room 101.,ECE
Keyboard not working in Lab 1.,CSE
Book return portal not working in Lab 2.,Library
Power outage in classroom in Lab 2.,Electrical
Bus pass issue in Admin Block.,Others
Scholarship not received in First Floor.,Others
Dustbins are overflowing in Lab 1.,Cleaning
Software installation required in Lab 1.,CSE
Arduino board not detected in Second Floor.,ECE
Scholarship not received in Second Floor.,Others
Light is flickering in Lab 1.,Electrical
Hostel WiFi not working in Room 101.,Hostel
Classroom is very dirty in Room 204.,Cleaning
Monitor display is blank in Lab 1.,CSE
Power socket not working in Admin Block.,Electrical
Computer not starting in Block B.,CSE
Required book is unavailable in Second Floor.,Library
Hostel room needs cleaning in Block A.,Hostel
Drinking water cooler not working in Block B.,Hostel
Dustbins are overflowing in Lab 2.,Cleaning
Light is flickering in Second Floor.,Electrical
Power outage in classroom in Block B.,Electrical
Loose electrical wiring in Block A.,Electrical
Insufficient seating in library in Block B.,Library
Bad smell in corridor in Block B.,Cleaning
Power outage in classroom in Lab 1.,Electrical
Campus area is dirty in Block B.,Cleaning
Classroom is very dirty in Room 204.,Cleaning
Fee payment portal not working in Lab 1.,Others
Mess food quality is poor in Room 204.,Hostel
Website login problem in Lab 1.,Others
Window glass is broken in Room 204.,Maintenance
ID card not issued in Room 204.,Others
Generator backup failed in Room 204.,Electrical
Oscilloscope not working in Room 204.,ECE
System is running very slow in First Floor.,CSE
Classroom is very dirty in Lab 1.,Cleaning
Power outage in classroom in Lab 2.,Electrical
Monitor display is blank in Lab 1.,CSE
Classroom is very dirty in Admin Block.,Cleaning
Wall has cracks in Room 204.,Maintenance
Broken classroom bench in Admin Block.,Maintenance
Printer not working in First Floor.,CSE
Water leaking from ceiling in Admin Block.,Maintenance
Power socket not working in Room 204.,Electrical
Power outage in classroom in Block B.,Electrical
Printer not working in Lab 1.,CSE
Monitor display is blank in Lab 1.,CSE
Staircase is dusty in Lab 1.,Cleaning
No water supply in hostel in Second Floor.,Hostel
Plumbing problem in Second Floor.,Maintenance
Power outage in classroom in Lab 1.,Electrical
Light is flickering in Room 101.,Electrical
Oscilloscope not working in Lab 1.,ECE
Fan is not working in Lab 2.,Electrical
Mouse is not responding in Second Floor.,CSE
Garbage not collected in Lab 2.,Cleaning
Breadboard is damaged in Block A.,ECE
Fan is not working in Room 101.,Electrical
Window glass is broken in Admin Block.,Maintenance
Dustbins are overflowing in Room 204.,Cleaning
Washroom needs cleaning in Admin Block.,Cleaning
Breadboard is damaged in Lab 1.,ECE
Power outage in classroom in Block B.,Electrical
Reading room is noisy in Room 204.,Library
Function generator faulty in Admin Block.,ECE
Garbage not collected in First Floor.,Cleaning
Scholarship not received in Block A.,Others
No water supply in hostel in Admin Block.,Hostel
Hostel room needs cleaning in First Floor.,Hostel
Computer not starting in Block A.,CSE
Arduino board not detected in Block A.,ECE
Power outage in classroom in First Floor.,Electrical
Fee payment portal not working in Lab 1.,Others
Reading room is noisy in Block A.,Library
Software installation required in Admin Block.,CSE
Software installation required in Lab 1.,CSE
Classroom is very dirty in Block A.,Cleaning
Tube light not working in Admin Block.,Electrical
Mess food quality is poor in Block B.,Hostel
Computer not starting in Admin Block.,CSE
Reading room is noisy in Room 204.,Library
Book return portal not working in First Floor.,Library
Roof seepage issue in Admin Block.,Maintenance
Signal generator issue in Room 204.,ECE
Keyboard not working in Room 204.,CSE
Bus pass issue in Block B.,Others
Switch board is damaged in First Floor.,Electrical
Loose electrical wiring in Lab 1.,Electrical
Staircase is dusty in Lab 2.,Cleaning
Microcontroller kit not working in Lab 1.,ECE
Campus area is dirty in Room 101.,Cleaning
Broken classroom bench in Block A.,Maintenance
Roof seepage issue in Room 204.,Maintenance
Arduino board not detected in Admin Block.,ECE
Insufficient seating in library in Admin Block.,Library
Fee payment portal not working in Admin Block.,Others
Lab equipment is faulty in Room 204.,ECE
Bonafide certificate delayed in Room 204.,Others
Function generator faulty in Admin Block.,ECE
Book return portal not working in Admin Block.,Library
Signal generator issue in Room 204.,ECE
No water supply in hostel in Block B.,Hostel
General enquiry not resolved in Block B.,Others
Drinking water cooler not working in Room 204.,Hostel
Oscilloscope not working in Room 204.,ECE
Staircase is dusty in First Floor.,Cleaning
Breadboard is damaged in Admin Block.,ECE
Keyboard not working in Room 101.,CSE
Tube light not working in Lab 1.,Electrical
Reading room is noisy in Lab 1.,Library
Microcontroller kit not working in First Floor.,ECE
Signal generator issue in Block A.,ECE
Fee payment portal not working in Block A.,Others
Washroom needs cleaning in Block B.,Cleaning
Loose electrical wiring in Second Floor.,Electrical
General enquiry not resolved in Lab 2.,Others
Fan is not working in Lab 1.,Electrical
Library computer not working in Admin Block.,Library
Room lock is broken in Lab 2.,Hostel
Library AC not working in Room 101.,Library
Window glass is broken in Lab 1.,Maintenance
Bonafide certificate delayed in Lab 1.,Others
Website login problem in First Floor.,Others
Bad smell in corridor in Admin Block.,Cleaning
System is running very slow in Lab 2.,CSE
ID card not issued in Block A.,Others
Bathroom is dirty in Block A.,Hostel
Tap is leaking in Block B.,Maintenance
Dustbins are overflowing in Room 101.,Cleaning
Insufficient seating in library in Block B.,Library
Tap is leaking in Block B.,Maintenance
Signal generator issue in Lab 1.,ECE
Light is flickering in Block B.,Electrical
System is running very slow in Block B.,CSE
Campus area is dirty in Room 204.,Cleaning
Library internet not working in Block A.,Library
Garbage not collected in Block A.,Cleaning
Hostel WiFi not working in Lab 1.,Hostel
Wall has cracks in Lab 2.,Maintenance
Tap is leaking in First Floor.,Maintenance
Software installation required in Lab 1.,CSE
Fan is not working in First Floor.,Electrical
No water supply in hostel in Second Floor.,Hostel
ID card not issued in Room 101.,Others
Hostel WiFi not working in Room 101.,Hostel
Classroom is very dirty in Lab 2.,Cleaning
Hostel room needs cleaning in Second Floor.,Hostel
Power outage in classroom in Lab 2.,Electrical
Fan is not working in First Floor.,Electrical
Function generator faulty in Second Floor.,ECE
Tap is leaking in Admin Block.,Maintenance
Garbage not collected in Block B.,Cleaning
No water supply in hostel in Admin Block.,Hostel
Website login problem in Lab 2.,Others
Microcontroller kit not working in Room 101.,ECE
Website login problem in Lab 1.,Others
Tap is leaking in Room 101.,Maintenance
Tap is leaking in Second Floor.,Maintenance
Bathroom is dirty in Room 204.,Hostel
Mess food quality is poor in Block B.,Hostel
Tap is leaking in Lab 2.,Maintenance
Printer not working in Block A.,CSE
Dustbins are overflowing in First Floor.,Cleaning
Arduino board not detected in Lab 2.,ECE
Printer not working in Block A.,CSE
Scholarship not received in Block B.,Others
Floor needs mopping in Second Floor.,Cleaning
Library internet not working in Second Floor.,Library
Tube light not working in Admin Block.,Electrical
Hall ticket not generated in Lab 2.,Others
Power socket not working in Lab 2.,Electrical
Computer not starting in Room 101.,CSE
Computer not starting in Block B.,CSE
Bad smell in corridor in Admin Block.,Cleaning
Breadboard is damaged in Block B.,ECE
Fee payment portal not working in Lab 2.,Others
Loose electrical wiring in Second Floor.,Electrical
Generator backup failed in Block A.,Electrical
Arduino board not detected in Block B.,ECE
Book issue system not working in Room 101.,Library
Book return portal not working in Lab 1.,Library
Water leaking from ceiling in Lab 1.,Maintenance
ID card not issued in Room 101.,Others
ID card not issued in Room 204.,Others
Lab equipment is faulty in Block A.,ECE
Generator backup failed in Lab 1.,Electrical
Scholarship not received in First Floor.,Others
Lab equipment is faulty in Second Floor.,ECE
Bus pass issue in Lab 2.,Others
Mouse is not responding in Block B.,CSE
Printer not working in Admin Block.,CSE
Arduino board not detected in Admin Block.,ECE
Power outage in classroom in Block A.,Electrical
Generator backup failed in Block A.,Electrical
Oscilloscope not working in First Floor.,ECE
Classroom is very dirty in Room 204.,Cleaning
Switch board is damaged in Second Floor.,Electrical
Function generator faulty in Room 101.,ECE
Classroom is very dirty in Second Floor.,Cleaning
Function generator faulty in First Floor.,ECE
Washroom needs cleaning in Block B.,Cleaning
Dustbins are overflowing in First Floor.,Cleaning
Bus pass issue in Block A.,Others
Power socket not working in Second Floor.,Electrical
Arduino board not detected in Block B.,ECE
Garbage not collected in First Floor.,Cleaning
Mouse is not responding in Admin Block.,CSE
Tap is leaking in Room 204.,Maintenance
Fan not working in hostel room in Lab 1.,Hostel
Function generator faulty in Room 101.,ECE
Floor needs mopping in Lab 1.,Cleaning
Library internet not working in Lab 1.,Library
Microcontroller kit not working in First Floor.,ECE
Arduino board not detected in Block B.,ECE
Bus pass issue in First Floor.,Others
Fan is not working in Room 101.,Electrical
Door lock is broken in Lab 2.,Maintenance
Loose electrical wiring in Block B.,Electrical
Library computer not working in Admin Block.,Library
Insufficient seating in library in Room 101.,Library
Scholarship not received in Second Floor.,Others
Tap is leaking in Lab 2.,Maintenance
Wall has cracks in Second Floor.,Maintenance
Fee payment portal not working in Lab 2.,Others
Keyboard not working in Lab 1.,CSE
Tap is leaking in Room 101.,Maintenance
Digital trainer board failed in First Floor.,ECE
Tap is leaking in Block B.,Maintenance
ID card not issued in Room 101.,Others
Garbage not collected in Room 101.,Cleaning
Arduino board not detected in First Floor.,ECE
Book return portal not working in Admin Block.,Library
Switch board is damaged in Lab 2.,Electrical
Breadboard is damaged in Lab 2.,ECE
Reading room is noisy in First Floor.,Library
Hostel WiFi not working in Room 204.,Hostel
Hostel room needs cleaning in Second Floor.,Hostel
Library AC not working in Second Floor.,Library
Library computer not working in Second Floor.,Library
Breadboard is damaged in Second Floor.,ECE
Roof seepage issue in Block B.,Maintenance
ID card not issued in Lab 2.,Others
Digital trainer board failed in First Floor.,ECE
Digital trainer board failed in Block B.,ECE
Keyboard not working in Room 101.,CSE
Bad smell in corridor in Second Floor.,Cleaning
Drinking water cooler not working in Admin Block.,Hostel
Hall ticket not generated in Second Floor.,Others
Tap is leaking in Second Floor.,Maintenance
Monitor display is blank in Room 101.,CSE
Tube light not working in First Floor.,Electrical
Generator backup failed in Lab 2.,Electrical
Washroom needs cleaning in Room 101.,Cleaning
Classroom is very dirty in Block B.,Cleaning
Drinking water cooler not working in Lab 2.,Hostel
Printer not working in Room 204.,CSE
Dustbins are overflowing in Lab 2.,Cleaning
Loose electrical wiring in Block B.,Electrical
Printer not working in Block B.,CSE
Reading room is noisy in Admin Block.,Library
General enquiry not resolved in Admin Block.,Others
Hostel WiFi not working in Second Floor.,Hostel
Door lock is broken in Lab 1.,Maintenance
Light is flickering in Block A.,Electrical
Mouse is not responding in First Floor.,CSE
Oscilloscope not working in Lab 2.,ECE
Tube light not working in Block B.,Electrical
Fan is not working in Block B.,Electrical
Loose electrical wiring in Admin Block.,Electrical
Water leaking from ceiling in Second Floor.,Maintenance
Washroom needs cleaning in Room 101.,Cleaning
System is running very slow in Block B.,CSE
Printer not working in Admin Block.,CSE
System is running very slow in Room 204.,CSE
Drinking water cooler not working in Block A.,Hostel
Mess food quality is poor in Lab 2.,Hostel
Staircase is dusty in First Floor.,Cleaning
Oscilloscope not working in Admin Block.,ECE
Book issue system not working in First Floor.,Library
Software installation required in Block A.,CSE
Fan not working in hostel room in Block B.,Hostel
Power socket not working in Room 204.,Electrical
Wall has cracks in Lab 2.,Maintenance
Floor needs mopping in Lab 1.,Cleaning
Hostel WiFi not working in Block B.,Hostel
Signal generator issue in Admin Block.,ECE
Software installation required in Block A.,CSE
Scholarship not received in Lab 2.,Others
Lab equipment is faulty in Block B.,ECE
Loose electrical wiring in Block A.,Electrical
Switch board is damaged in Second Floor.,Electrical
Power socket not working in Block B.,Electrical
Hostel WiFi not working in Lab 1.,Hostel
No water supply in hostel in First Floor.,Hostel
Mess food quality is poor in Room 204.,Hostel
Bad smell in corridor in Lab 1.,Cleaning
Fee payment portal not working in Block A.,Others
Fan not working in hostel room in Block A.,Hostel
Signal generator issue in Room 204.,ECE
Hostel WiFi not working in Room 101.,Hostel
Lab equipment is faulty in Lab 2.,ECE
Printer not working in Lab 2.,CSE
Bad smell in corridor in Lab 1.,Cleaning
Library AC not working in Lab 1.,Library
Switch board is damaged in First Floor.,Electrical
Hall ticket not generated in Room 204.,Others
Scholarship not received in First Floor.,Others
Internet not working in lab in Room 101.,CSE
Staircase is dusty in Room 204.,Cleaning
Light is flickering in Lab 2.,Electrical
Broken classroom bench in Second Floor.,Maintenance
Plumbing problem in Lab 1.,Maintenance
General enquiry not resolved in Room 204.,Others
Light is flickering in Block A.,Electrical
Generator backup failed in First Floor.,Electrical
Signal generator issue in First Floor.,ECE
Mouse is not responding in First Floor.,CSE
Reading room is noisy in Block A.,Library
Reading room is noisy in Lab 2.,Library
Tube light not working in Room 101.,Electrical
Signal generator issue in Lab 1.,ECE
ID card not issued in Second Floor.,Others
Printer not working in Lab 1.,CSE
Classroom is very dirty in Lab 2.,Cleaning
Staircase is dusty in First Floor.,Cleaning
Power socket not working in Second Floor.,Electrical
Scholarship not received in Admin Block.,Others
Plumbing problem in Block A.,Maintenance
Keyboard not working in Room 204.,CSE
Internet not working in lab in Room 204.,CSE
Arduino board not detected in Lab 2.,ECE
Signal generator issue in Second Floor.,ECE
Library computer not working in Second Floor.,Library
Library AC not working in Block A.,Library
Software installation required in First Floor.,CSE
Room lock is broken in First Floor.,Hostel
Power socket not working in Lab 2.,Electrical
Generator backup failed in Block A.,Electrical
Fan not working in hostel room in First Floor.,Hostel
Floor needs mopping in Lab 2.,Cleaning
Hostel WiFi not working in Lab 1.,Hostel
Drinking water cooler not working in Room 204.,Hostel
Keyboard not working in Admin Block.,CSE
Power outage in classroom in Block B.,Electrical
ID card not issued in Lab 2.,Others
General enquiry not resolved in Block B.,Others
Computer not starting in Room 204.,CSE
Library AC not working in Admin Block.,Library
Garbage not collected in First Floor.,Cleaning
ID card not issued in Second Floor.,Others
Library internet not working in Block B.,Library
ID card not issued in Second Floor.,Others
Fan is not working in Lab 2.,Electrical
Room lock is broken in Block A.,Hostel
Power outage in classroom in Block A.,Electrical
Book return portal not working in Block B.,Library
Mess food quality is poor in Second Floor.,Hostel
General enquiry not resolved in First Floor.,Others
ID card not issued in Second Floor.,Others
Loose electrical wiring in Admin Block.,Electrical
Tube light not working in Block B.,Electrical
Website login problem in Room 204.,Others
System is running very slow in Block A.,CSE
ID card not issued in Admin Block.,Others
Roof seepage issue in Block A.,Maintenance
Scholarship not received in Lab 1.,Others
Bonafide certificate delayed in Lab 2.,Others
Drinking water cooler not working in Lab 1.,Hostel
General enquiry not resolved in Room 101.,Others
Reading room is noisy in Admin Block.,Library
Generator backup failed in Second Floor.,Electrical
Bus pass issue in Admin Block.,Others
Garbage not collected in Lab 1.,Cleaning
Bathroom is dirty in First Floor.,Hostel
Fan not working in hostel room in First Floor.,Hostel
No water supply in hostel in Room 204.,Hostel
Internet not working in lab in Block B.,CSE
Oscilloscope not working in Block B.,ECE
Bus pass issue in Room 101.,Others
Mouse is not responding in First Floor.,CSE
Broken classroom bench in Lab 1.,Maintenance
Fan is not working in Lab 1.,Electrical
Tap is leaking in Room 101.,Maintenance
Bathroom is dirty in Block A.,Hostel
Roof seepage issue in Second Floor.,Maintenance
Library computer not working in Block B.,Library
Bathroom is dirty in First Floor.,Hostel
System is running very slow in First Floor.,CSE
Water leaking from ceiling in Room 101.,Maintenance
Washroom needs cleaning in First Floor.,Cleaning
Power socket not working in Lab 1.,Electrical
Staircase is dusty in First Floor.,Cleaning
Oscilloscope not working in Second Floor.,ECE
Tube light not working in Block B.,Electrical
Breadboard is damaged in Lab 1.,ECE
Signal generator issue in Lab 2.,ECE
Broken classroom bench in Block B.,Maintenance
Generator backup failed in Room 204.,Electrical
Door lock is broken in Room 101.,Maintenance
Bad smell in corridor in Admin Block.,Cleaning
Signal generator issue in Block B.,ECE
Website login problem in Block A.,Others
Power socket not working in First Floor.,Electrical
Water leaking from ceiling in Block B.,Maintenance
Mess food quality is poor in Room 204.,Hostel
Keyboard not working in Block A.,CSE
Campus area is dirty in Block B.,Cleaning
Garbage not collected in Lab 1.,Cleaning
Book issue system not working in Block B.,Library
Computer not starting in Lab 2.,CSE
Plumbing problem in Lab 2.,Maintenance
Bonafide certificate delayed in Second Floor.,Others
Required book is unavailable in Room 101.,Library
Book return portal not working in Lab 2.,Library
Insufficient seating in library in Room 101.,Library
Switch board is damaged in Lab 2.,Electrical
Oscilloscope not working in Block B.,ECE
Switch board is damaged in Lab 2.,Electrical
Fee payment portal not working in Block B.,Others
Scholarship not received in Second Floor.,Others
Computer not starting in First Floor.,CSE
Fan is not working in Lab 2.,Electrical
Book issue system not working in First Floor.,Library
No water supply in hostel in Room 101.,Hostel
Roof seepage issue in Second Floor.,Maintenance
Breadboard is damaged in Room 101.,ECE
Book return portal not working in Block A.,Library
Mouse is not responding in Admin Block.,CSE
Campus area is dirty in Room 101.,Cleaning
Bathroom is dirty in Lab 2.,Hostel
Roof seepage issue in First Floor.,Maintenance
Switch board is damaged in Room 101.,Electrical
Mess food quality is poor in Lab 2.,Hostel
Fan is not working in Room 101.,Electrical
Bonafide certificate delayed in Admin Block.,Others
Plumbing problem in Second Floor.,Maintenance
Reading room is noisy in Room 204.,Library
Tap is leaking in Room 101.,Maintenance
Insufficient seating in library in Room 101.,Library
Microcontroller kit not working in Room 204.,ECE
Wall has cracks in Lab 1.,Maintenance
Reading room is noisy in Room 204.,Library
Power socket not working in Second Floor.,Electrical
Reading room is noisy in Room 204.,Library
Generator backup failed in Block B.,Electrical
Signal generator issue in Room 204.,ECE
No water supply in hostel in Second Floor.,Hostel
Garbage not collected in Lab 2.,Cleaning
Classroom is very dirty in First Floor.,Cleaning
Hall ticket not generated in First Floor.,Others
No water supply in hostel in Second Floor.,Hostel
Software installation required in Lab 1.,CSE
Book issue system not working in Room 204.,Library
Library computer not working in Block A.,Library
Fan is not working in First Floor.,Electrical
Arduino board not detected in Lab 1.,ECE
Tap is leaking in Block B.,Maintenance
Mess food quality is poor in Block B.,Hostel
Classroom is very dirty in Block A.,Cleaning
Roof seepage issue in Block B.,Maintenance
Garbage not collected in Room 204.,Cleaning
Book return portal not working in First Floor.,Library
General enquiry not resolved in Room 204.,Others
Bus pass issue in Lab 2.,Others
Required book is unavailable in Room 101.,Library
Generator backup failed in Block A.,Electrical
Arduino board not detected in First Floor.,ECE
Fee payment portal not working in First Floor.,Others
Hostel room needs cleaning in Block A.,Hostel
Power outage in classroom in Lab 1.,Electrical
Oscilloscope not working in Second Floor.,ECE
Staircase is dusty in Room 101.,Cleaning
Bus pass issue in Admin Block.,Others
Loose electrical wiring in Lab 1.,Electrical
Book issue system not working in Block B.,Library
Insufficient seating in library in Lab 2.,Library
Water leaking from ceiling in First Floor.,Maintenance
Internet not working in lab in Block A.,CSE
Mouse is not responding in Second Floor.,CSE
Website login problem in Second Floor.,Others
Bathroom is dirty in Admin Block.,Hostel
Book return portal not working in Second Floor.,Library
Fee payment portal not working in Room 204.,Others
Arduino board not detected in Room 101.,ECE
Library computer not working in Lab 1.,Library
Insufficient seating in library in First Floor.,Library
Water leaking from ceiling in Block B.,Maintenance
Breadboard is damaged in Lab 2.,ECE
Digital trainer board failed in Room 101.,ECE
Staircase is dusty in Block B.,Cleaning
Generator backup failed in Admin Block.,Electrical
Website login problem in Room 204.,Others
Required book is unavailable in Block B.,Library
Staircase is dusty in Lab 1.,Cleaning
Software installation required in Lab 1.,CSE
Breadboard is damaged in Room 204.,ECE
Light is flickering in First Floor.,Electrical
Printer not working in Second Floor.,CSE
Loose electrical wiring in Block B.,Electrical
Floor needs mopping in Room 101.,Cleaning
Drinking water cooler not working in Lab 2.,Hostel
Switch board is damaged in Block A.,Electrical
Dustbins are overflowing in Block B.,Cleaning
Hall ticket not generated in Second Floor.,Others
Internet not working in lab in Second Floor.,CSE
Generator backup failed in Admin Block.,Electrical
Light is flickering in Lab 1.,Electrical
Light is flickering in Block A.,Electrical
Water leaking from ceiling in Room 101.,Maintenance
Printer not working in Room 204.,CSE
Roof seepage issue in Block B.,Maintenance
Hall ticket not generated in Room 101.,Others
Staircase is dusty in Lab 1.,Cleaning
Mouse is not responding in Second Floor.,CSE
Book return portal not working in Block B.,Library
Function generator faulty in Second Floor.,ECE
Library internet not working in Room 204.,Library
Library computer not working in Block A.,Library
Software installation required in Room 204.,CSE
Mouse is not responding in First Floor.,CSE
Fee payment portal not working in Second Floor.,Others
Roof seepage issue in Lab 1.,Maintenance
Campus area is dirty in Room 101.,Cleaning
Tube light not working in Room 101.,Electrical
Book return portal not working in Room 204.,Library
Loose electrical wiring in Admin Block.,Electrical
Roof seepage issue in Lab 2.,Maintenance
Tube light not working in Second Floor.,Electrical
Book return portal not working in Admin Block.,Library
Library internet not working in First Floor.,Library
Bus pass issue in Block B.,Others
Drinking water cooler not working in Lab 2.,Hostel
Light is flickering in Second Floor.,Electrical
Microcontroller kit not working in Room 101.,ECE
General enquiry not resolved in Lab 2.,Others
Book issue system not working in Lab 2.,Library
Arduino board not detected in Block A.,ECE
Scholarship not received in Block B.,Others
Light is flickering in Room 101.,Electrical
Hostel room needs cleaning in Block B.,Hostel
Internet not working in lab in Room 204.,CSE
Bonafide certificate delayed in Block A.,Others
Reading room is noisy in Admin Block.,Library
Fan is not working in First Floor.,Electrical
Signal generator issue in Block A.,ECE
Loose electrical wiring in Block A.,Electrical
Reading room is noisy in Block B.,Library
Floor needs mopping in Lab 2.,Cleaning
Staircase is dusty in Admin Block.,Cleaning
Fan is not working in Lab 2.,Electrical
Breadboard is damaged in Second Floor.,ECE
Printer not working in Room 204.,CSE
Breadboard is damaged in Admin Block.,ECE
Keyboard not working in Block A.,CSE
Light is flickering in Admin Block.,Electrical
Washroom needs cleaning in Block A.,Cleaning
Broken classroom bench in Block A.,Maintenance
General enquiry not resolved in Block B.,Others
Campus area is dirty in Room 101.,Cleaning
Printer not working in Block A.,CSE
Switch board is damaged in Block B.,Electrical
Hostel WiFi not working in Lab 1.,Hostel
Garbage not collected in First Floor.,Cleaning
Required book is unavailable in Block B.,Library
Signal generator issue in Block B.,ECE
Book return portal not working in Block A.,Library
Printer not working in First Floor.,CSE
Library AC not working in Lab 2.,Library
Arduino board not detected in Second Floor.,ECE
Required book is unavailable in Lab 1.,Library
Arduino board not detected in Room 204.,ECE
Breadboard is damaged in Admin Block.,ECE
Bus pass issue in Admin Block.,Others
Function generator faulty in Second Floor.,ECE
Switch board is damaged in Second Floor.,Electrical
Plumbing problem in Lab 2.,Maintenance
Room lock is broken in Block B.,Hostel
Water leaking from ceiling in Second Floor.,Maintenance
Loose electrical wiring in Lab 2.,Electrical
Garbage not collected in Lab 2.,Cleaning
Mouse is not responding in Second Floor.,CSE
Loose electrical wiring in Block B.,Electrical
Digital trainer board failed in Lab 2.,ECE
Website login problem in Room 101.,Others
Digital trainer board failed in Second Floor.,ECE
Power socket not working in Block A.,Electrical
Website login problem in Room 204.,Others
Door lock is broken in Second Floor.,Maintenance
Campus area is dirty in Block A.,Cleaning
Power socket not working in Room 101.,Electrical
Mouse is not responding in Admin Block.,CSE
Library computer not working in Room 204.,Library
Hostel WiFi not working in Block A.,Hostel
Computer not starting in Room 101.,CSE
Window glass is broken in Block A.,Maintenance
Staircase is dusty in Block B.,Cleaning
Wall has cracks in Room 101.,Maintenance
No water supply in hostel in Room 204.,Hostel
Microcontroller kit not working in First Floor.,ECE
No water supply in hostel in Lab 2.,Hostel
Loose electrical wiring in Room 204.,Electrical
Website login problem in Lab 1.,Others
Door lock is broken in Block A.,Maintenance
Tube light not working in Lab 2.,Electrical
Garbage not collected in First Floor.,Cleaning
Oscilloscope not working in Block B.,ECE
Tap is leaking in Block A.,Maintenance
Drinking water cooler not working in Block A.,Hostel
Classroom is very dirty in First Floor.,Cleaning
Oscilloscope not working in Second Floor.,ECE
Dustbins are overflowing in Room 101.,Cleaning
Library AC not working in Admin Block.,Library
Scholarship not received in Room 204.,Others
Floor needs mopping in Admin Block.,Cleaning
Book return portal not working in First Floor.,Library
Digital trainer board failed in Admin Block.,ECE
Mouse is not responding in Lab 2.,CSE
Fee payment portal not working in Block B.,Others
Signal generator issue in Lab 2.,ECE
Library computer not working in First Floor.,Library
Fee payment portal not working in Room 101.,Others
Room lock is broken in Admin Block.,Hostel
Hall ticket not generated in Block B.,Others
Tap is leaking in Room 204.,Maintenance
Book issue system not working in Lab 1.,Library
ID card not issued in Room 101.,Others
Library internet not working in First Floor.,Library
No water supply in hostel in Admin Block.,Hostel
Monitor display is blank in Block A.,CSE
Tap is leaking in Admin Block.,Maintenance
General enquiry not resolved in Block A.,Others
Mess food quality is poor in Admin Block.,Hostel
Roof seepage issue in Second Floor.,Maintenance
Washroom needs cleaning in Room 204.,Cleaning
Arduino board not detected in Room 204.,ECE
Wall has cracks in Block A.,Maintenance
Light is flickering in Room 204.,Electrical
Library AC not working in Room 101.,Library
Garbage not collected in First Floor.,Cleaning
Power outage in classroom in Lab 2.,Electrical
General enquiry not resolved in Lab 1.,Others
Staircase is dusty in Admin Block.,Cleaning
Bad smell in corridor in Room 101.,Cleaning
Water leaking from ceiling in Block B.,Maintenance
Dustbins are overflowing in Room 101.,Cleaning
Fan not working in hostel room in Block A.,Hostel
Switch board is damaged in Block A.,Electrical
Drinking water cooler not working in Lab 2.,Hostel
Breadboard is damaged in Admin Block.,ECE
Arduino board not detected in Lab 1.,ECE
Garbage not collected in Second Floor.,Cleaning
Hostel WiFi not working in Second Floor.,Hostel
Hostel room needs cleaning in Block B.,Hostel
System is running very slow in Lab 1.,CSE
Room lock is broken in Block A.,Hostel
Generator backup failed in Room 204.,Electrical
Software installation required in Room 204.,CSE
Hostel room needs cleaning in Lab 1.,Hostel
Campus area is dirty in Second Floor.,Cleaning
Website login problem in Room 101.,Others
Drinking water cooler not working in Room 204.,Hostel
Library AC not working in First Floor.,Library
Book return portal not working in Lab 1.,Library
Floor needs mopping in Lab 1.,Cleaning
Scholarship not received in Block A.,Others
ID card not issued in Block B.,Others
Mouse is not responding in Lab 1.,CSE
Room lock is broken in Lab 1.,Hostel
Library computer not working in Admin Block.,Library
Drinking water cooler not working in Lab 1.,Hostel
Bonafide certificate delayed in First Floor.,Others
Light is flickering in Lab 2.,Electrical
Power socket not working in Room 204.,Electrical
Breadboard is damaged in Room 204.,ECE
Mouse is not responding in Block B.,CSE
Wall has cracks in Room 101.,Maintenance
General enquiry not resolved in Second Floor.,Others
Signal generator issue in Admin Block.,ECE
Washroom needs cleaning in Lab 2.,Cleaning
Tube light not working in Lab 2.,Electrical
Microcontroller kit not working in Block A.,ECE
Wall has cracks in Lab 2.,Maintenance
Mouse is not responding in Room 101.,CSE
Window glass is broken in Lab 1.,Maintenance
Garbage not collected in Admin Block.,Cleaning
Door lock is broken in Block A.,Maintenance
Staircase is dusty in Block A.,Cleaning
Broken classroom bench in Lab 1.,Maintenance
Mess food quality is poor in Admin Block.,Hostel
Garbage not collected in Admin Block.,Cleaning
Reading room is noisy in Block B.,Library
System is running very slow in Block B.,CSE
Wall has cracks in Admin Block.,Maintenance
Hostel WiFi not working in Block A.,Hostel
Staircase is dusty in Lab 1.,Cleaning
Staircase is dusty in Block A.,Cleaning
Website login problem in First Floor.,Others
No water supply in hostel in Room 204.,Hostel
Reading room is noisy in Block A.,Library
Website login problem in Lab 1.,Others
Bus pass issue in Block A.,Others
Arduino board not detected in Block A.,ECE
Function generator faulty in Admin Block.,ECE
Hostel room needs cleaning in Admin Block.,Hostel
Required book is unavailable in Admin Block.,Library
Bus pass issue in Block B.,Others
Monitor display is blank in First Floor.,CSE
Plumbing problem in Room 101.,Maintenance
Bathroom is dirty in Block A.,Hostel
Computer not starting in Room 204.,CSE
Library computer not working in Lab 2.,Library
Fan is not working in Second Floor.,Electrical
Scholarship not received in Lab 2.,Others
Required book is unavailable in Admin Block.,Library
Floor needs mopping in Room 204.,Cleaning
Reading room is noisy in Room 204.,Library
Scholarship not received in Block B.,Others
Hostel WiFi not working in Lab 1.,Hostel
Book return portal not working in Block A.,Library
Door lock is broken in Second Floor.,Maintenance
No water supply in hostel in Admin Block.,Hostel
Room lock is broken in Lab 1.,Hostel
Tap is leaking in First Floor.,Maintenance
Function generator faulty in Block A.,ECE
Campus area is dirty in Room 204.,Cleaning
Bathroom is dirty in Block A.,Hostel
Library computer not working in First Floor.,Library
Hostel WiFi not working in Admin Block.,Hostel
Power outage in classroom in First Floor.,Electrical
Internet not working in lab in Admin Block.,CSE
Microcontroller kit not working in First Floor.,ECE
Wall has cracks in Lab 1.,Maintenance
Tap is leaking in Block A.,Maintenance
Scholarship not received in Lab 1.,Others
Software installation required in Lab 2.,CSE
Window glass is broken in Second Floor.,Maintenance
Fan not working in hostel room in Admin Block.,Hostel
Computer not starting in Block A.,CSE
Bonafide certificate delayed in Lab 2.,Others
Hostel WiFi not working in Second Floor.,Hostel
Book return portal not working in Lab 2.,Library
Hostel room needs cleaning in Room 204.,Hostel
Power outage in classroom in Block A.,Electrical
Dustbins are overflowing in Lab 1.,Cleaning
Room lock is broken in Lab 2.,Hostel
Required book is unavailable in First Floor.,Library
Tap is leaking in Room 204.,Maintenance
Bad smell in corridor in Lab 2.,Cleaning
ID card not issued in Block A.,Others
Hostel room needs cleaning in Admin Block.,Hostel
Light is flickering in Block A.,Electrical
Scholarship not received in Room 101.,Others
Library AC not working in Second Floor.,Library
Water leaking from ceiling in Block A.,Maintenance
Arduino board not detected in Block B.,ECE
Loose electrical wiring in Admin Block.,Electrical
Insufficient seating in library in Lab 1.,Library
Scholarship not received in First Floor.,Others
Power outage in classroom in First Floor.,Electrical
Drinking water cooler not working in Room 204.,Hostel
Reading room is noisy in First Floor.,Library
Book issue system not working in Room 204.,Library
Switch board is damaged in Second Floor.,Electrical
Fan not working in hostel room in Block B.,Hostel
Breadboard is damaged in Block A.,ECE
ID card not issued in Lab 1.,Others
Monitor display is blank in Lab 1.,CSE
Drinking water cooler not working in Second Floor.,Hostel
Mouse is not responding in Admin Block.,CSE
Book return portal not working in Block B.,Library
Insufficient seating in library in Block B.,Library
Reading room is noisy in Block A.,Library
Staircase is dusty in Room 204.,Cleaning
Oscilloscope not working in Block A.,ECE
Software installation required in Lab 2.,CSE
Mouse is not responding in Lab 1.,CSE
Wall has cracks in Room 101.,Maintenance
Keyboard not working in Block A.,CSE
Bonafide certificate delayed in Admin Block.,Others
Washroom needs cleaning in Lab 2.,Cleaning
Fan is not working in First Floor.,Electrical
ID card not issued in Second Floor.,Others
ID card not issued in Block B.,Others
Scholarship not received in Room 204.,Others
Water leaking from ceiling in Second Floor.,Maintenance
Bathroom is dirty in Room 204.,Hostel
Staircase is dusty in First Floor.,Cleaning
Oscilloscope not working in Block A.,ECE
Oscilloscope not working in Lab 2.,ECE
Software installation required in Block B.,CSE
Washroom needs cleaning in Block B.,Cleaning
Room lock is broken in Room 101.,Hostel
Breadboard is damaged in Lab 1.,ECE
Plumbing problem in Second Floor.,Maintenance
Generator backup failed in First Floor.,Electrical
Floor needs mopping in Block B.,Cleaning
Generator backup failed in First Floor.,Electrical
Monitor display is blank in Room 101.,CSE
General enquiry not resolved in Admin Block.,Others
Keyboard not working in Lab 1.,CSE
Scholarship not received in Block B.,Others
Monitor display is blank in First Floor.,CSE
Room lock is broken in First Floor.,Hostel
Fan is not working in Second Floor.,Electrical
Broken classroom bench in First Floor.,Maintenance
Library internet not working in Lab 2.,Library
Scholarship not received in Second Floor.,Others
Microcontroller kit not working in Lab 2.,ECE
Arduino board not detected in Second Floor.,ECE
Book issue system not working in Room 204.,Library
Bonafide certificate delayed in First Floor.,Others
Garbage not collected in First Floor.,Cleaning
General enquiry not resolved in Block B.,Others
Window glass is broken in Room 204.,Maintenance
Required book is unavailable in Lab 2.,Library
Wall has cracks in Block A.,Maintenance
Book return portal not working in Lab 1.,Library
Power outage in classroom in Second Floor.,Electrical
Tap is leaking in Admin Block.,Maintenance
Internet not working in lab in Room 101.,CSE
Water leaking from ceiling in Block A.,Maintenance
Function generator faulty in Lab 2.,ECE
Website login problem in Lab 2.,Others
Bad smell in corridor in First Floor.,Cleaning
Website login problem in Admin Block.,Others
Insufficient seating in library in Admin Block.,Library
Microcontroller kit not working in Block B.,ECE
Printer not working in Block A.,CSE
Bad smell in corridor in Room 204.,Cleaning
Lab equipment is faulty in Block B.,ECE
Mess food quality is poor in Block B.,Hostel
Tap is leaking in Room 101.,Maintenance
Roof seepage issue in Lab 2.,Maintenance
Fan not working in hostel room in Lab 1.,Hostel
System is running very slow in Lab 2.,CSE
Oscilloscope not working in Room 101.,ECE
Reading room is noisy in First Floor.,Library
Garbage not collected in First Floor.,Cleaning
Room lock is broken in Lab 1.,Hostel
Website login problem in Room 204.,Others
Computer not starting in Lab 1.,CSE
Microcontroller kit not working in Block A.,ECE
Light is flickering in Room 204.,Electrical
Monitor display is blank in Room 101.,CSE
Digital trainer board failed in Lab 1.,ECE
Tube light not working in Admin Block.,Electrical
Library computer not working in Lab 1.,Library
Software installation required in Block A.,CSE
Breadboard is damaged in First Floor.,ECE
Internet not working in lab in Lab 2.,CSE
Book return portal not working in Lab 1.,Library
Switch board is damaged in Block A.,Electrical
Fan is not working in Lab 2.,Electrical
System is running very slow in Room 204.,CSE
Function generator faulty in Block A.,ECE
Library computer not working in Second Floor.,Library
Scholarship not received in Block A.,Others
Bonafide certificate delayed in Room 101.,Others
Bathroom is dirty in Second Floor.,Hostel
Library AC not working in Lab 2.,Library
Power socket not working in Block B.,Electrical
Window glass is broken in Second Floor.,Maintenance
No water supply in hostel in Second Floor.,Hostel
Hostel WiFi not working in First Floor.,Hostel
Room lock is broken in Admin Block.,Hostel
Garbage not collected in Lab 1.,Cleaning
Mess food quality is poor in First Floor.,Hostel
Monitor display is blank in Lab 1.,CSE
System is running very slow in Admin Block.,CSE
Generator backup failed in Second Floor.,Electrical
Washroom needs cleaning in Room 204.,Cleaning
Fan not working in hostel room in Room 101.,Hostel
Roof seepage issue in Block A.,Maintenance
Plumbing problem in First Floor.,Maintenance
System is running very slow in Room 204.,CSE
Insufficient seating in library in Room 204.,Library
Bad smell in corridor in Room 101.,Cleaning
Generator backup failed in Room 101.,Electrical
Website login problem in Lab 2.,Others
Keyboard not working in Lab 2.,CSE
Internet not working in lab in Block A.,CSE
Insufficient seating in library in Admin Block.,Library
Library internet not working in Admin Block.,Library
Arduino board not detected in First Floor.,ECE
Dustbins are overflowing in Lab 1.,Cleaning
Book issue system not working in Block B.,Library
Roof seepage issue in Block B.,Maintenance
ID card not issued in Block B.,Others
Floor needs mopping in Room 101.,Cleaning
Washroom needs cleaning in Block B.,Cleaning
Dustbins are overflowing in First Floor.,Cleaning
Required book is unavailable in Block A.,Library
Oscilloscope not working in First Floor.,ECE
Washroom needs cleaning in Admin Block.,Cleaning
Window glass is broken in Second Floor.,Maintenance
Roof seepage issue in Lab 2.,Maintenance
Tube light not working in Block B.,Electrical
Power socket not working in Block B.,Electrical
ID card not issued in Second Floor.,Others
Power socket not working in Lab 1.,Electrical
Fee payment portal not working in Lab 1.,Others
Bonafide certificate delayed in Room 204.,Others
Insufficient seating in library in Lab 1.,Library
Roof seepage issue in Block B.,Maintenance
Hostel room needs cleaning in First Floor.,Hostel
Window glass is broken in Lab 2.,Maintenance
Website login problem in Room 204.,Others
Book return portal not working in Lab 2.,Library
Campus area is dirty in First Floor.,Cleaning
Hall ticket not generated in Admin Block.,Others
Power outage in classroom in First Floor.,Electrical
Library AC not working in Admin Block.,Library
Library internet not working in Block B.,Library
Website login problem in First Floor.,Others
Arduino board not detected in Lab 1.,ECE
Fan not working in hostel room in Room 204.,Hostel
Reading room is noisy in Lab 2.,Library
Scholarship not received in Room 204.,Others
Library internet not working in First Floor.,Library
Bathroom is dirty in Admin Block.,Hostel
Bonafide certificate delayed in Block B.,Others
Hostel room needs cleaning in Admin Block.,Hostel
Staircase is dusty in Room 204.,Cleaning
Digital trainer board failed in Block A.,ECE
Hostel WiFi not working in Lab 1.,Hostel
Keyboard not working in Lab 2.,CSE
Fee payment portal not working in Lab 1.,Others
ID card not issued in Block B.,Others
Library computer not working in Block A.,Library
Fan not working in hostel room in Room 101.,Hostel
Wall has cracks in Room 204.,Maintenance
Generator backup failed in Room 204.,Electrical
Keyboard not working in Room 101.,CSE
Bad smell in corridor in Block B.,Cleaning
Fee payment portal not working in Block A.,Others
Book issue system not working in Lab 2.,Library
Bonafide certificate delayed in First Floor.,Others
Lab equipment is faulty in Admin Block.,ECE
Printer not working in Block A.,CSE
Bathroom is dirty in Block A.,Hostel
Drinking water cooler not working in Lab 1.,Hostel
Required book is unavailable in First Floor.,Library
Mess food quality is poor in Block B.,Hostel
Tube light not working in Lab 2.,Electrical
Function generator faulty in Block A.,ECE
Bonafide certificate delayed in Block A.,Others
Oscilloscope not working in First Floor.,ECE
Digital trainer board failed in Second Floor.,ECE
Classroom is very dirty in Room 204.,Cleaning
Scholarship not received in Block B.,Others
Arduino board not detected in Room 101.,ECE
Mouse is not responding in Admin Block.,CSE
Scholarship not received in Block A.,Others
Digital trainer board failed in Block A.,ECE
Software installation required in Lab 1.,CSE
Door lock is broken in Lab 1.,Maintenance
Switch board is damaged in First Floor.,Electrical
Mouse is not responding in Block A.,CSE
Book return portal not working in Block B.,Library
Computer not starting in Block A.,CSE
Dustbins are overflowing in Lab 2.,Cleaning
Water leaking from ceiling in Admin Block.,Maintenance
Keyboard not working in Second Floor.,CSE
Light is flickering in First Floor.,Electrical
Hostel WiFi not working in Block A.,Hostel
Wall has cracks in First Floor.,Maintenance
Room lock is broken in Lab 2.,Hostel
Required book is unavailable in Room 101.,Library
Loose electrical wiring in Lab 1.,Electrical
Library computer not working in Lab 2.,Library
Window glass is broken in Admin Block.,Maintenance
Fee payment portal not working in Lab 1.,Others
Plumbing problem in Block B.,Maintenance
Broken classroom bench in Block B.,Maintenance
Fan not working in hostel room in Lab 1.,Hostel
Required book is unavailable in First Floor.,Library
Room lock is broken in Block B.,Hostel
Scholarship not received in Second Floor.,Others
Bad smell in corridor in First Floor.,Cleaning
No water supply in hostel in Lab 1.,Hostel
Window glass is broken in Room 204.,Maintenance
Signal generator issue in Lab 1.,ECE
Arduino board not detected in Lab 1.,ECE
Wall has cracks in First Floor.,Maintenance
Signal generator issue in Room 101.,ECE
Roof seepage issue in Lab 1.,Maintenance
Light is flickering in Lab 2.,Electrical
System is running very slow in Lab 2.,CSE
Power outage in classroom in Room 204.,Electrical
Washroom needs cleaning in Lab 1.,Cleaning
Dustbins are overflowing in Lab 1.,Cleaning
Mouse is not responding in Second Floor.,CSE
Reading room is noisy in Admin Block.,Library
Broken classroom bench in Second Floor.,Maintenance
Water leaking from ceiling in Second Floor.,Maintenance
Keyboard not working in Room 101.,CSE
Digital trainer board failed in Room 204.,ECE
Mess food quality is poor in Block B.,Hostel
Drinking water cooler not working in First Floor.,Hostel
Tap is leaking in Block B.,Maintenance
Switch board is damaged in Second Floor.,Electrical
Wall has cracks in Admin Block.,Maintenance
Library AC not working in Block A.,Library
Campus area is dirty in First Floor.,Cleaning
Campus area is dirty in Admin Block.,Cleaning
Printer not working in Block A.,CSE
Bus pass issue in First Floor.,Others
Bad smell in corridor in Lab 2.,Cleaning
Bad smell in corridor in Admin Block.,Cleaning
Book issue system not working in Lab 1.,Library
Lab equipment is faulty in Lab 1.,ECE
Drinking water cooler not working in Room 101.,Hostel
Library AC not working in Room 101.,Library
Broken classroom bench in First Floor.,Maintenance
Monitor display is blank in Room 204.,CSE
Bonafide certificate delayed in Lab 2.,Others
Floor needs mopping in Admin Block.,Cleaning
Water leaking from ceiling in Admin Block.,Maintenance
Window glass is broken in Lab 2.,Maintenance
Printer not working in Block B.,CSE
Garbage not collected in Lab 2.,Cleaning
Oscilloscope not working in Second Floor.,ECE
General enquiry not resolved in Room 101.,Others
No water supply in hostel in Room 204.,Hostel
Bad smell in corridor in Second Floor.,Cleaning
Library AC not working in Room 101.,Library
Light is flickering in Admin Block.,Electrical
Function generator faulty in Lab 1.,ECE
Oscilloscope not working in Room 204.,ECE
Insufficient seating in library in Lab 2.,Library
Scholarship not received in Room 204.,Others
Mouse is not responding in Lab 2.,CSE
Hall ticket not generated in First Floor.,Others
Hostel room needs cleaning in Block B.,Hostel
Printer not working in Second Floor.,CSE
Classroom is very dirty in Room 101.,Cleaning
ID card not issued in Lab 2.,Others
General enquiry not resolved in Block A.,Others
Floor needs mopping in Block A.,Cleaning
Book issue system not working in Lab 2.,Library
Library internet not working in Lab 1.,Library
Monitor display is blank in Lab 1.,CSE
Scholarship not received in Block B.,Others
Fan not working in hostel room in Admin Block.,Hostel
Internet not working in lab in Block A.,CSE
Fee payment portal not working in Block B.,Others
Website login problem in Lab 1.,Others
Power socket not working in Lab 2.,Electrical
Tube light not working in Room 204.,Electrical
Loose electrical wiring in Block B.,Electrical
Signal generator issue in Admin Block.,ECE
Fan not working in hostel room in Block B.,Hostel
Broken classroom bench in Admin Block.,Maintenance
Room lock is broken in Room 204.,Hostel
Insufficient seating in library in Block B.,Library
Digital trainer board failed in Block B.,ECE
Window glass is broken in Lab 1.,Maintenance
System is running very slow in Second Floor.,CSE
Fee payment portal not working in Block A.,Others
Bonafide certificate delayed in Block A.,Others
Microcontroller kit not working in Admin Block.,ECE
Dustbins are overflowing in Block A.,Cleaning
Power socket not working in First Floor.,Electrical
Hostel room needs cleaning in Room 101.,Hostel
Monitor display is blank in First Floor.,CSE
General enquiry not resolved in First Floor.,Others
Bad smell in corridor in Block A.,Cleaning
Power outage in classroom in Second Floor.,Electrical
Function generator faulty in Lab 2.,ECE
Scholarship not received in Block A.,Others
Keyboard not working in Block B.,CSE
Library internet not working in Room 204.,Library
Dustbins are overflowing in Block A.,Cleaning
Website login problem in Lab 2.,Others
Breadboard is damaged in Room 101.,ECE
Library AC not working in Room 101.,Library
Reading room is noisy in Lab 1.,Library
Breadboard is damaged in Lab 2.,ECE
Wall has cracks in Block A.,Maintenance
Dustbins are overflowing in Lab 1.,Cleaning
Software installation required in Second Floor.,CSE
Power outage in classroom in Lab 2.,Electrical
Library internet not working in Block B.,Library
Hostel WiFi not working in First Floor.,Hostel
Bathroom is dirty in Lab 1.,Hostel
Roof seepage issue in Lab 1.,Maintenance
Hostel WiFi not working in Block B.,Hostel
Room lock is broken in Lab 2.,Hostel
Digital trainer board failed in Room 204.,ECE
Room lock is broken in Lab 2.,Hostel
Light is flickering in First Floor.,Electrical
No water supply in hostel in Block A.,Hostel
Fee payment portal not working in Block A.,Others
Drinking water cooler not working in Room 204.,Hostel
Power outage in classroom in Admin Block.,Electrical
Required book is unavailable in Block A.,Library
Classroom is very dirty in First Floor.,Cleaning
Window glass is broken in Second Floor.,Maintenance
Staircase is dusty in Block A.,Cleaning
Tap is leaking in Admin Block.,Maintenance
Mouse is not responding in Block A.,CSE
Lab equipment is faulty in Admin Block.,ECE
Room lock is broken in Lab 2.,Hostel
Loose electrical wiring in Block A.,Electrical
Breadboard is damaged in First Floor.,ECE
System is running very slow in Room 101.,CSE
Loose electrical wiring in Room 204.,Electrical
Book issue system not working in First Floor.,Library
Bad smell in corridor in First Floor.,Cleaning
Digital trainer board failed in Block B.,ECE
Bonafide certificate delayed in Block A.,Others
Printer not working in Room 101.,CSE
Hostel WiFi not working in Room 101.,Hostel
Tube light not working in Lab 2.,Electrical
Keyboard not working in Lab 2.,CSE
Floor needs mopping in First Floor.,Cleaning
Bus pass issue in Lab 2.,Others
Room lock is broken in Block B.,Hostel
Mouse is not responding in Room 101.,CSE
Keyboard not working in Lab 1.,CSE
Computer not starting in Block B.,CSE
Oscilloscope not working in Block B.,ECE
Scholarship not received in First Floor.,Others
Wall has cracks in Room 101.,Maintenance
General enquiry not resolved in Lab 1.,Others
Plumbing problem in Second Floor.,Maintenance
Oscilloscope not working in Block B.,ECE
Mess food quality is poor in Admin Block.,Hostel
Printer not working in Lab 2.,CSE
System is running very slow in Lab 2.,CSE
Signal generator issue in Lab 2.,ECE
Website login problem in Room 101.,Others
Reading room is noisy in Lab 2.,Library
Floor needs mopping in Block A.,Cleaning
Oscilloscope not working in Admin Block.,ECE
Mess food quality is poor in Room 204.,Hostel
ID card not issued in Block B.,Others
Breadboard is damaged in Second Floor.,ECE
Hostel room needs cleaning in Admin Block.,Hostel
Fan is not working in Room 101.,Electrical
Scholarship not received in Admin Block.,Others
Mouse is not responding in Room 204.,CSE
Bus pass issue in First Floor.,Others
Broken classroom bench in Block B.,Maintenance
Power socket not working in Lab 1.,Electrical
Computer not starting in First Floor.,CSE
Roof seepage issue in Second Floor.,Maintenance
Drinking water cooler not working in Block B.,Hostel
Lab equipment is faulty in Block B.,ECE
Power socket not working in Room 101.,Electrical
Digital trainer board failed in Lab 1.,ECE
Keyboard not working in Admin Block.,CSE
Staircase is dusty in Second Floor.,Cleaning
Roof seepage issue in Room 101.,Maintenance
Broken classroom bench in Room 101.,Maintenance
Bus pass issue in Admin Block.,Others
Library computer not working in Room 101.,Library
Plumbing problem in Room 204.,Maintenance
No water supply in hostel in First Floor.,Hostel
ID card not issued in Admin Block.,Others
Function generator faulty in Lab 2.,ECE
Website login problem in Lab 2.,Others
Digital trainer board failed in Second Floor.,ECE
Floor needs mopping in Room 204.,Cleaning
Monitor display is blank in Lab 1.,CSE
Lab equipment is faulty in Block A.,ECE
Window glass is broken in Block A.,Maintenance
Hostel WiFi not working in Room 101.,Hostel
No water supply in hostel in First Floor.,Hostel
Tap is leaking in Lab 2.,Maintenance
Bus pass issue in Lab 1.,Others
Software installation required in Block A.,CSE
Hall ticket not generated in Lab 1.,Others
Tube light not working in First Floor.,Electrical
Computer not starting in Block B.,CSE
Switch board is damaged in Room 101.,Electrical
Hostel WiFi not working in Block A.,Hostel
Bonafide certificate delayed in Block A.,Others
Bathroom is dirty in Lab 1.,Hostel
Internet not working in lab in Second Floor.,CSE
Generator backup failed in First Floor.,Electrical
Lab equipment is faulty in Room 204.,ECE
Generator backup failed in Lab 1.,Electrical
Dustbins are overflowing in First Floor.,Cleaning
Function generator faulty in First Floor.,ECE
Library internet not working in Block A.,Library
Digital trainer board failed in Room 101.,ECE
Dustbins are overflowing in First Floor.,Cleaning
Library internet not working in Lab 1.,Library
Library AC not working in First Floor.,Library
Floor needs mopping in Block A.,Cleaning
Wall has cracks in Block B.,Maintenance
Required book is unavailable in Room 101.,Library
Water leaking from ceiling in First Floor.,Maintenance
Breadboard is damaged in Room 101.,ECE
Mouse is not responding in Room 101.,CSE
Drinking water cooler not working in Admin Block.,Hostel
Scholarship not received in Block B.,Others
Garbage not collected in Lab 1.,Cleaning
Library computer not working in Lab 2.,Library
Mouse is not responding in Room 204.,CSE
System is running very slow in First Floor.,CSE
Door lock is broken in Second Floor.,Maintenance
Required book is unavailable in Room 101.,Library
Door lock is broken in Lab 2.,Maintenance
Loose electrical wiring in Second Floor.,Electrical
Power socket not working in Lab 2.,Electrical
Bus pass issue in Block B.,Others
Garbage not collected in Lab 1.,Cleaning
Loose electrical wiring in Second Floor.,Electrical
Scholarship not received in Lab 1.,Others
Library internet not working in Room 204.,Library
Window glass is broken in Room 101.,Maintenance
General enquiry not resolved in Lab 1.,Others
Hostel room needs cleaning in Block A.,Hostel
Hostel WiFi not working in Second Floor.,Hostel
General enquiry not resolved in Admin Block.,Others
Lab equipment is faulty in First Floor.,ECE
System is running very slow in Second Floor.,CSE
System is running very slow in Lab 1.,CSE
Garbage not collected in Room 101.,Cleaning
Computer not starting in Block A.,CSE
ID card not issued in Admin Block.,Others
Door lock is broken in Second Floor.,Maintenance
Book return portal not working in Block B.,Library
Software installation required in Lab 2.,CSE
Printer not working in Lab 1.,CSE
Library AC not working in First Floor.,Library
Digital trainer board failed in Admin Block.,ECE
Monitor display is blank in Block B.,CSE
Computer not starting in Block B.,CSE
Book return portal not working in Second Floor.,Library
Garbage not collected in Block B.,Cleaning
Floor needs mopping in Room 204.,Cleaning
Lab equipment is faulty in Second Floor.,ECE
Loose electrical wiring in Admin Block.,Electrical
Campus area is dirty in Block B.,Cleaning
Power outage in classroom in Room 101.,Electrical
Staircase is dusty in Lab 2.,Cleaning
Tube light not working in Block B.,Electrical
Bad smell in corridor in Admin Block.,Cleaning
Mess food quality is poor in First Floor.,Hostel
Bathroom is dirty in Admin Block.,Hostel
Computer not starting in Second Floor.,CSE
Drinking water cooler not working in Admin Block.,Hostel
Arduino board not detected in Room 204.,ECE
Tube light not working in Second Floor.,Electrical
Bathroom is dirty in Block A.,Hostel
Dustbins are overflowing in First Floor.,Cleaning
Printer not working in Second Floor.,CSE
Website login problem in First Floor.,Others
Insufficient seating in library in Block A.,Library
Power socket not working in Second Floor.,Electrical
Bad smell in corridor in Second Floor.,Cleaning
Wall has cracks in Lab 1.,Maintenance
Door lock is broken in Lab 1.,Maintenance
Printer not working in Block B.,CSE
Staircase is dusty in Lab 2.,Cleaning
Bus pass issue in Block B.,Others
Reading room is noisy in Lab 2.,Library
Wall has cracks in Room 101.,Maintenance
Insufficient seating in library in Admin Block.,Library
Mouse is not responding in First Floor.,CSE
Fan is not working in Lab 1.,Electrical
ID card not issued in Lab 1.,Others
Insufficient seating in library in First Floor.,Library
Scholarship not received in Room 101.,Others
Loose electrical wiring in Block B.,Electrical
Keyboard not working in Room 204.,CSE
Power socket not working in Lab 1.,Electrical
Breadboard is damaged in Admin Block.,ECE
Garbage not collected in Lab 1.,Cleaning
Signal generator issue in Lab 1.,ECE
Power socket not working in Lab 1.,Electrical
Bonafide certificate delayed in Lab 2.,Others
Library internet not working in Room 204.,Library
Library AC not working in First Floor.,Library
Window glass is broken in Block B.,Maintenance
Digital trainer board failed in Room 204.,ECE
Monitor display is blank in Block A.,CSE
Library computer not working in Lab 2.,Library
Power outage in classroom in Admin Block.,Electrical
Library internet not working in Room 101.,Library
Bathroom is dirty in Lab 1.,Hostel
Insufficient seating in library in Admin Block.,Library
Switch board is damaged in Admin Block.,Electrical
Mess food quality is poor in Room 204.,Hostel
Hostel room needs cleaning in Lab 2.,Hostel
Plumbing problem in Second Floor.,Maintenance
Bus pass issue in Second Floor.,Others
Bonafide certificate delayed in Block A.,Others
Book issue system not working in Block A.,Library
Monitor display is blank in Room 204.,CSE
Water leaking from ceiling in Admin Block.,Maintenance
Book issue system not working in Block B.,Library
Monitor display is blank in Lab 2.,CSE
Dustbins are overflowing in Room 101.,Cleaning
Floor needs mopping in Second Floor.,Cleaning
Breadboard is damaged in Room 101.,ECE
Tube light not working in Admin Block.,Electrical
Floor needs mopping in Room 204.,Cleaning
Computer not starting in Second Floor.,CSE
Window glass is broken in Room 101.,Maintenance
Bonafide certificate delayed in Lab 1.,Others
Oscilloscope not working in Block A.,ECE
Website login problem in Room 101.,Others
Light is flickering in Second Floor.,Electrical
ID card not issued in Lab 1.,Others
Door lock is broken in Lab 2.,Maintenance
Digital trainer board failed in Block A.,ECE
Tap is leaking in Lab 2.,Maintenance
Mouse is not responding in Lab 2.,CSE
Bus pass issue in Lab 2.,Others
Library computer not working in Room 101.,Library
Water leaking from ceiling in First Floor.,Maintenance
Tube light not working in Block A.,Electrical
No water supply in hostel in Second Floor.,Hostel
Broken classroom bench in First Floor.,Maintenance
Loose electrical wiring in Room 101.,Electrical
Drinking water cooler not working in Room 204.,Hostel
Wall has cracks in Room 101.,Maintenance
Dustbins are overflowing in Block A.,Cleaning
Fan not working in hostel room in Lab 1.,Hostel
Plumbing problem in First Floor.,Maintenance
Plumbing problem in Room 101.,Maintenance
Tap is leaking in First Floor.,Maintenance
Book return portal not working in Lab 2.,Library
Lab equipment is faulty in Block B.,ECE
Dustbins are overflowing in Lab 2.,Cleaning
System is running very slow in Lab 1.,CSE
Room lock is broken in First Floor.,Hostel
Loose electrical wiring in Room 101.,Electrical
Arduino board not detected in Room 204.,ECE
Fee payment portal not working in Block B.,Others
General enquiry not resolved in Block A.,Others
Book issue system not working in Admin Block.,Library
Library internet not working in Second Floor.,Library
Bus pass issue in Room 204.,Others
Monitor display is blank in Block A.,CSE
Reading room is noisy in Lab 2.,Library
Fan not working in hostel room in Lab 2.,Hostel
Bathroom is dirty in Room 101.,Hostel
Water leaking from ceiling in Block B.,Maintenance
Scholarship not received in Block A.,Others
Bathroom is dirty in Room 204.,Hostel
Fee payment portal not working in Second Floor.,Others
Plumbing problem in First Floor.,Maintenance
Monitor display is blank in Admin Block.,CSE
Function generator faulty in Room 101.,ECE
Software installation required in First Floor.,CSE
General enquiry not resolved in Block B.,Others
Power outage in classroom in Block A.,Electrical
Book return portal not working in Room 101.,Library
Bathroom is dirty in Block A.,Hostel
Classroom is very dirty in Block B.,Cleaning
Generator backup failed in First Floor.,Electrical
Door lock is broken in First Floor.,Maintenance
Mouse is not responding in Admin Block.,CSE
Tube light not working in Admin Block.,Electrical
Tube light not working in Lab 2.,Electrical
Website login problem in Second Floor.,Others
Mess food quality is poor in Second Floor.,Hostel
Bus pass issue in Second Floor.,Others
Library AC not working in Block A.,Library
Plumbing problem in Block A.,Maintenance
Light is flickering in Second Floor.,Electrical
General enquiry not resolved in Room 101.,Others
Lab equipment is faulty in Admin Block.,ECE
Book return portal not working in Block A.,Library
Hostel WiFi not working in Block A.,Hostel
Staircase is dusty in Room 204.,Cleaning
ID card not issued in Room 101.,Others
Internet not working in lab in Second Floor.,CSE
Software installation required in Room 204.,CSE
Book issue system not working in Second Floor.,Library
Window glass is broken in Admin Block.,Maintenance
Library internet not working in Block B.,Library
Insufficient seating in library in Second Floor.,Library
Bathroom is dirty in Block B.,Hostel
Window glass is broken in Lab 2.,Maintenance
Website login problem in Block B.,Others
Arduino board not detected in Room 101.,ECE
Garbage not collected in Lab 1.,Cleaning
Printer not working in Block B.,CSE
Power socket not working in Room 204.,Electrical
Plumbing problem in Lab 2.,Maintenance
Wall has cracks in Room 101.,Maintenance
Loose electrical wiring in Block A.,Electrical
Hostel WiFi not working in Block A.,Hostel
Insufficient seating in library in Room 101.,Library
Hostel WiFi not working in Admin Block.,Hostel
Door lock is broken in Block B.,Maintenance
Fan not working in hostel room in Admin Block.,Hostel
Switch board is damaged in Lab 2.,Electrical
Hostel WiFi not working in Block B.,Hostel
Monitor display is blank in Block A.,CSE
Bathroom is dirty in First Floor.,Hostel
Website login problem in Lab 2.,Others
ID card not issued in Block A.,Others
Fee payment portal not working in First Floor.,Others
Power socket not working in Second Floor.,Electrical
Function generator faulty in Lab 1.,ECE
Internet not working in lab in Lab 1.,CSE
Broken classroom bench in Block B.,Maintenance
Room lock is broken in Room 204.,Hostel
System is running very slow in First Floor.,CSE
Insufficient seating in library in Room 101.,Library
Washroom needs cleaning in Admin Block.,Cleaning
Loose electrical wiring in First Floor.,Electrical
Campus area is dirty in Lab 1.,Cleaning
Plumbing problem in Lab 1.,Maintenance
Bad smell in corridor in Lab 1.,Cleaning
Power socket not working in Second Floor.,Electrical
General enquiry not resolved in Lab 2.,Others
Library internet not working in Block B.,Library
Microcontroller kit not working in Block B.,ECE
Hostel room needs cleaning in Admin Block.,Hostel
Bonafide certificate delayed in Admin Block.,Others
Mouse is not responding in Second Floor.,CSE
Classroom is very dirty in Admin Block.,Cleaning
Tap is leaking in Lab 1.,Maintenance
Room lock is broken in Room 101.,Hostel
Mess food quality is poor in Admin Block.,Hostel
Staircase is dusty in Block A.,Cleaning
Fee payment portal not working in Room 101.,Others
Library AC not working in Lab 1.,Library
Hall ticket not generated in Admin Block.,Others
Monitor display is blank in Lab 2.,CSE
Dustbins are overflowing in Block A.,Cleaning
Generator backup failed in Block A.,Electrical
Door lock is broken in Room 101.,Maintenance
Keyboard not working in Lab 2.,CSE
Fan not working in hostel room in Block A.,Hostel
Bad smell in corridor in Block B.,Cleaning
Plumbing problem in Block B.,Maintenance
Software installation required in Block B.,CSE
Required book is unavailable in Block B.,Library
Light is flickering in Admin Block.,Electrical
Digital trainer board failed in Block A.,ECE
Generator backup failed in Block B.,Electrical
No water supply in hostel in Block A.,Hostel
Drinking water cooler not working in Admin Block.,Hostel
Oscilloscope not working in Block B.,ECE
Fan not working in hostel room in First Floor.,Hostel
Campus area is dirty in Block A.,Cleaning
Light is flickering in Lab 1.,Electrical
Internet not working in lab in Admin Block.,CSE
Fan not working in hostel room in Second Floor.,Hostel
Book issue system not working in First Floor.,Library
Roof seepage issue in Lab 2.,Maintenance
Bus pass issue in First Floor.,Others
Bonafide certificate delayed in Block A.,Others
Tap is leaking in Second Floor.,Maintenance
Floor needs mopping in Admin Block.,Cleaning
Window glass is broken in Room 204.,Maintenance
Arduino board not detected in Second Floor.,ECE
System is running very slow in Lab 1.,CSE
Door lock is broken in Admin Block.,Maintenance
Reading room is noisy in Block B.,Library
Hostel WiFi not working in Admin Block.,Hostel
Scholarship not received in Lab 2.,Others
Drinking water cooler not working in Room 204.,Hostel
Monitor display is blank in Block A.,CSE
Digital trainer board failed in First Floor.,ECE
Printer not working in Lab 1.,CSE
Staircase is dusty in Room 101.,Cleaning
Internet not working in lab in Room 101.,CSE
Water leaking from ceiling in Room 101.,Maintenance
Bad smell in corridor in Lab 1.,Cleaning
Computer not starting in Block B.,CSE
Breadboard is damaged in Lab 1.,ECE
Fee payment portal not working in Room 101.,Others
Digital trainer board failed in Lab 2.,ECE
Microcontroller kit not working in Room 101.,ECE
Breadboard is damaged in Lab 1.,ECE
Drinking water cooler not working in Block B.,Hostel
Room lock is broken in First Floor.,Hostel
Oscilloscope not working in Room 101.,ECE
Fan is not working in Lab 1.,Electrical
Room lock is broken in Block A.,Hostel
Power socket not working in Block A.,Electrical
ID card not issued in Admin Block.,Others
Water leaking from ceiling in Block B.,Maintenance
Library AC not working in Block B.,Library
Insufficient seating in library in Second Floor.,Library
Plumbing problem in Lab 2.,Maintenance
Water leaking from ceiling in Second Floor.,Maintenance
Function generator faulty in Block A.,ECE
Bathroom is dirty in Block B.,Hostel
Door lock is broken in Admin Block.,Maintenance
Loose electrical wiring in Block A.,Electrical
Classroom is very dirty in Lab 2.,Cleaning
Hostel room needs cleaning in Block A.,Hostel
Room lock is broken in Admin Block.,Hostel
Breadboard is damaged in Lab 1.,ECE
Floor needs mopping in Admin Block.,Cleaning
Scholarship not received in Admin Block.,Others
Generator backup failed in Admin Block.,Electrical
Printer not working in Admin Block.,CSE
Library AC not working in Lab 1.,Library
Water leaking from ceiling in Lab 2.,Maintenance
Switch board is damaged in Block B.,Electrical
Loose electrical wiring in Room 101.,Electrical
Washroom needs cleaning in Lab 2.,Cleaning
Switch board is damaged in Block B.,Electrical
Digital trainer board failed in Second Floor.,ECE
Breadboard is damaged in Lab 1.,ECE
Arduino board not detected in Room 204.,ECE
Oscilloscope not working in Block B.,ECE
Printer not working in Room 101.,CSE
Campus area is dirty in Room 101.,Cleaning
Oscilloscope not working in Room 101.,ECE
Staircase is dusty in Room 101.,Cleaning
Floor needs mopping in Admin Block.,Cleaning
Garbage not collected in Second Floor.,Cleaning
Staircase is dusty in Room 204.,Cleaning
Breadboard is damaged in Block B.,ECE
Keyboard not working in First Floor.,CSE
Power outage in classroom in Lab 1.,Electrical
Floor needs mopping in Lab 2.,Cleaning
Fan is not working in Block A.,Electrical
Library AC not working in Second Floor.,Library
Water leaking from ceiling in Second Floor.,Maintenance
Monitor display is blank in Room 101.,CSE
Computer not starting in Lab 1.,CSE
Book issue system not working in Lab 2.,Library
Bonafide certificate delayed in Lab 2.,Others
Mouse is not responding in Lab 2.,CSE
Tube light not working in First Floor.,Electrical
Bonafide certificate delayed in Block A.,Others
Wall has cracks in Lab 1.,Maintenance
Drinking water cooler not working in Room 101.,Hostel
Campus area is dirty in Lab 1.,Cleaning
Power socket not working in Admin Block.,Electrical
Campus area is dirty in Room 204.,Cleaning
Broken classroom bench in First Floor.,Maintenance
Drinking water cooler not working in Block A.,Hostel
Door lock is broken in First Floor.,Maintenance
Insufficient seating in library in Lab 1.,Library
General enquiry not resolved in Second Floor.,Others
Bus pass issue in Lab 2.,Others
Oscilloscope not working in Lab 1.,ECE
Drinking water cooler not working in Room 101.,Hostel
Library AC not working in Block B.,Library
Fan is not working in Second Floor.,Electrical
Library AC not working in Block A.,Library
Insufficient seating in library in Lab 2.,Library
Power socket not working in Admin Block.,Electrical
Oscilloscope not working in Block A.,ECE
Printer not working in Lab 1.,CSE
Roof seepage issue in Lab 1.,Maintenance
Software installation required in Room 101.,CSE
Power outage in classroom in Block B.,Electrical
Broken classroom bench in Lab 2.,Maintenance
Library computer not working in Admin Block.,Library
Power outage in classroom in First Floor.,Electrical
Breadboard is damaged in Room 101.,ECE
No water supply in hostel in Room 204.,Hostel
Software installation required in Second Floor.,CSE
Bathroom is dirty in Lab 1.,Hostel
ID card not issued in Second Floor.,Others
ID card not issued in Second Floor.,Others
Fan not working in hostel room in Block B.,Hostel
Computer not starting in Block A.,CSE
Library AC not working in Room 204.,Library
Lab equipment is faulty in Room 101.,ECE
Washroom needs cleaning in Block B.,Cleaning
General enquiry not resolved in Lab 1.,Others
Campus area is dirty in Lab 1.,Cleaning
Reading room is noisy in Room 204.,Library
Internet not working in lab in Room 204.,CSE
Classroom is very dirty in Block A.,Cleaning
Washroom needs cleaning in Block A.,Cleaning
Roof seepage issue in Block B.,Maintenance
Mouse is not responding in Lab 2.,CSE
Door lock is broken in Room 101.,Maintenance
Power socket not working in Lab 2.,Electrical
General enquiry not resolved in Block B.,Others
Reading room is noisy in Room 204.,Library
Required book is unavailable in Room 204.,Library
Reading room is noisy in Admin Block.,Library
Book issue system not working in Block B.,Library
Tube light not working in Room 204.,Electrical
Room lock is broken in Admin Block.,Hostel
Tap is leaking in First Floor.,Maintenance
Internet not working in lab in Lab 1.,CSE
Function generator faulty in Block A.,ECE
Wall has cracks in Lab 2.,Maintenance
Fee payment portal not working in Second Floor.,Others
Garbage not collected in Block A.,Cleaning
Classroom is very dirty in Lab 1.,Cleaning
Signal generator issue in Block A.,ECE
Mouse is not responding in Second Floor.,CSE
Hall ticket not generated in Block B.,Others
Roof seepage issue in Block B.,Maintenance
Window glass is broken in Lab 1.,Maintenance
No water supply in hostel in Admin Block.,Hostel
Plumbing problem in First Floor.,Maintenance
Loose electrical wiring in Block A.,Electrical
Microcontroller kit not working in Second Floor.,ECE
Plumbing problem in Room 204.,Maintenance
Scholarship not received in Block A.,Others
Reading room is noisy in First Floor.,Library
Oscilloscope not working in Room 204.,ECE
Classroom is very dirty in Admin Block.,Cleaning
Campus area is dirty in Block B.,Cleaning
Loose electrical wiring in Block A.,Electrical
Light is flickering in Admin Block.,Electrical
Website login problem in Room 101.,Others
Room lock is broken in Room 101.,Hostel
Book issue system not working in Block A.,Library
Book issue system not working in Block A.,Library
Tap is leaking in Admin Block.,Maintenance
Window glass is broken in Lab 1.,Maintenance
Mouse is not responding in Room 204.,CSE
Computer not starting in Lab 2.,CSE
Campus area is dirty in Block B.,Cleaning
Digital trainer board failed in Block A.,ECE
Arduino board not detected in Block A.,ECE
Microcontroller kit not working in Second Floor.,ECE
Classroom is very dirty in First Floor.,Cleaning
Library AC not working in Lab 2.,Library
Signal generator issue in Block A.,ECE
Campus area is dirty in Lab 2.,Cleaning
Fee payment portal not working in Room 101.,Others
Book return portal not working in Block B.,Library
Reading room is noisy in Block A.,Library
Library internet not working in Block B.,Library
Loose electrical wiring in Lab 2.,Electrical
Software installation required in Room 101.,CSE
Computer not starting in Lab 2.,CSE
Reading room is noisy in Block B.,Library
Classroom is very dirty in Block A.,Cleaning
Tube light not working in Room 101.,Electrical
Lab equipment is faulty in Lab 2.,ECE
Campus area is dirty in Block B.,Cleaning
ID card not issued in Room 204.,Others
Roof seepage issue in Block B.,Maintenance
Function generator faulty in First Floor.,ECE
Wall has cracks in Room 204.,Maintenance
Dustbins are overflowing in Room 204.,Cleaning
Library computer not working in Lab 2.,Library
Campus area is dirty in Block B.,Cleaning
Fan not working in hostel room in Room 204.,Hostel
Switch board is damaged in Lab 1.,Electrical
Door lock is broken in Lab 1.,Maintenance
Library AC not working in Room 101.,Library
Roof seepage issue in Block B.,Maintenance
Floor needs mopping in Lab 1.,Cleaning
Computer not starting in Room 204.,CSE
Light is flickering in Room 101.,Electrical
Arduino board not detected in Lab 1.,ECE
Plumbing problem in Room 204.,Maintenance
Power socket not working in Admin Block.,Electrical
Mouse is not responding in Lab 1.,CSE
Website login problem in Block B.,Others
Fee payment portal not working in Admin Block.,Others
Broken classroom bench in Room 101.,Maintenance
Fan is not working in First Floor.,Electrical
Website login problem in Room 101.,Others
Generator backup failed in Room 101.,Electrical
Digital trainer board failed in Room 101.,ECE
Mouse is not responding in Block B.,CSE
Door lock is broken in Block A.,Maintenance
Garbage not collected in First Floor.,Cleaning
Mess food quality is poor in Block A.,Hostel
Mess food quality is poor in Block B.,Hostel
Signal generator issue in Lab 2.,ECE
Scholarship not received in Block A.,Others
Required book is unavailable in Room 101.,Library
Insufficient seating in library in Lab 2.,Library
Floor needs mopping in Admin Block.,Cleaning
Room lock is broken in First Floor.,Hostel
Software installation required in Second Floor.,CSE
Library computer not working in Block A.,Library
Tube light not working in Admin Block.,Electrical
Mouse is not responding in Block B.,CSE
Light is flickering in First Floor.,Electrical
Bad smell in corridor in Room 204.,Cleaning
Oscilloscope not working in Admin Block.,ECE
Book issue system not working in Lab 2.,Library
Monitor display is blank in Lab 1.,CSE
Arduino board not detected in Lab 1.,ECE
Staircase is dusty in Room 101.,Cleaning
Water leaking from ceiling in First Floor.,Maintenance
Bathroom is dirty in Room 204.,Hostel
Oscilloscope not working in Lab 1.,ECE
Power socket not working in Lab 1.,Electrical
Fan is not working in Room 101.,Electrical
Scholarship not received in Block A.,Others
Garbage not collected in Room 204.,Cleaning
System is running very slow in Block B.,CSE
Plumbing problem in Room 204.,Maintenance
Power outage in classroom in Lab 2.,Electrical
Bathroom is dirty in First Floor.,Hostel
Light is flickering in Room 204.,Electrical
Mess food quality is poor in Block B.,Hostel
Internet not working in lab in Block B.,CSE
Window glass is broken in Second Floor.,Maintenance
Floor needs mopping in Room 204.,Cleaning
Campus area is dirty in Second Floor.,Cleaning
ID card not issued in Block A.,Others
Mouse is not responding in Block A.,CSE
Printer not working in Admin Block.,CSE
Scholarship not received in Second Floor.,Others
Water leaking from ceiling in Admin Block.,Maintenance
Drinking water cooler not working in Block B.,Hostel
Scholarship not received in Admin Block.,Others
System is running very slow in Block A.,CSE
Tap is leaking in First Floor.,Maintenance
Tap is leaking in Block A.,Maintenance
Switch board is damaged in Lab 1.,Electrical
No water supply in hostel in Second Floor.,Hostel
Roof seepage issue in Room 204.,Maintenance
Dustbins are overflowing in Block A.,Cleaning
Software installation required in Lab 1.,CSE
Website login problem in Second Floor.,Others
Monitor display is blank in Room 101.,CSE
Window glass is broken in Lab 2.,Maintenance
Microcontroller kit not working in Block B.,ECE
Mouse is not responding in Room 101.,CSE
Garbage not collected in Lab 1.,Cleaning
ID card not issued in Room 101.,Others
Hostel WiFi not working in First Floor.,Hostel
Oscilloscope not working in First Floor.,ECE
Hostel WiFi not working in Admin Block.,Hostel
Book issue system not working in Block B.,Library
Tube light not working in Block A.,Electrical
Light is flickering in Block A.,Electrical
No water supply in hostel in Room 204.,Hostel
Arduino board not detected in Room 204.,ECE
Monitor display is blank in Second Floor.,CSE
Staircase is dusty in Room 204.,Cleaning
Garbage not collected in Room 204.,Cleaning
Drinking water cooler not working in Room 101.,Hostel
Roof seepage issue in Room 204.,Maintenance
No water supply in hostel in Admin Block.,Hostel
Printer not working in Lab 2.,CSE
Washroom needs cleaning in Room 204.,Cleaning
Door lock is broken in Lab 2.,Maintenance
Switch board is damaged in Lab 2.,Electrical
Light is flickering in Room 204.,Electrical
Dustbins are overflowing in Second Floor.,Cleaning
Roof seepage issue in Second Floor.,Maintenance
Oscilloscope not working in Block B.,ECE
Hostel room needs cleaning in Room 101.,Hostel
Library computer not working in Room 101.,Library
ID card not issued in Block B.,Others
Reading room is noisy in Lab 1.,Library
No water supply in hostel in Block B.,Hostel
Garbage not collected in Block B.,Cleaning
Signal generator issue in Lab 1.,ECE
Scholarship not received in Lab 2.,Others
Mouse is not responding in Lab 2.,CSE
Door lock is broken in First Floor.,Maintenance
System is running very slow in Lab 1.,CSE
Library computer not working in Room 204.,Library
General enquiry not resolved in First Floor.,Others
Arduino board not detected in Lab 2.,ECE
Classroom is very dirty in Block A.,Cleaning
Plumbing problem in Block A.,Maintenance
Hostel room needs cleaning in Lab 1.,Hostel
Hall ticket not generated in Lab 2.,Others
Campus area is dirty in Second Floor.,Cleaning
Door lock is broken in Second Floor.,Maintenance
Floor needs mopping in Lab 2.,Cleaning
Bus pass issue in First Floor.,Others
Loose electrical wiring in First Floor.,Electrical
Insufficient seating in library in Second Floor.,Library
Scholarship not received in Second Floor.,Others
Insufficient seating in library in Lab 1.,Library
Bus pass issue in Room 101.,Others
Required book is unavailable in Admin Block.,Library
Arduino board not detected in Lab 2.,ECE
Reading room is noisy in Block A.,Library
Function generator faulty in Block A.,ECE
Monitor display is blank in Second Floor.,CSE
Reading room is noisy in Second Floor.,Library
Power socket not working in Block B.,Electrical
Scholarship not received in Block B.,Others
Washroom needs cleaning in Block B.,Cleaning
Website login problem in Room 101.,Others
Hostel room needs cleaning in Room 101.,Hostel
Fan is not working in Room 204.,Electrical
ID card not issued in Lab 2.,Others
Signal generator issue in Room 204.,ECE
Roof seepage issue in Room 101.,Maintenance
Oscilloscope not working in Room 204.,ECE
Tube light not working in Lab 1.,Electrical
Bus pass issue in Admin Block.,Others
Internet not working in lab in Second Floor.,CSE
Staircase is dusty in Block A.,Cleaning
Insufficient seating in library in Lab 1.,Library
Broken classroom bench in Block B.,Maintenance
Book return portal not working in Second Floor.,Library
Breadboard is damaged in Lab 2.,ECE
Oscilloscope not working in First Floor.,ECE
Dustbins are overflowing in Room 101.,Cleaning
Function generator faulty in Second Floor.,ECE
Door lock is broken in Room 101.,Maintenance
Bus pass issue in Room 204.,Others
Lab equipment is faulty in Lab 2.,ECE
System is running very slow in Block A.,CSE
Oscilloscope not working in Block A.,ECE
Roof seepage issue in Lab 1.,Maintenance
Insufficient seating in library in Lab 2.,Library
Software installation required in Lab 2.,CSE
Door lock is broken in Block B.,Maintenance
Scholarship not received in Lab 2.,Others
Fee payment portal not working in Second Floor.,Others
Fee payment portal not working in Room 101.,Others
Generator backup failed in Block A.,Electrical
Hostel room needs cleaning in Second Floor.,Hostel
Insufficient seating in library in Room 101.,Library
Website login problem in Lab 2.,Others
Fan is not working in Lab 1.,Electrical
Tap is leaking in Block B.,Maintenance
Floor needs mopping in First Floor.,Cleaning
Arduino board not detected in Block A.,ECE
Printer not working in First Floor.,CSE
Loose electrical wiring in Lab 1.,Electrical
Door lock is broken in Admin Block.,Maintenance
No water supply in hostel in Room 101.,Hostel
Digital trainer board failed in Admin Block.,ECE
Broken classroom bench in Block A.,Maintenance
Website login problem in Block A.,Others
Floor needs mopping in Second Floor.,Cleaning
Computer not starting in Block A.,CSE
Fan not working in hostel room in Second Floor.,Hostel
Campus area is dirty in Lab 2.,Cleaning
Tube light not working in Second Floor.,Electrical
Mess food quality is poor in Room 101.,Hostel
Arduino board not detected in Room 204.,ECE
Reading room is noisy in Lab 2.,Library
Roof seepage issue in Room 101.,Maintenance
Breadboard is damaged in Lab 2.,ECE
Bonafide certificate delayed in Block B.,Others
Library internet not working in Room 101.,Library
Library computer not working in Second Floor.,Library
Mouse is not responding in Block A.,CSE
Floor needs mopping in Admin Block.,Cleaning
Monitor display is blank in Second Floor.,CSE
Reading room is noisy in Block A.,Library
Breadboard is damaged in Lab 2.,ECE
System is running very slow in Lab 2.,CSE
Fan is not working in Lab 1.,Electrical
Window glass is broken in Block A.,Maintenance
Book issue system not working in Block A.,Library
ID card not issued in Lab 1.,Others
Scholarship not received in Block A.,Others
Power socket not working in Admin Block.,Electrical
Internet not working in lab in Room 101.,CSE
Power socket not working in Admin Block.,Electrical
Generator backup failed in Block B.,Electrical
Staircase is dusty in Room 204.,Cleaning
Scholarship not received in Block B.,Others
Dustbins are overflowing in Lab 1.,Cleaning
General enquiry not resolved in Block A.,Others
Required book is unavailable in Lab 1.,Library
Hostel WiFi not working in Admin Block.,Hostel
Monitor display is blank in Admin Block.,CSE
Broken classroom bench in Room 101.,Maintenance
Hostel room needs cleaning in Block A.,Hostel
Garbage not collected in Block B.,Cleaning
Software installation required in Room 204.,CSE
Tap is leaking in Block B.,Maintenance
Fan is not working in Room 101.,Electrical
Roof seepage issue in Lab 2.,Maintenance
Website login problem in First Floor.,Others
Printer not working in Lab 2.,CSE
Roof seepage issue in Admin Block.,Maintenance
Hostel room needs cleaning in Admin Block.,Hostel
ID card not issued in Admin Block.,Others
Power outage in classroom in Lab 2.,Electrical
Light is flickering in Second Floor.,Electrical
Insufficient seating in library in Second Floor.,Library
Campus area is dirty in Admin Block.,Cleaning
Bathroom is dirty in Lab 2.,Hostel
Monitor display is blank in Lab 2.,CSE
Digital trainer board failed in Room 204.,ECE
Hostel WiFi not working in Lab 1.,Hostel
Website login problem in Lab 1.,Others
Bus pass issue in Lab 2.,Others
Garbage not collected in Block B.,Cleaning
Mouse is not responding in Room 101.,CSE
Computer not starting in Block B.,CSE
Broken classroom bench in Block A.,Maintenance
Lab equipment is faulty in Lab 1.,ECE
Book issue system not working in Second Floor.,Library
Tap is leaking in Admin Block.,Maintenance
Microcontroller kit not working in Room 101.,ECE
Arduino board not detected in Lab 1.,ECE
Software installation required in Lab 1.,CSE
Fan is not working in Lab 1.,Electrical
ID card not issued in Room 101.,Others
Window glass is broken in Lab 2.,Maintenance
Switch board is damaged in Block B.,Electrical
Light is flickering in Block A.,Electrical
Drinking water cooler not working in Admin Block.,Hostel
Bonafide certificate delayed in First Floor.,Others
Power socket not working in Lab 2.,Electrical
Monitor display is blank in Admin Block.,CSE
Window glass is broken in Block B.,Maintenance
Garbage not collected in Block B.,Cleaning
Fan not working in hostel room in Block B.,Hostel
Signal generator issue in Block B.,ECE
Bus pass issue in Room 101.,Others
No water supply in hostel in Lab 2.,Hostel
Fee payment portal not working in Lab 1.,Others
Tap is leaking in Block B.,Maintenance
Plumbing problem in Room 204.,Maintenance
Oscilloscope not working in Admin Block.,ECE
General enquiry not resolved in Lab 2.,Others
Generator backup failed in Room 101.,Electrical
Hostel WiFi not working in Block A.,Hostel
Signal generator issue in Room 204.,ECE
Keyboard not working in Room 101.,CSE
Floor needs mopping in Second Floor.,Cleaning
Printer not working in Lab 1.,CSE
Mess food quality is poor in Room 204.,Hostel
Library internet not working in Block A.,Library
Computer not starting in Admin Block.,CSE
Classroom is very dirty in Block A.,Cleaning
Book issue system not working in Room 204.,Library
Switch board is damaged in Admin Block.,Electrical
Washroom needs cleaning in Room 204.,Cleaning
Function generator faulty in First Floor.,ECE
Required book is unavailable in Room 101.,Library
Door lock is broken in Block A.,Maintenance
Insufficient seating in library in Second Floor.,Library
Bathroom is dirty in First Floor.,Hostel
Required book is unavailable in Admin Block.,Library
Door lock is broken in Block A.,Maintenance
Garbage not collected in First Floor.,Cleaning
Garbage not collected in Lab 2.,Cleaning
Scholarship not received in Lab 2.,Others
No water supply in hostel in Lab 1.,Hostel
Bus pass issue in Room 204.,Others
Keyboard not working in Room 101.,CSE
Window glass is broken in Room 204.,Maintenance
Door lock is broken in Room 101.,Maintenance
Hostel room needs cleaning in Admin Block.,Hostel
Microcontroller kit not working in Lab 2.,ECE
Roof seepage issue in Room 101.,Maintenance
Fan is not working in Admin Block.,Electrical
Hostel WiFi not working in Lab 1.,Hostel
Fee payment portal not working in First Floor.,Others
Mess food quality is poor in Block A.,Hostel
Internet not working in lab in First Floor.,CSE
Fee payment portal not working in Lab 2.,Others
Bad smell in corridor in Room 204.,Cleaning
Power socket not working in Block A.,Electrical
Keyboard not working in First Floor.,CSE
Insufficient seating in library in Lab 1.,Library
No water supply in hostel in Room 101.,Hostel
Power socket not working in First Floor.,Electrical
Insufficient seating in library in First Floor.,Library
Room lock is broken in Lab 1.,Hostel
Bad smell in corridor in Second Floor.,Cleaning
Insufficient seating in library in First Floor.,Library
Light is flickering in Block B.,Electrical
Dustbins are overflowing in Lab 1.,Cleaning
Generator backup failed in Room 101.,Electrical
Library internet not working in First Floor.,Library
Plumbing problem in Admin Block.,Maintenance
Wall has cracks in Room 101.,Maintenance
Signal generator issue in Block A.,ECE
Bus pass issue in Block B.,Others
Classroom is very dirty in Lab 2.,Cleaning
Microcontroller kit not working in Admin Block.,ECE
Computer not starting in Room 204.,CSE
Garbage not collected in Room 204.,Cleaning
Power outage in classroom in Block A.,Electrical
Required book is unavailable in Block B.,Library
Function generator faulty in Lab 1.,ECE
Fan not working in hostel room in Room 204.,Hostel
Plumbing problem in Admin Block.,Maintenance
Water leaking from ceiling in Room 101.,Maintenance
Scholarship not received in Lab 1.,Others
Washroom needs cleaning in Admin Block.,Cleaning
Reading room is noisy in Second Floor.,Library
Room lock is broken in Lab 1.,Hostel
Generator backup failed in Block A.,Electrical
Power outage in classroom in Lab 1.,Electrical
Printer not working in Block A.,CSE
Library AC not working in Room 101.,Library
Light is flickering in Second Floor.,Electrical
Wall has cracks in Block B.,Maintenance
System is running very slow in Lab 1.,CSE
Room lock is broken in Block B.,Hostel
Water leaking from ceiling in Room 101.,Maintenance
Light is flickering in Block B.,Electrical
Power socket not working in Lab 1.,Electrical
Power socket not working in Block B.,Electrical
Book return portal not working in Room 204.,Library
Scholarship not received in Lab 2.,Others
Hostel WiFi not working in Admin Block.,Hostel
Insufficient seating in library in Lab 2.,Library
Loose electrical wiring in Lab 1.,Electrical
Fan not working in hostel room in Block A.,Hostel
Insufficient seating in library in First Floor.,Library
Keyboard not working in Second Floor.,CSE
Library internet not working in Room 204.,Library
Broken classroom bench in Room 101.,Maintenance
Water leaking from ceiling in Room 204.,Maintenance
Reading room is noisy in Lab 2.,Library
Library computer not working in First Floor.,Library
Signal generator issue in Admin Block.,ECE
Reading room is noisy in Block A.,Library
Tap is leaking in Lab 1.,Maintenance
Tap is leaking in Lab 2.,Maintenance
No water supply in hostel in Block B.,Hostel
Bad smell in corridor in Block B.,Cleaning
Arduino board not detected in First Floor.,ECE
Power outage in classroom in Room 204.,Electrical
Switch board is damaged in First Floor.,Electrical
Function generator faulty in Second Floor.,ECE
Light is flickering in First Floor.,Electrical
Roof seepage issue in Block A.,Maintenance
Tap is leaking in Lab 1.,Maintenance
Hostel WiFi not working in Room 101.,Hostel
Drinking water cooler not working in First Floor.,Hostel
Plumbing problem in Room 204.,Maintenance
Tap is leaking in First Floor.,Maintenance
Digital trainer board failed in Block A.,ECE
Dustbins are overflowing in Room 204.,Cleaning
Light is flickering in Block A.,Electrical
Software installation required in Room 101.,CSE
Library AC not working in Lab 2.,Library
General enquiry not resolved in Block A.,Others
Staircase is dusty in Room 101.,Cleaning
Computer not starting in Lab 2.,CSE
Window glass is broken in Block A.,Maintenance
Monitor display is blank in Block A.,CSE
Signal generator issue in Room 204.,ECE
Bonafide certificate delayed in Second Floor.,Others
Dustbins are overflowing in Block A.,Cleaning
Book issue system not working in Room 204.,Library
Washroom needs cleaning in Admin Block.,Cleaning
Bad smell in corridor in Admin Block.,Cleaning
Hostel room needs cleaning in First Floor.,Hostel
Fan not working in hostel room in Room 101.,Hostel
Microcontroller kit not working in Lab 2.,ECE
ID card not issued in Block B.,Others
Wall has cracks in Lab 2.,Maintenance
Tap is leaking in Room 101.,Maintenance
Floor needs mopping in Lab 2.,Cleaning
Breadboard is damaged in First Floor.,ECE
Power socket not working in Block B.,Electrical
Computer not starting in Block A.,CSE
Fan not working in hostel room in Block B.,Hostel
Drinking water cooler not working in First Floor.,Hostel
Internet not working in lab in First Floor.,CSE
General enquiry not resolved in Lab 2.,Others
Bus pass issue in First Floor.,Others
Function generator faulty in Block B.,ECE
Insufficient seating in library in Block B.,Library
Library AC not working in Lab 2.,Library
Generator backup failed in Block A.,Electrical
Hostel room needs cleaning in Lab 1.,Hostel
Washroom needs cleaning in Room 204.,Cleaning
Window glass is broken in Room 101.,Maintenance
Keyboard not working in First Floor.,CSE
Plumbing problem in Admin Block.,Maintenance
Dustbins are overflowing in Admin Block.,Cleaning
Loose electrical wiring in Room 101.,Electrical
Book return portal not working in Admin Block.,Library
Fee payment portal not working in Block A.,Others
Book issue system not working in First Floor.,Library
Keyboard not working in Admin Block.,CSE
Loose electrical wiring in Second Floor.,Electrical
Book return portal not working in Room 204.,Library
Monitor display is blank in Room 101.,CSE
Power outage in classroom in First Floor.,Electrical
Internet not working in lab in Second Floor.,CSE
Reading room is noisy in Second Floor.,Library
Bus pass issue in Admin Block.,Others
Loose electrical wiring in Lab 1.,Electrical
Bathroom is dirty in Room 204.,Hostel
Monitor display is blank in Room 204.,CSE
Dustbins are overflowing in Admin Block.,Cleaning
Microcontroller kit not working in Block A.,ECE
Arduino board not detected in Lab 2.,ECE
Book issue system not working in Block A.,Library
Breadboard is damaged in Admin Block.,ECE
ID card not issued in Lab 2.,Others
Software installation required in Block A.,CSE
Dustbins are overflowing in Room 101.,Cleaning
Generator backup failed in First Floor.,Electrical
Light is flickering in Block A.,Electrical
Broken classroom bench in Block A.,Maintenance
Drinking water cooler not working in Second Floor.,Hostel
Dustbins are overflowing in Room 101.,Cleaning
Website login problem in Room 101.,Others
Lab equipment is faulty in Admin Block.,ECE
Library AC not working in First Floor.,Library
Keyboard not working in Block B.,CSE
Washroom needs cleaning in Lab 1.,Cleaning
Insufficient seating in library in Block A.,Library
Library AC not working in Room 101.,Library
Monitor display is blank in Room 204.,CSE
Microcontroller kit not working in Room 204.,ECE
Bonafide certificate delayed in Second Floor.,Others
Mouse is not responding in Second Floor.,CSE
Staircase is dusty in Room 101.,Cleaning
Washroom needs cleaning in Block B.,Cleaning
Bad smell in corridor in Room 204.,Cleaning
Keyboard not working in Block B.,CSE
Power outage in classroom in Room 204.,Electrical
Tap is leaking in Room 204.,Maintenance
No water supply in hostel in Lab 2.,Hostel
Roof seepage issue in First Floor.,Maintenance
Loose electrical wiring in Block A.,Electrical
Roof seepage issue in Second Floor.,Maintenance
General enquiry not resolved in Room 204.,Others
Switch board is damaged in Admin Block.,Electrical
Scholarship not received in Block A.,Others
Computer not starting in Block B.,CSE
Bathroom is dirty in Second Floor.,Hostel
Required book is unavailable in Room 204.,Library
Book issue system not working in Room 204.,Library
General enquiry not resolved in Admin Block.,Others
Fee payment portal not working in First Floor.,Others
Floor needs mopping in Admin Block.,Cleaning
Fan not working in hostel room in Room 204.,Hostel
Printer not working in Room 204.,CSE
Oscilloscope not working in First Floor.,ECE
Mouse is not responding in Second Floor.,CSE
Broken classroom bench in Block B.,Maintenance
Garbage not collected in First Floor.,Cleaning
Mess food quality is poor in Block A.,Hostel
Wall has cracks in Lab 1.,Maintenance
General enquiry not resolved in Room 101.,Others
Wall has cracks in Block A.,Maintenance
Dustbins are overflowing in Lab 1.,Cleaning
Printer not working in Block B.,CSE
Signal generator issue in Block A.,ECE
Door lock is broken in Second Floor.,Maintenance
Monitor display is blank in Block A.,CSE
Microcontroller kit not working in Lab 1.,ECE
Insufficient seating in library in Lab 2.,Library
Broken classroom bench in Second Floor.,Maintenance
Breadboard is damaged in First Floor.,ECE
Breadboard is damaged in Room 204.,ECE
Required book is unavailable in Second Floor.,Library
Scholarship not received in Lab 2.,Others
Scholarship not received in Lab 1.,Others
Microcontroller kit not working in Admin Block.,ECE
Software installation required in Block A.,CSE
Breadboard is damaged in Room 204.,ECE
Oscilloscope not working in Block A.,ECE
Microcontroller kit not working in Admin Block.,ECE
Broken classroom bench in Second Floor.,Maintenance
Hall ticket not generated in Block B.,Others
No water supply in hostel in Admin Block.,Hostel
Insufficient seating in library in Lab 2.,Library
Bus pass issue in First Floor.,Others
Fan is not working in Admin Block.,Electrical
Function generator faulty in Block A.,ECE
Tube light not working in First Floor.,Electrical
Lab equipment is faulty in Room 204.,ECE
General enquiry not resolved in Lab 2.,Others
Door lock is broken in Lab 1.,Maintenance
Mess food quality is poor in Lab 2.,Hostel
Book return portal not working in Lab 1.,Library
Fan not working in hostel room in Lab 2.,Hostel
Software installation required in Block B.,CSE
Mess food quality is poor in Block A.,Hostel
Power outage in classroom in First Floor.,Electrical
Bad smell in corridor in First Floor.,Cleaning
Light is flickering in Admin Block.,Electrical
Reading room is noisy in Lab 1.,Library
Hall ticket not generated in Room 204.,Others
Fan is not working in Lab 2.,Electrical
Arduino board not detected in Room 204.,ECE
Garbage not collected in Block A.,Cleaning
Power outage in classroom in Lab 1.,Electrical
Bad smell in corridor in Block A.,Cleaning
Switch board is damaged in Block A.,Electrical
Mouse is not responding in Second Floor.,CSE
Power socket not working in Second Floor.,Electrical
Breadboard is damaged in First Floor.,ECE
General enquiry not resolved in Lab 2.,Others
Tap is leaking in First Floor.,Maintenance
No water supply in hostel in Admin Block.,Hostel
Bonafide certificate delayed in Room 101.,Others
Mouse is not responding in Second Floor.,CSE
Signal generator issue in Admin Block.,ECE
Wall has cracks in Room 204.,Maintenance
Dustbins are overflowing in Lab 1.,Cleaning
Reading room is noisy in Room 204.,Library
Plumbing problem in Room 204.,Maintenance
Switch board is damaged in Block B.,Electrical
Tap is leaking in Admin Block.,Maintenance
ID card not issued in Lab 2.,Others
Fan is not working in First Floor.,Electrical
Fan is not working in Block B.,Electrical
Scholarship not received in Lab 1.,Others
Classroom is very dirty in First Floor.,Cleaning
ID card not issued in Admin Block.,Others
Water leaking from ceiling in First Floor.,Maintenance
Fan is not working in First Floor.,Electrical
Mouse is not responding in Block B.,CSE
Signal generator issue in Room 101.,ECE
Fee payment portal not working in Block A.,Others
Power outage in classroom in Admin Block.,Electrical
Keyboard not working in Admin Block.,CSE
Roof seepage issue in First Floor.,Maintenance
Book issue system not working in Admin Block.,Library
Library internet not working in Room 101.,Library
Required book is unavailable in First Floor.,Library
Computer not starting in Second Floor.,CSE
Reading room is noisy in Second Floor.,Library
Bathroom is dirty in Lab 2.,Hostel
Mouse is not responding in Lab 1.,CSE
ID card not issued in Room 204.,Others
Mouse is not responding in Second Floor.,CSE
Plumbing problem in First Floor.,Maintenance
Breadboard is damaged in Room 204.,ECE
Generator backup failed in Lab 1.,Electrical
Staircase is dusty in Lab 1.,Cleaning
Bonafide certificate delayed in Lab 1.,Others
Computer not starting in Lab 2.,CSE
No water supply in hostel in Lab 1.,Hostel
Tube light not working in Room 101.,Electrical
Required book is unavailable in Block B.,Library
Wall has cracks in Admin Block.,Maintenance
Washroom needs cleaning in Lab 2.,Cleaning
Classroom is very dirty in Block A.,Cleaning
Staircase is dusty in Block B.,Cleaning
Mess food quality is poor in Room 101.,Hostel
Loose electrical wiring in First Floor.,Electrical
Hall ticket not generated in First Floor.,Others
Mouse is not responding in Room 204.,CSE
ID card not issued in Room 204.,Others
Campus area is dirty in Lab 2.,Cleaning
Hall ticket not generated in Admin Block.,Others
Switch board is damaged in Lab 2.,Electrical
Campus area is dirty in Room 204.,Cleaning
Roof seepage issue in First Floor.,Maintenance
Drinking water cooler not working in First Floor.,Hostel
Scholarship not received in Lab 2.,Others
ID card not issued in Lab 1.,Others
Reading room is noisy in Room 101.,Library
Generator backup failed in Lab 1.,Electrical
No water supply in hostel in Second Floor.,Hostel
Library AC not working in First Floor.,Library
Roof seepage issue in Block A.,Maintenance
Library AC not working in Block A.,Library
Reading room is noisy in Second Floor.,Library
Campus area is dirty in First Floor.,Cleaning
Power socket not working in Second Floor.,Electrical
Function generator faulty in Room 204.,ECE
Monitor display is blank in Lab 2.,CSE
Dustbins are overflowing in Lab 1.,Cleaning
General enquiry not resolved in Room 204.,Others
Scholarship not received in Block A.,Others
Library internet not working in Second Floor.,Library
Reading room is noisy in Admin Block.,Library
Library internet not working in Room 101.,Library
Hostel room needs cleaning in Lab 1.,Hostel
Function generator faulty in Block B.,ECE
Bonafide certificate delayed in Block A.,Others
Power outage in classroom in Second Floor.,Electrical
Washroom needs cleaning in Room 204.,Cleaning
Printer not working in Lab 2.,CSE
Bathroom is dirty in Lab 2.,Hostel
Computer not starting in Lab 1.,CSE
Drinking water cooler not working in First Floor.,Hostel
Reading room is noisy in Admin Block.,Library
Keyboard not working in Lab 1.,CSE
Wall has cracks in Block A.,Maintenance
Fee payment portal not working in Block A.,Others
Internet not working in lab in Block A.,CSE
Keyboard not working in Block B.,CSE
Room lock is broken in Block B.,Hostel
Oscilloscope not working in Room 101.,ECE
Roof seepage issue in First Floor.,Maintenance
Breadboard is damaged in Room 204.,ECE
Light is flickering in Admin Block.,Electrical
Power outage in classroom in First Floor.,Electrical
Hostel room needs cleaning in Block B.,Hostel
System is running very slow in Second Floor.,CSE
Dustbins are overflowing in Room 101.,Cleaning
Signal generator issue in Block B.,ECE
Arduino board not detected in Lab 2.,ECE
Software installation required in First Floor.,CSE
Bathroom is dirty in Room 204.,Hostel
Book return portal not working in Admin Block.,Library
Light is flickering in Block A.,Electrical
Software installation required in Room 204.,CSE
Tube light not working in Room 204.,Electrical
Light is flickering in Room 101.,Electrical
Water leaking from ceiling in Block B.,Maintenance
Book issue system not working in First Floor.,Library
Internet not working in lab in Lab 2.,CSE
Scholarship not received in Room 204.,Others
Dustbins are overflowing in Room 101.,Cleaning
Roof seepage issue in Lab 2.,Maintenance
Reading room is noisy in Second Floor.,Library
ID card not issued in Room 101.,Others
Oscilloscope not working in Lab 1.,ECE
Mess food quality is poor in First Floor.,Hostel
Hall ticket not generated in Second Floor.,Others
Door lock is broken in First Floor.,Maintenance
Breadboard is damaged in Lab 2.,ECE
Bonafide certificate delayed in Lab 2.,Others
Washroom needs cleaning in Block B.,Cleaning
Fan is not working in First Floor.,Electrical
Bonafide certificate delayed in Block B.,Others
Breadboard is damaged in Second Floor.,ECE
Mess food quality is poor in Lab 1.,Hostel
Washroom needs cleaning in Block A.,Cleaning
Required book is unavailable in First Floor.,Library
Internet not working in lab in Lab 1.,CSE
Monitor display is blank in Block A.,CSE
Breadboard is damaged in Second Floor.,ECE
Room lock is broken in Block A.,Hostel
Library computer not working in Lab 1.,Library
Broken classroom bench in Block B.,Maintenance
ID card not issued in Room 204.,Others
Switch board is damaged in Room 204.,Electrical
Campus area is dirty in Room 204.,Cleaning
Hall ticket not generated in Second Floor.,Others
Floor needs mopping in Block B.,Cleaning
Switch board is damaged in Second Floor.,Electrical
No water supply in hostel in Room 101.,Hostel
Wall has cracks in Lab 2.,Maintenance
Printer not working in Block A.,CSE
Plumbing problem in Block B.,Maintenance
Fan is not working in Room 204.,Electrical
Bad smell in corridor in Block B.,Cleaning
Book issue system not working in Admin Block.,Library
Window glass is broken in Admin Block.,Maintenance
Reading room is noisy in Block A.,Library
Generator backup failed in Block A.,Electrical
Oscilloscope not working in Block B.,ECE
Library AC not working in Lab 1.,Library
Mouse is not responding in Block A.,CSE
Roof seepage issue in First Floor.,Maintenance
Door lock is broken in Room 204.,Maintenance
Fee payment portal not working in Admin Block.,Others
System is running very slow in First Floor.,CSE
Library AC not working in Admin Block.,Library
Tap is leaking in First Floor.,Maintenance
Water leaking from ceiling in Lab 1.,Maintenance
Software installation required in Room 204.,CSE
Water leaking from ceiling in Lab 1.,Maintenance
Floor needs mopping in Block B.,Cleaning
Bathroom is dirty in Room 101.,Hostel
Light is flickering in First Floor.,Electrical
Hostel room needs cleaning in Room 101.,Hostel
Tube light not working in Lab 1.,Electrical
Floor needs mopping in Room 101.,Cleaning
Campus area is dirty in Room 101.,Cleaning
Oscilloscope not working in Second Floor.,ECE
Microcontroller kit not working in Room 101.,ECE
Required book is unavailable in Room 204.,Library
Light is flickering in Block A.,Electrical
Power socket not working in First Floor.,Electrical
Water leaking from ceiling in Second Floor.,Maintenance
Book return portal not working in First Floor.,Library
Drinking water cooler not working in First Floor.,Hostel
Printer not working in Lab 2.,CSE
Arduino board not detected in Lab 2.,ECE
Generator backup failed in Second Floor.,Electrical
System is running very slow in Second Floor.,CSE
Dustbins are overflowing in Second Floor.,Cleaning
Website login problem in Room 101.,Others
Book return portal not working in First Floor.,Library
No water supply in hostel in Room 204.,Hostel
ID card not issued in Second Floor.,Others
Bad smell in corridor in Lab 2.,Cleaning
Printer not working in Lab 2.,CSE
Mess food quality is poor in Room 204.,Hostel
Mess food quality is poor in Admin Block.,Hostel
Library AC not working in First Floor.,Library
Printer not working in Room 101.,CSE
Hall ticket not generated in Second Floor.,Others
Classroom is very dirty in Block A.,Cleaning
Fan is not working in Room 204.,Electrical
Lab equipment is faulty in First Floor.,ECE
Mess food quality is poor in Second Floor.,Hostel
Roof seepage issue in Block B.,Maintenance
Reading room is noisy in Room 101.,Library
Library computer not working in Lab 2.,Library
Monitor display is blank in First Floor.,CSE
Hall ticket not generated in Lab 1.,Others
Keyboard not working in Block A.,CSE
Microcontroller kit not working in Block B.,ECE
Oscilloscope not working in Lab 1.,ECE
Staircase is dusty in Room 204.,Cleaning
Website login problem in First Floor.,Others
Staircase is dusty in Second Floor.,Cleaning
Bad smell in corridor in Second Floor.,Cleaning
Bus pass issue in Room 204.,Others
Classroom is very dirty in Block B.,Cleaning
System is running very slow in Admin Block.,CSE
Wall has cracks in Lab 2.,Maintenance
Bonafide certificate delayed in Block A.,Others
Fan not working in hostel room in First Floor.,Hostel
Oscilloscope not working in First Floor.,ECE
Computer not starting in Admin Block.,CSE
Garbage not collected in Room 101.,Cleaning
Floor needs mopping in Lab 2.,Cleaning
Fan not working in hostel room in Second Floor.,Hostel
Generator backup failed in Second Floor.,Electrical
ID card not issued in Room 101.,Others
Keyboard not working in Lab 2.,CSE
Bathroom is dirty in Admin Block.,Hostel
Dustbins are overflowing in First Floor.,Cleaning
Power outage in classroom in Lab 2.,Electrical
Monitor display is blank in Admin Block.,CSE
Staircase is dusty in Block A.,Cleaning
Hall ticket not generated in Room 204.,Others
Bad smell in corridor in Block B.,Cleaning
Classroom is very dirty in Second Floor.,Cleaning
Roof seepage issue in Lab 2.,Maintenance
Hall ticket not generated in Admin Block.,Others
Tube light not working in Lab 2.,Electrical
Floor needs mopping in Room 204.,Cleaning
Plumbing problem in First Floor.,Maintenance
Function generator faulty in Second Floor.,ECE
Bus pass issue in Room 204.,Others
Computer not starting in Lab 2.,CSE
Arduino board not detected in Second Floor.,ECE
Signal generator issue in Block A.,ECE
Fan is not working in First Floor.,Electrical
Keyboard not working in Block A.,CSE
Library AC not working in Block A.,Library
Monitor display is blank in Room 204.,CSE
Tap is leaking in Room 101.,Maintenance
Library AC not working in Room 101.,Library
Switch board is damaged in Lab 2.,Electrical
Monitor display is blank in Block A.,CSE
Microcontroller kit not working in Second Floor.,ECE
Water leaking from ceiling in Second Floor.,Maintenance
Software installation required in Block B.,CSE
Fee payment portal not working in First Floor.,Others
Door lock is broken in Admin Block.,Maintenance
Roof seepage issue in Admin Block.,Maintenance
ID card not issued in Lab 1.,Others
Scholarship not received in Room 101.,Others
Tube light not working in Room 101.,Electrical
Required book is unavailable in Room 204.,Library
Required book is unavailable in Second Floor.,Library
Broken classroom bench in Block A.,Maintenance
Bathroom is dirty in First Floor.,Hostel
Room lock is broken in Lab 2.,Hostel
Software installation required in Room 204.,CSE
Internet not working in lab in Admin Block.,CSE
Wall has cracks in Block B.,Maintenance
Keyboard not working in Admin Block.,CSE
Room lock is broken in Room 204.,Hostel
Scholarship not received in First Floor.,Others
Fan not working in hostel room in Block B.,Hostel
Staircase is dusty in First Floor.,Cleaning
Hall ticket not generated in Lab 2.,Others
Computer not starting in Block B.,CSE
Fan not working in hostel room in Lab 1.,Hostel
Lab equipment is faulty in Room 204.,ECE
No water supply in hostel in Lab 2.,Hostel
Power socket not working in Room 204.,Electrical
Reading room is noisy in Lab 2.,Library
Digital trainer board failed in Room 204.,ECE
Library computer not working in Admin Block.,Library
Broken classroom bench in Lab 2.,Maintenance
Library AC not working in Second Floor.,Library
Tap is leaking in First Floor.,Maintenance
Generator backup failed in Lab 1.,Electrical
Computer not starting in Block B.,CSE
Bathroom is dirty in Second Floor.,Hostel
Room lock is broken in Room 204.,Hostel
Function generator faulty in First Floor.,ECE
Generator backup failed in Admin Block.,Electrical
Loose electrical wiring in Room 101.,Electrical
Printer not working in Lab 1.,CSE
Insufficient seating in library in Second Floor.,Library
Library internet not working in Block B.,Library
Scholarship not received in Room 204.,Others
Oscilloscope not working in Second Floor.,ECE
Hall ticket not generated in First Floor.,Others
Garbage not collected in Lab 2.,Cleaning
ID card not issued in Block A.,Others
Campus area is dirty in Room 101.,Cleaning
Hall ticket not generated in Room 101.,Others
Bus pass issue in Block A.,Others
Hostel room needs cleaning in First Floor.,Hostel
Tube light not working in Lab 1.,Electrical
Arduino board not detected in Block B.,ECE
System is running very slow in Second Floor.,CSE
Power socket not working in Lab 1.,Electrical
Insufficient seating in library in Room 204.,Library
Fee payment portal not working in Block A.,Others
Scholarship not received in Admin Block.,Others
Library AC not working in Block B.,Library
Switch board is damaged in Room 101.,Electrical
Window glass is broken in Admin Block.,Maintenance
Lab equipment is faulty in Admin Block.,ECE
Fan not working in hostel room in Lab 1.,Hostel
Floor needs mopping in Room 204.,Cleaning
General enquiry not resolved in Lab 1.,Others
Bathroom is dirty in Block B.,Hostel
Floor needs mopping in Room 204.,Cleaning
Floor needs mopping in Room 204.,Cleaning
Signal generator issue in Lab 2.,ECE
ID card not issued in Lab 1.,Others
Book return portal not working in First Floor.,Library
Lab equipment is faulty in Room 204.,ECE
Plumbing problem in Second Floor.,Maintenance
General enquiry not resolved in Block A.,Others
Computer not starting in Admin Block.,CSE
Room lock is broken in Block A.,Hostel
Campus area is dirty in Admin Block.,Cleaning
Software installation required in Admin Block.,CSE
General enquiry not resolved in Admin Block.,Others
Classroom is very dirty in Room 101.,Cleaning
Keyboard not working in Admin Block.,CSE
Bonafide certificate delayed in Second Floor.,Others
Dustbins are overflowing in Lab 1.,Cleaning
Classroom is very dirty in Room 204.,Cleaning
No water supply in hostel in First Floor.,Hostel
Oscilloscope not working in Room 204.,ECE
Website login problem in Lab 1.,Others
No water supply in hostel in Lab 1.,Hostel
Hostel WiFi not working in Second Floor.,Hostel
Hostel WiFi not working in Lab 2.,Hostel
Washroom needs cleaning in First Floor.,Cleaning
Software installation required in First Floor.,CSE
Internet not working in lab in First Floor.,CSE
Library AC not working in Lab 2.,Library
Digital trainer board failed in Block B.,ECE
Mess food quality is poor in Room 101.,Hostel
Digital trainer board failed in Lab 2.,ECE
Room lock is broken in Room 101.,Hostel
Room lock is broken in Block A.,Hostel
Oscilloscope not working in Room 101.,ECE
Fee payment portal not working in First Floor.,Others
Broken classroom bench in Room 204.,Maintenance
Hostel room needs cleaning in Second Floor.,Hostel
Library internet not working in Block B.,Library
Washroom needs cleaning in Second Floor.,Cleaning
Hostel WiFi not working in Second Floor.,Hostel
Bathroom is dirty in First Floor.,Hostel
Hall ticket not generated in Block B.,Others
Broken classroom bench in Block B.,Maintenance
Scholarship not received in Second Floor.,Others
Water leaking from ceiling in Room 101.,Maintenance
Classroom is very dirty in Room 101.,Cleaning
Power outage in classroom in Room 204.,Electrical
Broken classroom bench in Second Floor.,Maintenance
Insufficient seating in library in Block B.,Library
Broken classroom bench in Admin Block.,Maintenance
Bathroom is dirty in Admin Block.,Hostel
Power outage in classroom in Lab 1.,Electrical
Water leaking from ceiling in Room 204.,Maintenance
Floor needs mopping in Lab 1.,Cleaning
Digital trainer board failed in First Floor.,ECE
Light is flickering in Block A.,Electrical
Garbage not collected in Admin Block.,Cleaning
Library internet not working in Second Floor.,Library
Floor needs mopping in Lab 1.,Cleaning
Bonafide certificate delayed in Lab 2.,Others
Breadboard is damaged in Lab 1.,ECE
Bad smell in corridor in Block A.,Cleaning
Scholarship not received in Room 101.,Others
Digital trainer board failed in Block B.,ECE
Lab equipment is faulty in Admin Block.,ECE
Switch board is damaged in Room 101.,Electrical
Floor needs mopping in Lab 2.,Cleaning
Bad smell in corridor in Block B.,Cleaning
Signal generator issue in Block A.,ECE
ID card not issued in Lab 2.,Others
Hall ticket not generated in Block A.,Others
Bus pass issue in Room 101.,Others
Classroom is very dirty in Lab 1.,Cleaning
No water supply in hostel in Lab 1.,Hostel
Room lock is broken in Admin Block.,Hostel
Power socket not working in First Floor.,Electrical
Bonafide certificate delayed in Block A.,Others
Software installation required in First Floor.,CSE
Required book is unavailable in First Floor.,Library
Library AC not working in First Floor.,Library
Lab equipment is faulty in Admin Block.,ECE
Website login problem in Block B.,Others
Garbage not collected in Admin Block.,Cleaning
Microcontroller kit not working in Room 101.,ECE
Drinking water cooler not working in Second Floor.,Hostel
Staircase is dusty in Admin Block.,Cleaning
Computer not starting in Second Floor.,CSE
Classroom is very dirty in First Floor.,Cleaning
Breadboard is damaged in Second Floor.,ECE
Oscilloscope not working in Room 204.,ECE
Roof seepage issue in Second Floor.,Maintenance
Bonafide certificate delayed in Lab 2.,Others
Tap is leaking in Room 101.,Maintenance
Hostel room needs cleaning in First Floor.,Hostel
Internet not working in lab in First Floor.,CSE
Computer not starting in Lab 2.,CSE
Classroom is very dirty in Lab 2.,Cleaning
Monitor display is blank in Lab 1.,CSE
Digital trainer board failed in Room 101.,ECE
Digital trainer board failed in Block A.,ECE
Power socket not working in Block A.,Electrical
Loose electrical wiring in Block B.,Electrical
Power socket not working in Block A.,Electrical
Floor needs mopping in Admin Block.,Cleaning
Broken classroom bench in Lab 2.,Maintenance
Scholarship not received in Room 204.,Others
Classroom is very dirty in Lab 2.,Cleaning
General enquiry not resolved in Admin Block.,Others
Generator backup failed in First Floor.,Electrical
Printer not working in Block A.,CSE
Loose electrical wiring in First Floor.,Electrical
Computer not starting in Lab 1.,CSE
Software installation required in Block B.,CSE
Computer not starting in Second Floor.,CSE
Library internet not working in Block A.,Library
Reading room is noisy in Lab 2.,Library
Mouse is not responding in Room 204.,CSE
Breadboard is damaged in Block A.,ECE
Hostel room needs cleaning in Second Floor.,Hostel
Wall has cracks in Admin Block.,Maintenance
Bus pass issue in Second Floor.,Others
Generator backup failed in Room 101.,Electrical
Floor needs mopping in Block A.,Cleaning
Scholarship not received in Room 204.,Others
Oscilloscope not working in Second Floor.,ECE
Water leaking from ceiling in First Floor.,Maintenance
Window glass is broken in Block B.,Maintenance
Digital trainer board failed in Room 204.,ECE
Scholarship not received in Second Floor.,Others
Wall has cracks in Lab 2.,Maintenance
Keyboard not working in Lab 1.,CSE
Function generator faulty in Admin Block.,ECE
Washroom needs cleaning in Admin Block.,Cleaning
Bad smell in corridor in Lab 2.,Cleaning
Washroom needs cleaning in Block A.,Cleaning
Book issue system not working in Block A.,Library
Insufficient seating in library in Block B.,Library
Classroom is very dirty in First Floor.,Cleaning
No water supply in hostel in Second Floor.,Hostel
Monitor display is blank in Block A.,CSE
Roof seepage issue in Block A.,Maintenance
Garbage not collected in Block A.,Cleaning
Classroom is very dirty in Room 204.,Cleaning
Floor needs mopping in Lab 2.,Cleaning
Mouse is not responding in Block A.,CSE
Room lock is broken in Room 204.,Hostel
Wall has cracks in Room 204.,Maintenance
Generator backup failed in Second Floor.,Electrical
Mouse is not responding in Second Floor.,CSE
Monitor display is blank in Room 101.,CSE
Dustbins are overflowing in Second Floor.,Cleaning
Staircase is dusty in Lab 2.,Cleaning
Breadboard is damaged in Lab 2.,ECE
Broken classroom bench in Block B.,Maintenance
Required book is unavailable in Lab 1.,Library
Digital trainer board failed in First Floor.,ECE
Arduino board not detected in Room 204.,ECE
Power outage in classroom in Lab 2.,Electrical
Hall ticket not generated in First Floor.,Others
Arduino board not detected in Second Floor.,ECE
Hostel room needs cleaning in Room 204.,Hostel
Garbage not collected in Lab 1.,Cleaning
Hostel WiFi not working in Second Floor.,Hostel
Bad smell in corridor in First Floor.,Cleaning
General enquiry not resolved in First Floor.,Others
Keyboard not working in Room 101.,CSE
Tube light not working in First Floor.,Electrical
Arduino board not detected in Lab 2.,ECE
Light is flickering in Admin Block.,Electrical
Scholarship not received in Lab 1.,Others
Plumbing problem in Room 204.,Maintenance
Bathroom is dirty in Room 101.,Hostel
Microcontroller kit not working in Room 101.,ECE
Switch board is damaged in Lab 1.,Electrical
ID card not issued in Room 204.,Others
Arduino board not detected in Room 101.,ECE
Roof seepage issue in Block B.,Maintenance
Campus area is dirty in Lab 2.,Cleaning
Classroom is very dirty in Lab 1.,Cleaning
Hostel room needs cleaning in Room 204.,Hostel
Bonafide certificate delayed in Lab 1.,Others
Washroom needs cleaning in Block B.,Cleaning
Plumbing problem in Room 101.,Maintenance
Book issue system not working in Second Floor.,Library
Internet not working in lab in Lab 2.,CSE
Loose electrical wiring in Lab 2.,Electrical
Insufficient seating in library in First Floor.,Library
Floor needs mopping in First Floor.,Cleaning
No water supply in hostel in Second Floor.,Hostel
Reading room is noisy in Room 204.,Library
Window glass is broken in Block A.,Maintenance
Dustbins are overflowing in Admin Block.,Cleaning
Library internet not working in Block B.,Library
Function generator faulty in Block A.,ECE
Loose electrical wiring in Admin Block.,Electrical
Wall has cracks in Second Floor.,Maintenance
General enquiry not resolved in Lab 1.,Others
Hostel WiFi not working in Room 204.,Hostel
Loose electrical wiring in Room 204.,Electrical
Switch board is damaged in First Floor.,Electrical
Breadboard is damaged in Lab 2.,ECE
Campus area is dirty in Admin Block.,Cleaning
Bonafide certificate delayed in Block A.,Others
Hall ticket not generated in Block A.,Others
Room lock is broken in Room 204.,Hostel
Loose electrical wiring in Lab 1.,Electrical
Plumbing problem in Lab 2.,Maintenance
Dustbins are overflowing in First Floor.,Cleaning
Signal generator issue in Block B.,ECE
Hostel WiFi not working in Second Floor.,Hostel
Website login problem in Room 101.,Others
Light is flickering in Lab 2.,Electrical
Website login problem in Lab 2.,Others
Hostel WiFi not working in Second Floor.,Hostel
Wall has cracks in Lab 2.,Maintenance
Required book is unavailable in Block B.,Library
Bad smell in corridor in Lab 1.,Cleaning
Washroom needs cleaning in Lab 1.,Cleaning
Required book is unavailable in Room 204.,Library
Fan not working in hostel room in Second Floor.,Hostel
Switch board is damaged in First Floor.,Electrical
Loose electrical wiring in Lab 2.,Electrical
No water supply in hostel in First Floor.,Hostel
Bus pass issue in Second Floor.,Others
Garbage not collected in Room 101.,Cleaning
Monitor display is blank in Second Floor.,CSE
Breadboard is damaged in Room 204.,ECE
Digital trainer board failed in Room 101.,ECE
General enquiry not resolved in Block A.,Others
Bathroom is dirty in Room 101.,Hostel
Loose electrical wiring in First Floor.,Electrical
Keyboard not working in Block A.,CSE
General enquiry not resolved in Lab 1.,Others
Insufficient seating in library in Room 204.,Library
Power socket not working in Lab 1.,Electrical
Switch board is damaged in Block B.,Electrical
Printer not working in First Floor.,CSE
Microcontroller kit not working in Lab 1.,ECE
Scholarship not received in Room 101.,Others
Printer not working in Block B.,CSE
Drinking water cooler not working in Block A.,Hostel
Dustbins are overflowing in Second Floor.,Cleaning
Bus pass issue in Room 101.,Others
Book issue system not working in Second Floor.,Library
Function generator faulty in Second Floor.,ECE
Hostel room needs cleaning in First Floor.,Hostel
Hall ticket not generated in First Floor.,Others
Bonafide certificate delayed in Lab 1.,Others
Hall ticket not generated in Lab 2.,Others
Campus area is dirty in First Floor.,Cleaning
Tap is leaking in Room 101.,Maintenance
Plumbing problem in Room 101.,Maintenance
Required book is unavailable in First Floor.,Library
Arduino board not detected in Room 204.,ECE
Arduino board not detected in First Floor.,ECE
General enquiry not resolved in Second Floor.,Others
Book issue system not working in Second Floor.,Library
No water supply in hostel in First Floor.,Hostel
Door lock is broken in Lab 2.,Maintenance
Mouse is not responding in Lab 2.,CSE
Campus area is dirty in Lab 1.,Cleaning
No water supply in hostel in Room 101.,Hostel
Signal generator issue in Room 204.,ECE
Garbage not collected in Second Floor.,Cleaning
Lab equipment is faulty in First Floor.,ECE
System is running very slow in Room 101.,CSE
Floor needs mopping in Lab 1.,Cleaning
Mess food quality is poor in Room 204.,Hostel
Monitor display is blank in Lab 2.,CSE
Mouse is not responding in Room 204.,CSE
Function generator faulty in Room 101.,ECE
Tube light not working in Lab 1.,Electrical
Floor needs mopping in Second Floor.,Cleaning
Microcontroller kit not working in Second Floor.,ECE
Roof seepage issue in Lab 2.,Maintenance
Mess food quality is poor in Admin Block.,Hostel
Oscilloscope not working in First Floor.,ECE
Staircase is dusty in Block A.,Cleaning
Switch board is damaged in Lab 2.,Electrical
Washroom needs cleaning in Lab 2.,Cleaning
Broken classroom bench in Lab 2.,Maintenance
Monitor display is blank in Block B.,CSE
Microcontroller kit not working in Block A.,ECE
Bathroom is dirty in Lab 2.,Hostel
Book return portal not working in Room 204.,Library
Garbage not collected in First Floor.,Cleaning
Hall ticket not generated in Second Floor.,Others
Arduino board not detected in First Floor.,ECE
Mess food quality is poor in Lab 2.,Hostel
Roof seepage issue in Lab 2.,Maintenance
Bad smell in corridor in Lab 2.,Cleaning
Hostel WiFi not working in Room 204.,Hostel
Bonafide certificate delayed in First Floor.,Others
Arduino board not detected in Second Floor.,ECE
Mouse is not responding in Second Floor.,CSE
Library computer not working in First Floor.,Library
Door lock is broken in Block A.,Maintenance
Broken classroom bench in Second Floor.,Maintenance
Broken classroom bench in Room 204.,Maintenance
Bathroom is dirty in Admin Block.,Hostel
Hostel room needs cleaning in Block A.,Hostel
Bathroom is dirty in Block A.,Hostel
Bus pass issue in Lab 1.,Others
Bonafide certificate delayed in Lab 1.,Others
Internet not working in lab in Block A.,CSE
Bad smell in corridor in Block A.,Cleaning
ID card not issued in Admin Block.,Others
Fan is not working in Second Floor.,Electrical
Website login problem in Lab 2.,Others
Power socket not working in First Floor.,Electrical
Door lock is broken in Block B.,Maintenance
Bad smell in corridor in Block B.,Cleaning
Library internet not working in Second Floor.,Library
Bus pass issue in Room 204.,Others
System is running very slow in Admin Block.,CSE
Bathroom is dirty in Room 101.,Hostel
Water leaking from ceiling in Admin Block.,Maintenance
Staircase is dusty in Room 204.,Cleaning
Hall ticket not generated in Second Floor.,Others
Drinking water cooler not working in Room 101.,Hostel
Garbage not collected in Room 101.,Cleaning
Insufficient seating in library in Block A.,Library
Printer not working in Room 101.,CSE
Garbage not collected in Block A.,Cleaning
Bonafide certificate delayed in Block B.,Others
Drinking water cooler not working in Lab 2.,Hostel
Oscilloscope not working in Block B.,ECE
Scholarship not received in Lab 2.,Others
Hostel WiFi not working in Lab 2.,Hostel
Room lock is broken in First Floor.,Hostel
Floor needs mopping in Block B.,Cleaning
Website login problem in Room 204.,Others
Wall has cracks in Room 101.,Maintenance
Water leaking from ceiling in Lab 1.,Maintenance
Switch board is damaged in Second Floor.,Electrical
Monitor display is blank in Block B.,CSE
Loose electrical wiring in Lab 1.,Electrical
General enquiry not resolved in Room 101.,Others
Window glass is broken in Lab 1.,Maintenance
Fee payment portal not working in Block A.,Others
Campus area is dirty in Lab 1.,Cleaning
Arduino board not detected in Admin Block.,ECE
Mouse is not responding in Admin Block.,CSE
Garbage not collected in Block A.,Cleaning
Classroom is very dirty in Lab 2.,Cleaning
Power socket not working in Block A.,Electrical
Plumbing problem in Room 101.,Maintenance
Library internet not working in Lab 2.,Library
Microcontroller kit not working in Block A.,ECE
Loose electrical wiring in Admin Block.,Electrical
Tube light not working in Lab 2.,Electrical
No water supply in hostel in First Floor.,Hostel
Washroom needs cleaning in Admin Block.,Cleaning
Power socket not working in Block B.,Electrical
Printer not working in Block B.,CSE
Power socket not working in First Floor.,Electrical
Insufficient seating in library in Lab 1.,Library
Floor needs mopping in Room 204.,Cleaning
Window glass is broken in Room 101.,Maintenance
Hostel room needs cleaning in Admin Block.,Hostel
Library computer not working in Admin Block.,Library
Microcontroller kit not working in Lab 1.,ECE
Library computer not working in Lab 1.,Library
Water leaking from ceiling in Room 204.,Maintenance
Library computer not working in Room 101.,Library
Loose electrical wiring in Block B.,Electrical
Breadboard is damaged in Room 204.,ECE
Lab equipment is faulty in Room 101.,ECE
Book return portal not working in Room 204.,Library
Light is flickering in Block A.,Electrical
Signal generator issue in Room 204.,ECE
Keyboard not working in Second Floor.,CSE
Website login problem in Lab 2.,Others
Power outage in classroom in Lab 1.,Electrical
Library computer not working in Lab 2.,Library
Fee payment portal not working in Block A.,Others
Dustbins are overflowing in Room 204.,Cleaning
Window glass is broken in Room 101.,Maintenance
Room lock is broken in Room 101.,Hostel
Hostel WiFi not working in Block B.,Hostel
Loose electrical wiring in Lab 1.,Electrical
Library internet not working in Second Floor.,Library
Power outage in classroom in First Floor.,Electrical
General enquiry not resolved in Block B.,Others
Microcontroller kit not working in Room 204.,ECE
Internet not working in lab in Block A.,CSE
Insufficient seating in library in First Floor.,Library
Room lock is broken in Room 204.,Hostel
Website login problem in Lab 1.,Others
Campus area is dirty in Block A.,Cleaning
Keyboard not working in Second Floor.,CSE
Bonafide certificate delayed in Room 101.,Others
General enquiry not resolved in Admin Block.,Others
System is running very slow in Room 204.,CSE
Internet not working in lab in Second Floor.,CSE
Staircase is dusty in Block A.,Cleaning
Mess food quality is poor in First Floor.,Hostel
Computer not starting in Second Floor.,CSE
Book return portal not working in Room 204.,Library
Fan is not working in Lab 2.,Electrical
Staircase is dusty in Admin Block.,Cleaning
Floor needs mopping in Block A.,Cleaning
Bathroom is dirty in Second Floor.,Hostel
Power outage in classroom in First Floor.,Electrical
Fan is not working in Admin Block.,Electrical
Loose electrical wiring in Room 204.,Electrical
Reading room is noisy in Room 101.,Library
Oscilloscope not working in Block A.,ECE
Lab equipment is faulty in Block B.,ECE
Bathroom is dirty in Lab 1.,Hostel
Bathroom is dirty in First Floor.,Hostel
Monitor display is blank in Room 204.,CSE
Garbage not collected in Block A.,Cleaning
Door lock is broken in Block B.,Maintenance
Library AC not working in First Floor.,Library
ID card not issued in First Floor.,Others
Bathroom is dirty in Second Floor.,Hostel
Book issue system not working in Second Floor.,Library
Signal generator issue in Lab 1.,ECE
Fan is not working in Block A.,Electrical
Software installation required in Room 101.,CSE
Computer not starting in Room 204.,CSE
Library internet not working in Admin Block.,Library
Broken classroom bench in Room 101.,Maintenance
Room lock is broken in Lab 1.,Hostel
Window glass is broken in Lab 2.,Maintenance
Fan is not working in Room 204.,Electrical
Window glass is broken in Admin Block.,Maintenance
Mess food quality is poor in Room 204.,Hostel
Digital trainer board failed in Block B.,ECE
Roof seepage issue in Second Floor.,Maintenance
Dustbins are overflowing in First Floor.,Cleaning
Lab equipment is faulty in Lab 1.,ECE
Monitor display is blank in Room 204.,CSE
System is running very slow in First Floor.,CSE
Hostel room needs cleaning in Room 101.,Hostel
Wall has cracks in Room 204.,Maintenance
Broken classroom bench in Room 204.,Maintenance
Printer not working in Block A.,CSE
Function generator faulty in Admin Block.,ECE
Library AC not working in Lab 1.,Library
Oscilloscope not working in Block A.,ECE
Bus pass issue in First Floor.,Others
Computer not starting in Block A.,CSE
Library internet not working in Block B.,Library
Function generator faulty in Room 101.,ECE
ID card not issued in Block B.,Others
Classroom is very dirty in Lab 1.,Cleaning
General enquiry not resolved in Block B.,Others
Water leaking from ceiling in First Floor.,Maintenance
Signal generator issue in Block B.,ECE
Power outage in classroom in Admin Block.,Electrical
General enquiry not resolved in Lab 1.,Others
Mess food quality is poor in Lab 2.,Hostel
Garbage not collected in Room 204.,Cleaning
Lab equipment is faulty in Block B.,ECE
Tube light not working in Room 101.,Electrical
Insufficient seating in library in Second Floor.,Library
Bus pass issue in First Floor.,Others
Arduino board not detected in First Floor.,ECE
Washroom needs cleaning in Room 101.,Cleaning
Wall has cracks in First Floor.,Maintenance
Monitor display is blank in Block B.,CSE
Roof seepage issue in Block A.,Maintenance
Microcontroller kit not working in Block A.,ECE
Staircase is dusty in Room 101.,Cleaning
Library internet not working in Block B.,Library
Computer not starting in Second Floor.,CSE
Keyboard not working in Lab 2.,CSE
Microcontroller kit not working in Block A.,ECE
Generator backup failed in Block A.,Electrical
Bathroom is dirty in Block B.,Hostel
Generator backup failed in Admin Block.,Electrical
ID card not issued in Block A.,Others
Library internet not working in Block B.,Library
Mess food quality is poor in Room 101.,Hostel
Hostel WiFi not working in Admin Block.,Hostel
Oscilloscope not working in First Floor.,ECE
Printer not working in Block A.,CSE
Reading room is noisy in Room 101.,Library
Light is flickering in Lab 1.,Electrical
Book return portal not working in Admin Block.,Library
Book issue system not working in Second Floor.,Library
Reading room is noisy in Room 101.,Library
Room lock is broken in Block A.,Hostel
Hall ticket not generated in First Floor.,Others
Monitor display is blank in First Floor.,CSE
Bathroom is dirty in Lab 2.,Hostel
Loose electrical wiring in Second Floor.,Electrical
Website login problem in Lab 1.,Others
Mess food quality is poor in First Floor.,Hostel
Website login problem in Admin Block.,Others
Roof seepage issue in Second Floor.,Maintenance
Book return portal not working in Second Floor.,Library
Water leaking from ceiling in Lab 1.,Maintenance
Water leaking from ceiling in Second Floor.,Maintenance
Loose electrical wiring in Room 101.,Electrical
ID card not issued in Lab 2.,Others
Generator backup failed in Room 101.,Electrical
Mess food quality is poor in Lab 1.,Hostel
Reading room is noisy in Block A.,Library
Lab equipment is faulty in Room 101.,ECE
Keyboard not working in First Floor.,CSE
Fan is not working in Room 101.,Electrical
Library internet not working in First Floor.,Library
Wall has cracks in Block B.,Maintenance
Hostel room needs cleaning in Block A.,Hostel
Reading room is noisy in Lab 2.,Library
Internet not working in lab in Block B.,CSE
Roof seepage issue in Lab 1.,Maintenance
Bathroom is dirty in Lab 1.,Hostel
Drinking water cooler not working in Admin Block.,Hostel
Switch board is damaged in Block A.,Electrical
Fan is not working in First Floor.,Electrical
Scholarship not received in Admin Block.,Others
Dustbins are overflowing in Block A.,Cleaning
No water supply in hostel in Room 101.,Hostel
Roof seepage issue in Room 101.,Maintenance
Wall has cracks in First Floor.,Maintenance
Dustbins are overflowing in Block B.,Cleaning
Function generator faulty in Lab 1.,ECE
Staircase is dusty in Second Floor.,Cleaning
Tap is leaking in Second Floor.,Maintenance
Switch board is damaged in First Floor.,Electrical
Signal generator issue in First Floor.,ECE
Loose electrical wiring in Second Floor.,Electrical
Book return portal not working in First Floor.,Library
Water leaking from ceiling in First Floor.,Maintenance
Printer not working in Lab 2.,CSE
Bonafide certificate delayed in Admin Block.,Others
Arduino board not detected in Lab 2.,ECE
Power outage in classroom in First Floor.,Electrical
Library internet not working in First Floor.,Library
General enquiry not resolved in Admin Block.,Others
Oscilloscope not working in Lab 1.,ECE
Required book is unavailable in Lab 1.,Library
Insufficient seating in library in Lab 1.,Library
Lab equipment is faulty in Block A.,ECE
Tube light not working in Block B.,Electrical
Hostel room needs cleaning in Block B.,Hostel
Oscilloscope not working in Second Floor.,ECE
Signal generator issue in Block A.,ECE
Staircase is dusty in Admin Block.,Cleaning
Insufficient seating in library in Lab 1.,Library
Mess food quality is poor in Room 101.,Hostel
Software installation required in Block B.,CSE
System is running very slow in Admin Block.,CSE
Book issue system not working in Second Floor.,Library
Internet not working in lab in Block B.,CSE
Floor needs mopping in Block A.,Cleaning
Computer not starting in Room 204.,CSE
System is running very slow in Lab 2.,CSE
Campus area is dirty in Block A.,Cleaning
Breadboard is damaged in Room 204.,ECE
Power socket not working in Lab 1.,Electrical
Printer not working in Lab 2.,CSE
Generator backup failed in Room 204.,Electrical
Hostel WiFi not working in Second Floor.,Hostel
Book return portal not working in Room 101.,Library
Broken classroom bench in Block B.,Maintenance
Tap is leaking in Room 101.,Maintenance
Insufficient seating in library in Room 101.,Library
Book return portal not working in Lab 2.,Library
Website login problem in Second Floor.,Others
Dustbins are overflowing in Room 204.,Cleaning
Floor needs mopping in Admin Block.,Cleaning
Fan is not working in Lab 2.,Electrical
Internet not working in lab in Room 101.,CSE
Book return portal not working in Block A.,Library
Drinking water cooler not working in Room 101.,Hostel
Breadboard is damaged in Room 204.,ECE
Plumbing problem in Block B.,Maintenance
Fee payment portal not working in Second Floor.,Others
Drinking water cooler not working in Block B.,Hostel
Tube light not working in Room 204.,Electrical
Water leaking from ceiling in Block B.,Maintenance
Insufficient seating in library in Lab 1.,Library
Library computer not working in Block B.,Library
Scholarship not received in Block A.,Others
Software installation required in Second Floor.,CSE
Power socket not working in Block B.,Electrical
Tap is leaking in Room 101.,Maintenance
ID card not issued in Admin Block.,Others
Insufficient seating in library in Lab 2.,Library
Keyboard not working in Block A.,CSE
Digital trainer board failed in Room 204.,ECE
System is running very slow in Room 101.,CSE
Bathroom is dirty in Admin Block.,Hostel
Library AC not working in First Floor.,Library
Drinking water cooler not working in Lab 1.,Hostel
Oscilloscope not working in Lab 1.,ECE
Tube light not working in Lab 1.,Electrical
Plumbing problem in Lab 1.,Maintenance
Microcontroller kit not working in Lab 1.,ECE
Library internet not working in Block B.,Library
Required book is unavailable in Block A.,Library
Tap is leaking in Lab 1.,Maintenance
Garbage not collected in Second Floor.,Cleaning
Computer not starting in Block B.,CSE
Washroom needs cleaning in Second Floor.,Cleaning
Light is flickering in Block B.,Electrical
Oscilloscope not working in Lab 2.,ECE
Insufficient seating in library in Block A.,Library
Oscilloscope not working in Lab 2.,ECE
Switch board is damaged in First Floor.,Electrical
Oscilloscope not working in First Floor.,ECE
Scholarship not received in First Floor.,Others
Fee payment portal not working in Admin Block.,Others
Loose electrical wiring in Admin Block.,Electrical
Breadboard is damaged in Room 101.,ECE
Reading room is noisy in Second Floor.,Library
Keyboard not working in Lab 2.,CSE
Book issue system not working in First Floor.,Library
Mess food quality is poor in Admin Block.,Hostel
Drinking water cooler not working in Block B.,Hostel
Monitor display is blank in Lab 1.,CSE
Oscilloscope not working in First Floor.,ECE
Lab equipment is faulty in Block B.,ECE
Library computer not working in Lab 1.,Library
Staircase is dusty in Admin Block.,Cleaning
Bonafide certificate delayed in Block B.,Others
Microcontroller kit not working in Block B.,ECE
Lab equipment is faulty in Lab 2.,ECE
Washroom needs cleaning in Lab 1.,Cleaning
Wall has cracks in Lab 2.,Maintenance
Washroom needs cleaning in Admin Block.,Cleaning
System is running very slow in Room 204.,CSE
Scholarship not received in Room 101.,Others
Website login problem in Lab 2.,Others
Mess food quality is poor in Admin Block.,Hostel
Hostel WiFi not working in Lab 2.,Hostel
Dustbins are overflowing in Block B.,Cleaning
Classroom is very dirty in First Floor.,Cleaning
Broken classroom bench in First Floor.,Maintenance
Fan not working in hostel room in Block B.,Hostel
Fan is not working in Block B.,Electrical
Library internet not working in Lab 2.,Library
Switch board is damaged in Lab 2.,Electrical
Floor needs mopping in Room 101.,Cleaning
Fan not working in hostel room in Second Floor.,Hostel
Digital trainer board failed in Second Floor.,ECE
Book issue system not working in Block A.,Library
System is running very slow in Room 101.,CSE
Book return portal not working in Second Floor.,Library
Microcontroller kit not working in Block B.,ECE
Bus pass issue in Admin Block.,Others
Fee payment portal not working in Room 204.,Others
Library AC not working in Room 204.,Library
Fan is not working in First Floor.,Electrical
ID card not issued in Block B.,Others
Wall has cracks in Lab 1.,Maintenance
Book return portal not working in Second Floor.,Library
Room lock is broken in Second Floor.,Hostel
Signal generator issue in Room 101.,ECE
Library computer not working in Lab 2.,Library
Computer not starting in Block B.,CSE
General enquiry not resolved in Room 204.,Others
Printer not working in Room 101.,CSE
Mouse is not responding in Second Floor.,CSE
Light is flickering in Admin Block.,Electrical
Library internet not working in Room 101.,Library
Required book is unavailable in Lab 2.,Library
Washroom needs cleaning in Block B.,Cleaning
Arduino board not detected in First Floor.,ECE
Switch board is damaged in Admin Block.,Electrical
Drinking water cooler not working in Second Floor.,Hostel
Mess food quality is poor in Room 101.,Hostel
Monitor display is blank in Lab 1.,CSE
Switch board is damaged in First Floor.,Electrical
Tap is leaking in Block B.,Maintenance
Oscilloscope not working in Block B.,ECE
Switch board is damaged in Block B.,Electrical
Roof seepage issue in Block B.,Maintenance
Room lock is broken in First Floor.,Hostel
Insufficient seating in library in Lab 1.,Library
Required book is unavailable in Block B.,Library
Bonafide certificate delayed in Lab 2.,Others
Power outage in classroom in Room 101.,Electrical
Breadboard is damaged in Room 101.,ECE
Wall has cracks in Second Floor.,Maintenance
Printer not working in Lab 1.,CSE
Breadboard is damaged in Lab 2.,ECE
Software installation required in Block A.,CSE
Bus pass issue in Block A.,Others
Website login problem in Room 101.,Others
Hostel WiFi not working in Lab 1.,Hostel
Drinking water cooler not working in Room 204.,Hostel
Monitor display is blank in Admin Block.,CSE
Staircase is dusty in Room 101.,Cleaning
Roof seepage issue in Room 101.,Maintenance
ID card not issued in Admin Block.,Others
Mouse is not responding in Second Floor.,CSE
Campus area is dirty in Room 204.,Cleaning
Reading room is noisy in Room 101.,Library
Bathroom is dirty in Block B.,Hostel
Library computer not working in Block B.,Library
Arduino board not detected in First Floor.,ECE
General enquiry not resolved in Room 101.,Others
Hostel room needs cleaning in Block A.,Hostel
Broken classroom bench in Second Floor.,Maintenance
Library internet not working in Block A.,Library
Software installation required in Block A.,CSE
Tap is leaking in Block A.,Maintenance
Tap is leaking in Room 101.,Maintenance
Reading room is noisy in Block B.,Library
Fan not working in hostel room in Lab 2.,Hostel
ID card not issued in Room 204.,Others
Plumbing problem in Block A.,Maintenance
Library computer not working in Room 204.,Library
Hall ticket not generated in Room 101.,Others
Plumbing problem in Lab 2.,Maintenance
Mouse is not responding in First Floor.,CSE
Function generator faulty in Block A.,ECE
Book issue system not working in Room 101.,Library
Breadboard is damaged in Room 204.,ECE
Tap is leaking in Lab 2.,Maintenance
Room lock is broken in First Floor.,Hostel
Library AC not working in First Floor.,Library
No water supply in hostel in First Floor.,Hostel
Book issue system not working in Lab 2.,Library
Tap is leaking in Lab 1.,Maintenance
Wall has cracks in Admin Block.,Maintenance
Software installation required in Admin Block.,CSE
ID card not issued in Room 101.,Others
Digital trainer board failed in Room 101.,ECE
Scholarship not received in Admin Block.,Others
Book return portal not working in Lab 1.,Library
Floor needs mopping in Room 101.,Cleaning
Library AC not working in Admin Block.,Library
Water leaking from ceiling in Second Floor.,Maintenance
Mouse is not responding in Room 204.,CSE
Loose electrical wiring in Lab 1.,Electrical
Bathroom is dirty in Room 101.,Hostel
Breadboard is damaged in Lab 1.,ECE
Signal generator issue in Room 204.,ECE
Floor needs mopping in Second Floor.,Cleaning
Library internet not working in Room 101.,Library
Microcontroller kit not working in Room 204.,ECE
Power outage in classroom in Block B.,Electrical
Microcontroller kit not working in Second Floor.,ECE
Generator backup failed in Lab 1.,Electrical
Tube light not working in First Floor.,Electrical
Power outage in classroom in Block A.,Electrical
Breadboard is damaged in First Floor.,ECE
Software installation required in Room 101.,CSE
Monitor display is blank in First Floor.,CSE
Loose electrical wiring in Admin Block.,Electrical
Bathroom is dirty in Lab 1.,Hostel
Bonafide certificate delayed in Block B.,Others
Mess food quality is poor in Lab 1.,Hostel
Digital trainer board failed in Lab 1.,ECE
Bus pass issue in Second Floor.,Others
Lab equipment is faulty in Room 101.,ECE
Scholarship not received in Block B.,Others
System is running very slow in Lab 1.,CSE
Plumbing problem in Lab 1.,Maintenance
Arduino board not detected in Lab 1.,ECE
Water leaking from ceiling in Lab 1.,Maintenance
General enquiry not resolved in Lab 1.,Others
System is running very slow in Lab 2.,CSE
Floor needs mopping in Lab 1.,Cleaning
Arduino board not detected in Lab 2.,ECE
Tube light not working in Block B.,Electrical
Plumbing problem in First Floor.,Maintenance
Arduino board not detected in Room 101.,ECE
Reading room is noisy in Block A.,Library
Required book is unavailable in Block B.,Library
Loose electrical wiring in Lab 2.,Electrical
Oscilloscope not working in Room 204.,ECE
Fan not working in hostel room in Lab 1.,Hostel
Library internet not working in Room 101.,Library
Bathroom is dirty in Block A.,Hostel
Website login problem in Second Floor.,Others
Hostel WiFi not working in Admin Block.,Hostel
Monitor display is blank in Room 204.,CSE
Wall has cracks in Room 101.,Maintenance
Bathroom is dirty in Room 204.,Hostel
Bonafide certificate delayed in Admin Block.,Others
Drinking water cooler not working in Second Floor.,Hostel
Dustbins are overflowing in Second Floor.,Cleaning
Fan not working in hostel room in Block A.,Hostel
Mouse is not responding in Lab 1.,CSE
Classroom is very dirty in Lab 1.,Cleaning
Internet not working in lab in Room 204.,CSE
Required book is unavailable in Room 101.,Library
Wall has cracks in Room 204.,Maintenance
No water supply in hostel in Second Floor.,Hostel
Software installation required in Admin Block.,CSE
Room lock is broken in Room 204.,Hostel
Keyboard not working in First Floor.,CSE
Internet not working in lab in Lab 1.,CSE
Garbage not collected in Room 101.,Cleaning
Light is flickering in Admin Block.,Electrical
Garbage not collected in Room 101.,Cleaning
Tube light not working in First Floor.,Electrical
Signal generator issue in Lab 1.,ECE
Loose electrical wiring in Block A.,Electrical
Reading room is noisy in Lab 1.,Library
Website login problem in Room 204.,Others
Website login problem in Lab 2.,Others
Book issue system not working in Admin Block.,Library
Fan not working in hostel room in Second Floor.,Hostel
Website login problem in Second Floor.,Others
Wall has cracks in Room 101.,Maintenance
Oscilloscope not working in First Floor.,ECE
Scholarship not received in Lab 2.,Others
Washroom needs cleaning in Lab 2.,Cleaning
Generator backup failed in Room 204.,Electrical
Arduino board not detected in Second Floor.,ECE
Floor needs mopping in Lab 2.,Cleaning
Library computer not working in Block B.,Library
Door lock is broken in Room 101.,Maintenance
Fan not working in hostel room in Block B.,Hostel
Switch board is damaged in Lab 2.,Electrical
Printer not working in Lab 1.,CSE
Oscilloscope not working in Block A.,ECE
Hall ticket not generated in Lab 2.,Others
Tap is leaking in Admin Block.,Maintenance
Book return portal not working in Second Floor.,Library
Loose electrical wiring in Second Floor.,Electrical
Bus pass issue in Second Floor.,Others
Fan not working in hostel room in Room 204.,Hostel
Library AC not working in Second Floor.,Library
Room lock is broken in Admin Block.,Hostel
Generator backup failed in Block B.,Electrical
Scholarship not received in First Floor.,Others
Floor needs mopping in Room 101.,Cleaning
Tap is leaking in First Floor.,Maintenance
Tap is leaking in Lab 2.,Maintenance
Loose electrical wiring in Block A.,Electrical
Floor needs mopping in Block A.,Cleaning
Internet not working in lab in First Floor.,CSE
Generator backup failed in Lab 1.,Electrical
Breadboard is damaged in First Floor.,ECE
Floor needs mopping in Block B.,Cleaning
Garbage not collected in Room 101.,Cleaning
Bus pass issue in Room 101.,Others
Door lock is broken in Lab 2.,Maintenance
Classroom is very dirty in Second Floor.,Cleaning
Washroom needs cleaning in Second Floor.,Cleaning
Bonafide certificate delayed in Room 101.,Others
Digital trainer board failed in Admin Block.,ECE
Dustbins are overflowing in Lab 2.,Cleaning
System is running very slow in Room 101.,CSE
Campus area is dirty in Lab 2.,Cleaning
Dustbins are overflowing in Room 101.,Cleaning
Campus area is dirty in Second Floor.,Cleaning
Campus area is dirty in Second Floor.,Cleaning
Software installation required in Lab 2.,CSE
ID card not issued in Room 204.,Others
Classroom is very dirty in Admin Block.,Cleaning
Garbage not collected in Lab 2.,Cleaning
Lab equipment is faulty in Lab 2.,ECE
Loose electrical wiring in Room 101.,Electrical
Drinking water cooler not working in Block A.,Hostel
Oscilloscope not working in Second Floor.,ECE
General enquiry not resolved in Room 101.,Others
Internet not working in lab in First Floor.,CSE
Microcontroller kit not working in Block B.,ECE
Generator backup failed in Admin Block.,Electrical
Hostel room needs cleaning in Room 204.,Hostel
Washroom needs cleaning in Room 101.,Cleaning
Breadboard is damaged in Room 204.,ECE
No water supply in hostel in Block A.,Hostel
Arduino board not detected in Block A.,ECE
Power socket not working in First Floor.,Electrical
Mouse is not responding in Block A.,CSE
Book issue system not working in Second Floor.,Library
Fan not working in hostel room in Admin Block.,Hostel
Hall ticket not generated in Block A.,Others
Window glass is broken in First Floor.,Maintenance
Tube light not working in First Floor.,Electrical
ID card not issued in First Floor.,Others
Hostel room needs cleaning in Room 101.,Hostel
Microcontroller kit not working in Admin Block.,ECE
Function generator faulty in Admin Block.,ECE
Function generator faulty in Room 204.,ECE
Switch board is damaged in Room 204.,Electrical
Digital trainer board failed in Room 101.,ECE
Fan is not working in Room 204.,Electrical
Wall has cracks in Room 101.,Maintenance
Wall has cracks in Block A.,Maintenance
Tube light not working in Room 204.,Electrical
Plumbing problem in Block B.,Maintenance
Generator backup failed in Room 204.,Electrical
Signal generator issue in Room 101.,ECE
Function generator faulty in Room 204.,ECE
Insufficient seating in library in Block A.,Library
Library AC not working in Room 101.,Library
Scholarship not received in First Floor.,Others
Book return portal not working in Admin Block.,Library
Required book is unavailable in Block A.,Library
Generator backup failed in Lab 2.,Electrical
Computer not starting in Block B.,CSE
Washroom needs cleaning in Room 101.,Cleaning
Mess food quality is poor in Lab 1.,Hostel
Roof seepage issue in Second Floor.,Maintenance
Garbage not collected in Lab 1.,Cleaning
Software installation required in Room 101.,CSE
Hostel room needs cleaning in Room 101.,Hostel
Switch board is damaged in Lab 2.,Electrical
Dustbins are overflowing in First Floor.,Cleaning
Plumbing problem in Block B.,Maintenance
Hostel WiFi not working in Room 204.,Hostel
Insufficient seating in library in Block A.,Library
Digital trainer board failed in First Floor.,ECE
Website login problem in First Floor.,Others
Door lock is broken in Block B.,Maintenance
Hostel room needs cleaning in Room 101.,Hostel
Book return portal not working in Lab 1.,Library
Microcontroller kit not working in Second Floor.,ECE
Website login problem in Second Floor.,Others
Book return portal not working in Lab 2.,Library
Book return portal not working in Room 204.,Library
Power socket not working in First Floor.,Electrical
Internet not working in lab in Lab 2.,CSE
Tap is leaking in Lab 1.,Maintenance
Oscilloscope not working in Room 204.,ECE
Window glass is broken in Second Floor.,Maintenance
Website login problem in Room 101.,Others
Monitor display is blank in Block B.,CSE
Monitor display is blank in Room 101.,CSE
Printer not working in Room 101.,CSE
Library internet not working in Room 101.,Library
Library AC not working in Lab 2.,Library
Microcontroller kit not working in First Floor.,ECE
Bathroom is dirty in Room 101.,Hostel
Washroom needs cleaning in Block B.,Cleaning
Breadboard is damaged in Block A.,ECE
Dustbins are overflowing in Lab 1.,Cleaning
Library computer not working in Lab 1.,Library
Monitor display is blank in Block B.,CSE
General enquiry not resolved in Block B.,Others
Fan not working in hostel room in Room 101.,Hostel
Campus area is dirty in Block B.,Cleaning
Microcontroller kit not working in Lab 1.,ECE
Lab equipment is faulty in Admin Block.,ECE
Arduino board not detected in Lab 2.,ECE
Mess food quality is poor in Block B.,Hostel
Drinking water cooler not working in First Floor.,Hostel
Wall has cracks in Room 204.,Maintenance
Hostel room needs cleaning in Lab 1.,Hostel
ID card not issued in Admin Block.,Others
Signal generator issue in First Floor.,ECE
System is running very slow in Admin Block.,CSE
Floor needs mopping in Lab 1.,Cleaning
Printer not working in Second Floor.,CSE
Hostel room needs cleaning in Room 101.,Hostel
Washroom needs cleaning in Block A.,Cleaning
Room lock is broken in Second Floor.,Hostel
Monitor display is blank in Room 101.,CSE
Oscilloscope not working in Room 204.,ECE
Plumbing problem in Block A.,Maintenance
Reading room is noisy in Block A.,Library
Window glass is broken in Lab 2.,Maintenance
Tube light not working in Admin Block.,Electrical
No water supply in hostel in Block B.,Hostel
Monitor display is blank in Second Floor.,CSE
Window glass is broken in Block B.,Maintenance
Dustbins are overflowing in First Floor.,Cleaning
Loose electrical wiring in First Floor.,Electrical
Reading room is noisy in Lab 2.,Library
Scholarship not received in Second Floor.,Others
Book return portal not working in First Floor.,Library
Hostel room needs cleaning in First Floor.,Hostel
Floor needs mopping in Lab 1.,Cleaning
Power outage in classroom in Lab 1.,Electrical
Library AC not working in Admin Block.,Library
Broken classroom bench in Block B.,Maintenance
Breadboard is damaged in Admin Block.,ECE
Scholarship not received in Second Floor.,Others
Bus pass issue in Lab 2.,Others
Power socket not working in Room 101.,Electrical
Bad smell in corridor in Block A.,Cleaning
Switch board is damaged in Block B.,Electrical
Scholarship not received in Lab 1.,Others
Roof seepage issue in Block B.,Maintenance
Book issue system not working in Room 204.,Library
Campus area is dirty in Lab 2.,Cleaning
Scholarship not received in Room 204.,Others
Bus pass issue in Block A.,Others
Microcontroller kit not working in Room 101.,ECE
Power outage in classroom in Admin Block.,Electrical
Generator backup failed in Lab 1.,Electrical
Microcontroller kit not working in Lab 1.,ECE
Computer not starting in Room 204.,CSE
Scholarship not received in Admin Block.,Others
Internet not working in lab in Admin Block.,CSE
Water leaking from ceiling in Lab 2.,Maintenance
Lab equipment is faulty in Lab 1.,ECE
Library AC not working in Block B.,Library
Fan not working in hostel room in Block B.,Hostel
Power socket not working in Lab 2.,Electrical
Water leaking from ceiling in Lab 2.,Maintenance
Water leaking from ceiling in Block A.,Maintenance
Classroom is very dirty in Block A.,Cleaning
Hostel WiFi not working in First Floor.,Hostel
Arduino board not detected in First Floor.,ECE
Signal generator issue in Block A.,ECE
Classroom is very dirty in Block A.,Cleaning
Signal generator issue in Room 204.,ECE
Website login problem in First Floor.,Others
Computer not starting in Room 101.,CSE
Printer not working in Block A.,CSE
Breadboard is damaged in Room 101.,ECE
Insufficient seating in library in Second Floor.,Library
Washroom needs cleaning in Admin Block.,Cleaning
Hall ticket not generated in Lab 1.,Others
Room lock is broken in Lab 2.,Hostel
Classroom is very dirty in Room 204.,Cleaning
Door lock is broken in First Floor.,Maintenance
Plumbing problem in Lab 2.,Maintenance
Computer not starting in Room 101.,CSE
Library computer not working in Block B.,Library
Function generator faulty in Room 101.,ECE
Campus area is dirty in Room 204.,Cleaning
Water leaking from ceiling in Admin Block.,Maintenance
Library computer not working in Room 101.,Library
Signal generator issue in Admin Block.,ECE
Website login problem in First Floor.,Others
Bathroom is dirty in Lab 2.,Hostel
No water supply in hostel in First Floor.,Hostel
Switch board is damaged in Admin Block.,Electrical
Drinking water cooler not working in Lab 1.,Hostel
Arduino board not detected in Room 204.,ECE
Fan is not working in Room 204.,Electrical
Hostel WiFi not working in Room 101.,Hostel
Insufficient seating in library in Second Floor.,Library
Bathroom is dirty in Lab 2.,Hostel
Breadboard is damaged in Block B.,ECE
Power socket not working in First Floor.,Electrical
Power socket not working in Admin Block.,Electrical
Room lock is broken in Room 204.,Hostel
Mouse is not responding in Block A.,CSE
Reading room is noisy in Admin Block.,Library
Hall ticket not generated in Block A.,Others
Door lock is broken in Admin Block.,Maintenance
Book return portal not working in Lab 2.,Library
Switch board is damaged in Admin Block.,Electrical
Fee payment portal not working in Lab 2.,Others
Bathroom is dirty in Block B.,Hostel
System is running very slow in Block B.,CSE
Library internet not working in Room 101.,Library
Book issue system not working in Second Floor.,Library
Website login problem in Room 204.,Others
Lab equipment is faulty in Admin Block.,ECE
System is running very slow in Room 101.,CSE
Monitor display is blank in Lab 1.,CSE
Scholarship not received in Room 204.,Others
Power socket not working in Admin Block.,Electrical
Power socket not working in Second Floor.,Electrical
Wall has cracks in Admin Block.,Maintenance
Classroom is very dirty in Lab 2.,Cleaning
Mouse is not responding in Block A.,CSE
Microcontroller kit not working in Block B.,ECE
Arduino board not detected in Admin Block.,ECE
Room lock is broken in Second Floor.,Hostel
Garbage not collected in Room 101.,Cleaning
Lab equipment is faulty in Room 204.,ECE
Loose electrical wiring in Block B.,Electrical
Hall ticket not generated in Block A.,Others
Library computer not working in Second Floor.,Library
Power socket not working in Room 204.,Electrical
Roof seepage issue in Block B.,Maintenance
Campus area is dirty in Block A.,Cleaning
Function generator faulty in Room 101.,ECE
Mess food quality is poor in Block B.,Hostel
Library AC not working in Room 101.,Library
Fee payment portal not working in First Floor.,Others
Dustbins are overflowing in Second Floor.,Cleaning
Floor needs mopping in Second Floor.,Cleaning
Required book is unavailable in Block B.,Library
Door lock is broken in First Floor.,Maintenance
Drinking water cooler not working in Lab 1.,Hostel
Monitor display is blank in Block B.,CSE
Required book is unavailable in Admin Block.,Library
Drinking water cooler not working in Lab 1.,Hostel
Garbage not collected in Block B.,Cleaning
Campus area is dirty in Room 204.,Cleaning
Fan is not working in Room 204.,Electrical
Hall ticket not generated in Block B.,Others
Website login problem in Room 204.,Others
Microcontroller kit not working in Second Floor.,ECE
System is running very slow in Room 101.,CSE
Wall has cracks in Lab 2.,Maintenance
Mouse is not responding in Room 101.,CSE
General enquiry not resolved in First Floor.,Others
Power socket not working in Block A.,Electrical
Function generator faulty in Lab 2.,ECE
Oscilloscope not working in Room 204.,ECE
Lab equipment is faulty in Lab 1.,ECE
Classroom is very dirty in Admin Block.,Cleaning
Signal generator issue in First Floor.,ECE
Bus pass issue in Lab 2.,Others
Library internet not working in Room 101.,Library
Loose electrical wiring in Lab 2.,Electrical
Mouse is not responding in Block B.,CSE
Mess food quality is poor in Lab 1.,Hostel
Door lock is broken in Second Floor.,Maintenance
Water leaking from ceiling in Room 101.,Maintenance
Tube light not working in First Floor.,Electrical
Scholarship not received in Room 101.,Others
Window glass is broken in First Floor.,Maintenance
Internet not working in lab in Lab 1.,CSE
Window glass is broken in Block A.,Maintenance
Breadboard is damaged in Lab 2.,ECE
Library AC not working in Lab 1.,Library
ID card not issued in Admin Block.,Others
Book issue system not working in Room 101.,Library
Microcontroller kit not working in Room 101.,ECE
Website login problem in Room 101.,Others
Arduino board not detected in Lab 1.,ECE
Drinking water cooler not working in Admin Block.,Hostel
Switch board is damaged in Lab 2.,Electrical
Computer not starting in Block B.,CSE
Arduino board not detected in First Floor.,ECE
Mess food quality is poor in First Floor.,Hostel
Arduino board not detected in Lab 2.,ECE
Room lock is broken in Room 204.,Hostel
Monitor display is blank in Second Floor.,CSE
Dustbins are overflowing in Admin Block.,Cleaning
Breadboard is damaged in First Floor.,ECE
Bad smell in corridor in Block B.,Cleaning
Fee payment portal not working in First Floor.,Others
Garbage not collected in Lab 2.,Cleaning
Wall has cracks in Second Floor.,Maintenance
Library AC not working in Lab 1.,Library
Window glass is broken in Lab 2.,Maintenance
Broken classroom bench in Lab 1.,Maintenance
Roof seepage issue in Lab 2.,Maintenance
Staircase is dusty in Block A.,Cleaning
Campus area is dirty in Lab 1.,Cleaning
Bonafide certificate delayed in Second Floor.,Others
Tap is leaking in Second Floor.,Maintenance
Library AC not working in Lab 2.,Library
Garbage not collected in Second Floor.,Cleaning
Oscilloscope not working in Room 101.,ECE
Lab equipment is faulty in Lab 1.,ECE
Bus pass issue in Block A.,Others
General enquiry not resolved in Admin Block.,Others
Scholarship not received in Lab 1.,Others
Campus area is dirty in Lab 2.,Cleaning
Book issue system not working in Room 101.,Library
Digital trainer board failed in Room 204.,ECE
Tap is leaking in Room 204.,Maintenance
Staircase is dusty in Block B.,Cleaning
Mess food quality is poor in Block A.,Hostel
Microcontroller kit not working in First Floor.,ECE
Generator backup failed in Block A.,Electrical
Classroom is very dirty in Room 101.,Cleaning
Fan not working in hostel room in Second Floor.,Hostel
Room lock is broken in First Floor.,Hostel
Generator backup failed in Lab 2.,Electrical
Room lock is broken in Block A.,Hostel
Mouse is not responding in Block A.,CSE
Library computer not working in Block B.,Library
Room lock is broken in First Floor.,Hostel
Hostel room needs cleaning in First Floor.,Hostel
Oscilloscope not working in Second Floor.,ECE
General enquiry not resolved in Admin Block.,Others
Campus area is dirty in Second Floor.,Cleaning
Required book is unavailable in Lab 2.,Library
Classroom is very dirty in Room 204.,Cleaning
Book return portal not working in Lab 1.,Library
Fan not working in hostel room in Admin Block.,Hostel
Tube light not working in Block B.,Electrical
Library computer not working in Second Floor.,Library
Floor needs mopping in First Floor.,Cleaning
Fan not working in hostel room in Lab 1.,Hostel
Computer not starting in Lab 1.,CSE
Roof seepage issue in Block A.,Maintenance
Internet not working in lab in Block B.,CSE
Floor needs mopping in Block A.,Cleaning
Door lock is broken in Lab 2.,Maintenance
Washroom needs cleaning in Block B.,Cleaning
Hostel room needs cleaning in Lab 1.,Hostel
Microcontroller kit not working in Admin Block.,ECE
Internet not working in lab in Lab 1.,CSE
No water supply in hostel in Lab 2.,Hostel
Tube light not working in Block B.,Electrical
Library computer not working in Block B.,Library
Website login problem in Room 101.,Others
Hostel WiFi not working in Room 101.,Hostel
Breadboard is damaged in Second Floor.,ECE
Fan not working in hostel room in Second Floor.,Hostel
Broken classroom bench in Lab 1.,Maintenance
Hall ticket not generated in Lab 1.,Others
Tube light not working in Room 101.,Electrical
Computer not starting in Room 101.,CSE
Printer not working in Room 204.,CSE
Bus pass issue in Room 101.,Others
Library internet not working in Room 204.,Library
Roof seepage issue in Block A.,Maintenance
Drinking water cooler not working in Admin Block.,Hostel
Library AC not working in Block B.,Library
Washroom needs cleaning in Second Floor.,Cleaning
Scholarship not received in Block A.,Others
Plumbing problem in Second Floor.,Maintenance
System is running very slow in Room 101.,CSE
Water leaking from ceiling in Block A.,Maintenance
Hostel WiFi not working in Block A.,Hostel
Signal generator issue in Block B.,ECE
Tube light not working in Room 204.,Electrical
Power socket not working in Room 101.,Electrical
Hall ticket not generated in Admin Block.,Others
Scholarship not received in Lab 2.,Others
Fan is not working in Lab 1.,Electrical
Bad smell in corridor in Lab 1.,Cleaning
Light is flickering in Second Floor.,Electrical
Microcontroller kit not working in Admin Block.,ECE
Software installation required in Block B.,CSE
Hostel room needs cleaning in Lab 1.,Hostel
Monitor display is blank in Lab 1.,CSE
Book return portal not working in First Floor.,Library
Hall ticket not generated in Lab 2.,Others
Hostel WiFi not working in First Floor.,Hostel
Required book is unavailable in Room 204.,Library
Fee payment portal not working in Admin Block.,Others
Breadboard is damaged in Lab 1.,ECE
Hostel WiFi not working in Lab 1.,Hostel
Required book is unavailable in Room 204.,Library
Window glass is broken in Lab 1.,Maintenance
Garbage not collected in First Floor.,Cleaning
Breadboard is damaged in Second Floor.,ECE
Mess food quality is poor in Room 101.,Hostel
Microcontroller kit not working in Lab 2.,ECE
Signal generator issue in Room 101.,ECE
Tube light not working in Block A.,Electrical
Switch board is damaged in Lab 1.,Electrical
Bonafide certificate delayed in Room 101.,Others
Internet not working in lab in Room 204.,CSE
Washroom needs cleaning in Block A.,Cleaning
Power socket not working in Lab 2.,Electrical
Plumbing problem in Room 204.,Maintenance
System is running very slow in Second Floor.,CSE
Internet not working in lab in First Floor.,CSE
Library computer not working in Room 204.,Library
Generator backup failed in First Floor.,Electrical
Required book is unavailable in Lab 1.,Library
Roof seepage issue in Lab 2.,Maintenance
Staircase is dusty in Room 101.,Cleaning
Bus pass issue in Admin Block.,Others
Tap is leaking in Admin Block.,Maintenance
Computer not starting in Second Floor.,CSE
Insufficient seating in library in Block A.,Library
ID card not issued in Second Floor.,Others
Computer not starting in Block A.,CSE
Monitor display is blank in Admin Block.,CSE
Software installation required in Block B.,CSE
Door lock is broken in Lab 2.,Maintenance
No water supply in hostel in Block A.,Hostel
Door lock is broken in Block B.,Maintenance
Oscilloscope not working in Second Floor.,ECE
Function generator faulty in Room 101.,ECE
Digital trainer board failed in First Floor.,ECE
Campus area is dirty in Lab 1.,Cleaning
System is running very slow in Room 204.,CSE
Plumbing problem in Second Floor.,Maintenance
Digital trainer board failed in Block A.,ECE
Mess food quality is poor in Room 101.,Hostel
Printer not working in Room 204.,CSE
Book return portal not working in Room 101.,Library
Door lock is broken in Lab 1.,Maintenance
Tap is leaking in Room 204.,Maintenance
Monitor display is blank in Second Floor.,CSE
Reading room is noisy in Block A.,Library
Bonafide certificate delayed in Block B.,Others
Insufficient seating in library in Block A.,Library
Monitor display is blank in Lab 2.,CSE
Power socket not working in Room 101.,Electrical
Hostel room needs cleaning in Lab 1.,Hostel
Washroom needs cleaning in Second Floor.,Cleaning
Bad smell in corridor in First Floor.,Cleaning
Microcontroller kit not working in Room 204.,ECE
Classroom is very dirty in Block A.,Cleaning
Loose electrical wiring in Block A.,Electrical
Dustbins are overflowing in First Floor.,Cleaning
Fee payment portal not working in Second Floor.,Others
Computer not starting in First Floor.,CSE
Dustbins are overflowing in Second Floor.,Cleaning
Book issue system not working in Admin Block.,Library
Reading room is noisy in Lab 2.,Library
Switch board is damaged in Room 204.,Electrical
Hostel WiFi not working in First Floor.,Hostel
Room lock is broken in First Floor.,Hostel
Room lock is broken in Block A.,Hostel
Window glass is broken in First Floor.,Maintenance
Staircase is dusty in Room 204.,Cleaning
ID card not issued in Lab 2.,Others
Breadboard is damaged in Lab 2.,ECE
Broken classroom bench in First Floor.,Maintenance
Monitor display is blank in Room 101.,CSE
Fee payment portal not working in First Floor.,Others
Window glass is broken in First Floor.,Maintenance
Website login problem in Lab 2.,Others
Microcontroller kit not working in Lab 1.,ECE
Library computer not working in Lab 1.,Library
Hall ticket not generated in Block B.,Others
Oscilloscope not working in Block A.,ECE
No water supply in hostel in Room 101.,Hostel
Classroom is very dirty in Lab 2.,Cleaning
Function generator faulty in Block B.,ECE
Bus pass issue in Block B.,Others
Scholarship not received in Room 101.,Others
Window glass is broken in Block A.,Maintenance
Lab equipment is faulty in Room 204.,ECE
Campus area is dirty in Room 101.,Cleaning
Light is flickering in Room 101.,Electrical
Library AC not working in Block B.,Library
Plumbing problem in Block B.,Maintenance
Insufficient seating in library in Lab 2.,Library
Drinking water cooler not working in Admin Block.,Hostel
Mess food quality is poor in Block A.,Hostel
Bonafide certificate delayed in Block B.,Others
Library computer not working in Lab 1.,Library
Breadboard is damaged in Block B.,ECE
Breadboard is damaged in Lab 1.,ECE
Book issue system not working in Admin Block.,Library
Loose electrical wiring in Room 204.,Electrical
Fan not working in hostel room in Room 204.,Hostel
Roof seepage issue in Room 204.,Maintenance
Power outage in classroom in Room 101.,Electrical
Generator backup failed in Room 101.,Electrical
Door lock is broken in Lab 2.,Maintenance
Printer not working in Lab 2.,CSE
Dustbins are overflowing in Lab 2.,Cleaning
ID card not issued in First Floor.,Others
Library computer not working in First Floor.,Library
Scholarship not received in Admin Block.,Others
Book issue system not working in Block A.,Library
Wall has cracks in Admin Block.,Maintenance
Book return portal not working in Lab 2.,Library
Hall ticket not generated in Lab 2.,Others
Door lock is broken in Admin Block.,Maintenance
Bad smell in corridor in Room 101.,Cleaning
Book return portal not working in Room 101.,Library
Software installation required in Second Floor.,CSE
Keyboard not working in Lab 1.,CSE
Book issue system not working in Block A.,Library
Mouse is not responding in Admin Block.,CSE
Tube light not working in Block B.,Electrical
Digital trainer board failed in Lab 2.,ECE
Campus area is dirty in Second Floor.,Cleaning
ID card not issued in Block B.,Others
Bonafide certificate delayed in Admin Block.,Others
Mess food quality is poor in First Floor.,Hostel
Classroom is very dirty in Second Floor.,Cleaning
Bonafide certificate delayed in Lab 2.,Others
Fan not working in hostel room in Admin Block.,Hostel
Loose electrical wiring in First Floor.,Electrical
Website login problem in Admin Block.,Others
Campus area is dirty in First Floor.,Cleaning
Website login problem in Admin Block.,Others
Bonafide certificate delayed in Lab 2.,Others
Lab equipment is faulty in Lab 1.,ECE
Mouse is not responding in Second Floor.,CSE
Drinking water cooler not working in First Floor.,Hostel
Generator backup failed in Room 101.,Electrical
Water leaking from ceiling in Block B.,Maintenance
System is running very slow in Admin Block.,CSE
Water leaking from ceiling in First Floor.,Maintenance
Website login problem in Second Floor.,Others
Generator backup failed in Room 204.,Electrical
Mess food quality is poor in Block A.,Hostel
Fan is not working in Room 101.,Electrical
Hostel WiFi not working in Second Floor.,Hostel
General enquiry not resolved in Room 204.,Others
Scholarship not received in Lab 1.,Others
Power outage in classroom in Lab 1.,Electrical
Dustbins are overflowing in Block A.,Cleaning
Campus area is dirty in Admin Block.,Cleaning
Library computer not working in Block B.,Library
Tap is leaking in First Floor.,Maintenance
Fan not working in hostel room in Lab 1.,Hostel
Arduino board not detected in Admin Block.,ECE
Signal generator issue in Room 101.,ECE
Loose electrical wiring in Room 101.,Electrical
Hostel room needs cleaning in Lab 2.,Hostel
Light is flickering in Room 101.,Electrical
Lab equipment is faulty in Lab 1.,ECE
Hostel WiFi not working in Room 204.,Hostel
Door lock is broken in First Floor.,Maintenance
Library AC not working in Lab 1.,Library
Arduino board not detected in Admin Block.,ECE
Drinking water cooler not working in Lab 2.,Hostel
Keyboard not working in Second Floor.,CSE
Bonafide certificate delayed in Lab 2.,Others
Staircase is dusty in Room 101.,Cleaning
Plumbing problem in Block A.,Maintenance
Printer not working in Room 204.,CSE
Tube light not working in Lab 1.,Electrical
Generator backup failed in Lab 2.,Electrical
Broken classroom bench in Block B.,Maintenance
Digital trainer board failed in Admin Block.,ECE
System is running very slow in Room 101.,CSE
Bathroom is dirty in First Floor.,Hostel
Keyboard not working in Block A.,CSE
Monitor display is blank in First Floor.,CSE
Bad smell in corridor in Block A.,Cleaning
Function generator faulty in Block A.,ECE
Insufficient seating in library in Room 101.,Library
Keyboard not working in Second Floor.,CSE
ID card not issued in Block B.,Others
Printer not working in Block B.,CSE
Broken classroom bench in Room 101.,Maintenance
Keyboard not working in Second Floor.,CSE
Breadboard is damaged in Second Floor.,ECE
Hostel WiFi not working in First Floor.,Hostel
Book return portal not working in Admin Block.,Library
Window glass is broken in Second Floor.,Maintenance
Hall ticket not generated in Lab 1.,Others
Door lock is broken in Room 101.,Maintenance
Staircase is dusty in First Floor.,Cleaning
Window glass is broken in Block B.,Maintenance
Garbage not collected in Room 204.,Cleaning
Classroom is very dirty in Room 101.,Cleaning
Loose electrical wiring in Admin Block.,Electrical
Plumbing problem in Block B.,Maintenance
Lab equipment is faulty in Lab 1.,ECE
Dustbins are overflowing in Lab 2.,Cleaning
No water supply in hostel in Room 204.,Hostel
Broken classroom bench in Block B.,Maintenance
Bathroom is dirty in Lab 1.,Hostel
Oscilloscope not working in First Floor.,ECE
Microcontroller kit not working in Lab 1.,ECE
Floor needs mopping in Room 101.,Cleaning
Mess food quality is poor in Admin Block.,Hostel
Switch board is damaged in Room 101.,Electrical
Water leaking from ceiling in Lab 1.,Maintenance
Book return portal not working in Room 204.,Library
Roof seepage issue in Lab 1.,Maintenance
Fan not working in hostel room in First Floor.,Hostel
Software installation required in Room 101.,CSE
Broken classroom bench in Lab 1.,Maintenance
Hall ticket not generated in Room 204.,Others
Keyboard not working in Block B.,CSE
Drinking water cooler not working in Room 101.,Hostel
System is running very slow in Block B.,CSE
Software installation required in Room 204.,CSE
Dustbins are overflowing in Room 204.,Cleaning
Bonafide certificate delayed in Room 101.,Others
Power socket not working in Lab 2.,Electrical
Function generator faulty in Block B.,ECE
Roof seepage issue in Block B.,Maintenance
Software installation required in Admin Block.,CSE
Required book is unavailable in Room 204.,Library
Bad smell in corridor in Lab 1.,Cleaning
Scholarship not received in Admin Block.,Others
Library internet not working in Lab 2.,Library
Floor needs mopping in Block A.,Cleaning
Power socket not working in Admin Block.,Electrical
Microcontroller kit not working in Block A.,ECE
Tube light not working in Room 204.,Electrical
Broken classroom bench in Admin Block.,Maintenance
Bathroom is dirty in Second Floor.,Hostel
Washroom needs cleaning in Room 204.,Cleaning
Water leaking from ceiling in Room 204.,Maintenance
Breadboard is damaged in Lab 2.,ECE
Hostel room needs cleaning in Block A.,Hostel
Door lock is broken in Room 101.,Maintenance
Function generator faulty in Room 204.,ECE
Breadboard is damaged in Room 204.,ECE
Switch board is damaged in First Floor.,Electrical
Library internet not working in Second Floor.,Library
Scholarship not received in Block B.,Others
General enquiry not resolved in Lab 2.,Others
Drinking water cooler not working in Lab 2.,Hostel
Hostel WiFi not working in Admin Block.,Hostel
Fan is not working in Admin Block.,Electrical
Switch board is damaged in Admin Block.,Electrical
Classroom is very dirty in First Floor.,Cleaning
Fan not working in hostel room in Room 101.,Hostel
Signal generator issue in Admin Block.,ECE
Monitor display is blank in Block A.,CSE
Water leaking from ceiling in First Floor.,Maintenance
Drinking water cooler not working in Block B.,Hostel
Light is flickering in Second Floor.,Electrical
Staircase is dusty in Block A.,Cleaning
Staircase is dusty in Room 204.,Cleaning
Book return portal not working in Block A.,Library
Window glass is broken in First Floor.,Maintenance
Window glass is broken in Second Floor.,Maintenance
Bathroom is dirty in Room 204.,Hostel
Breadboard is damaged in Admin Block.,ECE
Signal generator issue in Block A.,ECE
Insufficient seating in library in Admin Block.,Library
Wall has cracks in Admin Block.,Maintenance
ID card not issued in Lab 1.,Others
Reading room is noisy in Block B.,Library
Bus pass issue in Block A.,Others
Scholarship not received in Room 101.,Others
Tube light not working in Second Floor.,Electrical
Water leaking from ceiling in First Floor.,Maintenance
Library AC not working in Second Floor.,Library
Arduino board not detected in Lab 1.,ECE
Light is flickering in First Floor.,Electrical
Library internet not working in First Floor.,Library
Window glass is broken in First Floor.,Maintenance
Library computer not working in Second Floor.,Library
Book issue system not working in Second Floor.,Library
Insufficient seating in library in Block A.,Library
Signal generator issue in Lab 1.,ECE
Book issue system not working in First Floor.,Library
Bad smell in corridor in Room 204.,Cleaning
No water supply in hostel in Lab 1.,Hostel
Software installation required in Admin Block.,CSE
Library computer not working in Second Floor.,Library
Bad smell in corridor in Lab 1.,Cleaning
Internet not working in lab in Admin Block.,CSE
Internet not working in lab in Second Floor.,CSE
Dustbins are overflowing in Room 101.,Cleaning
Book return portal not working in Room 101.,Library
Water leaking from ceiling in Second Floor.,Maintenance
Scholarship not received in Room 101.,Others
Website login problem in Room 101.,Others
Generator backup failed in Room 204.,Electrical
Hostel WiFi not working in Lab 1.,Hostel
Library internet not working in Room 204.,Library
Switch board is damaged in Room 101.,Electrical
Fan is not working in First Floor.,Electrical
Hostel room needs cleaning in Lab 2.,Hostel
Power socket not working in Lab 1.,Electrical
Breadboard is damaged in Lab 1.,ECE
No water supply in hostel in Room 204.,Hostel
Dustbins are overflowing in Admin Block.,Cleaning
Book return portal not working in Admin Block.,Library
Arduino board not detected in Block B.,ECE
Arduino board not detected in Second Floor.,ECE
Computer not starting in Second Floor.,CSE
No water supply in hostel in Second Floor.,Hostel
Mess food quality is poor in Lab 2.,Hostel
Computer not starting in Lab 2.,CSE
Garbage not collected in Block B.,Cleaning
Floor needs mopping in Room 101.,Cleaning
ID card not issued in Lab 2.,Others
Hostel room needs cleaning in Lab 1.,Hostel
Monitor display is blank in Lab 2.,CSE
No water supply in hostel in Block B.,Hostel
Power outage in classroom in Block A.,Electrical
General enquiry not resolved in Lab 2.,Others
Wall has cracks in First Floor.,Maintenance
Library internet not working in Admin Block.,Library
Bad smell in corridor in Lab 2.,Cleaning
Staircase is dusty in Block A.,Cleaning
Washroom needs cleaning in Room 101.,Cleaning
Printer not working in Second Floor.,CSE
Internet not working in lab in First Floor.,CSE
Room lock is broken in First Floor.,Hostel
Broken classroom bench in First Floor.,Maintenance
Insufficient seating in library in Block B.,Library
Hostel WiFi not working in Block B.,Hostel
Internet not working in lab in Block A.,CSE
Drinking water cooler not working in Admin Block.,Hostel
Washroom needs cleaning in Admin Block.,Cleaning
Required book is unavailable in Admin Block.,Library
Digital trainer board failed in Second Floor.,ECE
Garbage not collected in Lab 1.,Cleaning
Hostel WiFi not working in Block B.,Hostel
Broken classroom bench in First Floor.,Maintenance
No water supply in hostel in Block A.,Hostel
Software installation required in Block B.,CSE
Arduino board not detected in First Floor.,ECE
Required book is unavailable in Block B.,Library
Drinking water cooler not working in Second Floor.,Hostel
Window glass is broken in Admin Block.,Maintenance
Fee payment portal not working in Lab 1.,Others
Wall has cracks in Room 204.,Maintenance
Bus pass issue in Room 204.,Others
Software installation required in Lab 1.,CSE
Hostel room needs cleaning in First Floor.,Hostel
Website login problem in Lab 2.,Others
Switch board is damaged in Block A.,Electrical
Reading room is noisy in Admin Block.,Library
Software installation required in First Floor.,CSE
Light is flickering in First Floor.,Electrical
Bathroom is dirty in Lab 2.,Hostel
Broken classroom bench in Second Floor.,Maintenance
Oscilloscope not working in First Floor.,ECE
Book issue system not working in Second Floor.,Library
Printer not working in Room 101.,CSE
Insufficient seating in library in Room 204.,Library
Reading room is noisy in Room 101.,Library
ID card not issued in Block A.,Others
Dustbins are overflowing in First Floor.,Cleaning
Internet not working in lab in Admin Block.,CSE
Bathroom is dirty in Room 204.,Hostel
Microcontroller kit not working in Lab 1.,ECE
Campus area is dirty in Admin Block.,Cleaning
Digital trainer board failed in First Floor.,ECE
Monitor display is blank in First Floor.,CSE
Campus area is dirty in Admin Block.,Cleaning
Required book is unavailable in Room 101.,Library
Dustbins are overflowing in Block A.,Cleaning
Light is flickering in Admin Block.,Electrical
Function generator faulty in Lab 1.,ECE
Floor needs mopping in Admin Block.,Cleaning
Power socket not working in Room 101.,Electrical
System is running very slow in First Floor.,CSE
Hostel WiFi not working in First Floor.,Hostel
Hostel WiFi not working in Second Floor.,Hostel
Garbage not collected in Room 204.,Cleaning
Roof seepage issue in Room 204.,Maintenance
Tap is leaking in Second Floor.,Maintenance
Monitor display is blank in Block B.,CSE
Mouse is not responding in Block A.,CSE
Door lock is broken in Block B.,Maintenance
Fee payment portal not working in Lab 2.,Others
Floor needs mopping in Room 204.,Cleaning
Oscilloscope not working in Admin Block.,ECE
Bad smell in corridor in Second Floor.,Cleaning
Generator backup failed in Block B.,Electrical
Fee payment portal not working in Second Floor.,Others
Lab equipment is faulty in Admin Block.,ECE
Arduino board not detected in Admin Block.,ECE
Library internet not working in Room 101.,Library
Book return portal not working in Admin Block.,Library
Plumbing problem in Lab 2.,Maintenance
Light is flickering in Room 204.,Electrical
Mess food quality is poor in Room 101.,Hostel
Book issue system not working in Admin Block.,Library
Water leaking from ceiling in Lab 1.,Maintenance
Fee payment portal not working in Second Floor.,Others
Internet not working in lab in Block A.,CSE
Insufficient seating in library in Room 204.,Library
System is running very slow in First Floor.,CSE
Oscilloscope not working in Room 204.,ECE
Light is flickering in Block A.,Electrical
Software installation required in Lab 1.,CSE
Garbage not collected in Lab 2.,Cleaning
Scholarship not received in First Floor.,Others
Microcontroller kit not working in First Floor.,ECE
Dustbins are overflowing in Room 101.,Cleaning
Switch board is damaged in Lab 2.,Electrical
Washroom needs cleaning in Room 101.,Cleaning
Monitor display is blank in First Floor.,CSE
Room lock is broken in First Floor.,Hostel
Water leaking from ceiling in Room 101.,Maintenance
Library internet not working in Lab 1.,Library
Microcontroller kit not working in First Floor.,ECE
Computer not starting in Room 101.,CSE
Loose electrical wiring in Lab 1.,Electrical
Microcontroller kit not working in Room 101.,ECE
Bus pass issue in Room 101.,Others
Hall ticket not generated in Room 204.,Others
Water leaking from ceiling in Room 204.,Maintenance
Oscilloscope not working in Room 101.,ECE
Hostel WiFi not working in Second Floor.,Hostel
Printer not working in Lab 1.,CSE
Door lock is broken in Room 101.,Maintenance
No water supply in hostel in Second Floor.,Hostel
No water supply in hostel in Room 101.,Hostel
Floor needs mopping in Lab 2.,Cleaning
Computer not starting in Second Floor.,CSE
Loose electrical wiring in Lab 2.,Electrical
Bad smell in corridor in Room 101.,Cleaning
Library AC not working in Room 101.,Library
Classroom is very dirty in Lab 1.,Cleaning
Digital trainer board failed in Room 204.,ECE
Fan not working in hostel room in First Floor.,Hostel
Staircase is dusty in Room 101.,Cleaning
Tap is leaking in Room 101.,Maintenance
Monitor display is blank in Lab 1.,CSE
Bathroom is dirty in Admin Block.,Hostel
Staircase is dusty in Room 204.,Cleaning
Plumbing problem in Room 204.,Maintenance
Insufficient seating in library in Lab 1.,Library
Fan is not working in Lab 1.,Electrical
Reading room is noisy in Second Floor.,Library
Roof seepage issue in Room 204.,Maintenance
Fan is not working in Room 101.,Electrical
Microcontroller kit not working in Room 101.,ECE
Internet not working in lab in Block B.,CSE
Library AC not working in Admin Block.,Library
Drinking water cooler not working in Lab 2.,Hostel
System is running very slow in Second Floor.,CSE
Insufficient seating in library in Lab 1.,Library
Bathroom is dirty in Lab 2.,Hostel
Library computer not working in Lab 1.,Library
Generator backup failed in Room 204.,Electrical
Monitor display is blank in Lab 2.,CSE
Breadboard is damaged in Room 101.,ECE
Library internet not working in Room 101.,Library
Microcontroller kit not working in Lab 1.,ECE
Power outage in classroom in Block B.,Electrical
Fan not working in hostel room in Lab 2.,Hostel
Library AC not working in Block B.,Library
ID card not issued in Lab 1.,Others
Digital trainer board failed in Second Floor.,ECE
General enquiry not resolved in Room 204.,Others
Arduino board not detected in Room 204.,ECE
Water leaking from ceiling in Block A.,Maintenance
Scholarship not received in Room 101.,Others
Floor needs mopping in Room 101.,Cleaning
Oscilloscope not working in Room 101.,ECE
Library AC not working in Lab 1.,Library
Water leaking from ceiling in Room 204.,Maintenance
Roof seepage issue in Room 101.,Maintenance
Plumbing problem in Lab 2.,Maintenance
Power outage in classroom in Second Floor.,Electrical
Washroom needs cleaning in Lab 2.,Cleaning
Library internet not working in Block B.,Library
Breadboard is damaged in Lab 2.,ECE
Printer not working in Second Floor.,CSE
Tap is leaking in Room 101.,Maintenance
Floor needs mopping in Block B.,Cleaning
Digital trainer board failed in Block B.,ECE
Lab equipment is faulty in Room 204.,ECE
Website login problem in First Floor.,Others
Hall ticket not generated in First Floor.,Others
Broken classroom bench in Admin Block.,Maintenance
Microcontroller kit not working in Lab 2.,ECE
Wall has cracks in Block A.,Maintenance
Door lock is broken in Second Floor.,Maintenance
Internet not working in lab in Lab 1.,CSE
Insufficient seating in library in First Floor.,Library
Lab equipment is faulty in Block A.,ECE
Power outage in classroom in Second Floor.,Electrical
Roof seepage issue in Second Floor.,Maintenance
Hall ticket not generated in First Floor.,Others
Mouse is not responding in Block A.,CSE
Monitor display is blank in Admin Block.,CSE
Library internet not working in Block B.,Library
Bus pass issue in Room 101.,Others
Light is flickering in Lab 2.,Electrical
Library computer not working in First Floor.,Library
General enquiry not resolved in Room 101.,Others
Campus area is dirty in Second Floor.,Cleaning
Tube light not working in Block B.,Electrical
Bus pass issue in First Floor.,Others
Power outage in classroom in Lab 2.,Electrical
Hostel room needs cleaning in Room 101.,Hostel
Internet not working in lab in Lab 1.,CSE
Bathroom is dirty in Second Floor.,Hostel
Campus area is dirty in Lab 1.,Cleaning
Staircase is dusty in First Floor.,Cleaning
Light is flickering in Room 101.,Electrical
Fan is not working in Room 101.,Electrical
Switch board is damaged in Second Floor.,Electrical
Roof seepage issue in Admin Block.,Maintenance
Library internet not working in Second Floor.,Library
Power socket not working in Lab 1.,Electrical
Lab equipment is faulty in First Floor.,ECE
Garbage not collected in Admin Block.,Cleaning
Function generator faulty in First Floor.,ECE
Printer not working in Lab 2.,CSE
Scholarship not received in Second Floor.,Others
Breadboard is damaged in Second Floor.,ECE
Roof seepage issue in Lab 2.,Maintenance
Signal generator issue in First Floor.,ECE
Drinking water cooler not working in Block B.,Hostel
Door lock is broken in Room 204.,Maintenance
Library internet not working in Second Floor.,Library
Monitor display is blank in Block B.,CSE
System is running very slow in Lab 2.,CSE
Wall has cracks in Block B.,Maintenance
Wall has cracks in Block A.,Maintenance
Library AC not working in Room 204.,Library
Roof seepage issue in Second Floor.,Maintenance
System is running very slow in Admin Block.,CSE
Tap is leaking in Block B.,Maintenance
Dustbins are overflowing in Block B.,Cleaning
Oscilloscope not working in Room 101.,ECE
Washroom needs cleaning in Block B.,Cleaning
No water supply in hostel in Lab 1.,Hostel
Plumbing problem in Room 101.,Maintenance
Window glass is broken in First Floor.,Maintenance
Tube light not working in Lab 1.,Electrical
Fan not working in hostel room in Second Floor.,Hostel
Required book is unavailable in Lab 1.,Library
Tap is leaking in First Floor.,Maintenance
Garbage not collected in Room 204.,Cleaning
Window glass is broken in Room 204.,Maintenance
Mouse is not responding in Room 101.,CSE
Bad smell in corridor in Lab 2.,Cleaning
Scholarship not received in Admin Block.,Others
Microcontroller kit not working in Room 101.,ECE
Oscilloscope not working in Second Floor.,ECE
Switch board is damaged in Room 101.,Electrical
Water leaking from ceiling in Block A.,Maintenance
Plumbing problem in Block A.,Maintenance
No water supply in hostel in Lab 1.,Hostel
Power outage in classroom in Lab 1.,Electrical
Lab equipment is faulty in First Floor.,ECE
Internet not working in lab in Block A.,CSE
Software installation required in Lab 1.,CSE
Drinking water cooler not working in First Floor.,Hostel
Fan is not working in Block B.,Electrical
Light is flickering in First Floor.,Electrical
Staircase is dusty in Lab 1.,Cleaning
Bonafide certificate delayed in First Floor.,Others
Library internet not working in Second Floor.,Library
Fan not working in hostel room in Block B.,Hostel
Monitor display is blank in Admin Block.,CSE
Internet not working in lab in Admin Block.,CSE
Bad smell in corridor in Block B.,Cleaning
Garbage not collected in Lab 2.,Cleaning
Function generator faulty in Room 204.,ECE
ID card not issued in First Floor.,Others
Staircase is dusty in First Floor.,Cleaning
Required book is unavailable in Block A.,Library
Bonafide certificate delayed in Second Floor.,Others
No water supply in hostel in Block B.,Hostel
Website login problem in Admin Block.,Others
Bathroom is dirty in Second Floor.,Hostel
Monitor display is blank in Lab 2.,CSE
Room lock is broken in First Floor.,Hostel
Generator backup failed in Block A.,Electrical
Library internet not working in Second Floor.,Library
Library computer not working in First Floor.,Library
Fee payment portal not working in Admin Block.,Others
Lab equipment is faulty in First Floor.,ECE
Hall ticket not generated in Block A.,Others
Library internet not working in Block A.,Library
Reading room is noisy in Block A.,Library
Insufficient seating in library in Second Floor.,Library
Software installation required in Admin Block.,CSE
No water supply in hostel in Admin Block.,Hostel
Oscilloscope not working in First Floor.,ECE
Door lock is broken in Room 101.,Maintenance
Required book is unavailable in Block B.,Library
Breadboard is damaged in First Floor.,ECE
Keyboard not working in Room 101.,CSE
Loose electrical wiring in Second Floor.,Electrical
ID card not issued in Second Floor.,Others
Dustbins are overflowing in Room 101.,Cleaning
Internet not working in lab in First Floor.,CSE
Mouse is not responding in Second Floor.,CSE
Power socket not working in Block A.,Electrical
Microcontroller kit not working in Block B.,ECE
General enquiry not resolved in Lab 1.,Others
Computer not starting in Second Floor.,CSE
Roof seepage issue in Room 101.,Maintenance
Website login problem in Lab 2.,Others
Bonafide certificate delayed in Lab 2.,Others
Broken classroom bench in Block B.,Maintenance
Hall ticket not generated in Lab 1.,Others
Door lock is broken in Admin Block.,Maintenance
Oscilloscope not working in Block B.,ECE
Plumbing problem in Room 101.,Maintenance
Light is flickering in Second Floor.,Electrical
No water supply in hostel in Lab 2.,Hostel
Book return portal not working in First Floor.,Library
Drinking water cooler not working in Room 204.,Hostel
Generator backup failed in Lab 1.,Electrical
Digital trainer board failed in Lab 2.,ECE
Loose electrical wiring in Block B.,Electrical
Generator backup failed in Block B.,Electrical
Water leaking from ceiling in Second Floor.,Maintenance
Software installation required in Lab 1.,CSE
Library internet not working in Block A.,Library
Fan is not working in Lab 2.,Electrical
Staircase is dusty in First Floor.,Cleaning
Fan not working in hostel room in Room 204.,Hostel
Drinking water cooler not working in Room 204.,Hostel
Oscilloscope not working in Room 101.,ECE
Mouse is not responding in Block A.,CSE
Mouse is not responding in First Floor.,CSE
Water leaking from ceiling in Room 204.,Maintenance
Roof seepage issue in First Floor.,Maintenance
Fan is not working in Lab 1.,Electrical
Water leaking from ceiling in Block B.,Maintenance
Bad smell in corridor in Block B.,Cleaning
Signal generator issue in Block A.,ECE
Hall ticket not generated in Room 204.,Others
Roof seepage issue in Admin Block.,Maintenance
Mouse is not responding in Admin Block.,CSE
Signal generator issue in Lab 1.,ECE
Generator backup failed in Lab 1.,Electrical
Book issue system not working in Room 204.,Library
Library internet not working in Admin Block.,Library
Website login problem in Second Floor.,Others
Power socket not working in Admin Block.,Electrical
Monitor display is blank in Block A.,CSE
Keyboard not working in Block B.,CSE
Generator backup failed in First Floor.,Electrical
Wall has cracks in Lab 1.,Maintenance
Light is flickering in Room 101.,Electrical
Function generator faulty in Room 101.,ECE
Fan not working in hostel room in Block B.,Hostel
Washroom needs cleaning in Admin Block.,Cleaning
Switch board is damaged in Room 101.,Electrical
Tap is leaking in Lab 1.,Maintenance
Mess food quality is poor in Lab 1.,Hostel
Arduino board not detected in Block A.,ECE
General enquiry not resolved in First Floor.,Others
Mess food quality is poor in Admin Block.,Hostel
Fan is not working in Lab 1.,Electrical
Oscilloscope not working in Block A.,ECE
Hall ticket not generated in Room 101.,Others
Computer not starting in First Floor.,CSE
Arduino board not detected in Second Floor.,ECE
Internet not working in lab in Room 204.,CSE
Fan not working in hostel room in Lab 1.,Hostel
Digital trainer board failed in Room 101.,ECE
Microcontroller kit not working in Second Floor.,ECE
Bus pass issue in Block B.,Others
Loose electrical wiring in Lab 2.,Electrical
Tube light not working in Block B.,Electrical
Water leaking from ceiling in Block B.,Maintenance
Mouse is not responding in First Floor.,CSE
Book issue system not working in Second Floor.,Library
ID card not issued in First Floor.,Others
Fan not working in hostel room in Room 204.,Hostel
Washroom needs cleaning in Room 101.,Cleaning
Bathroom is dirty in Lab 2.,Hostel
Roof seepage issue in Second Floor.,Maintenance
Arduino board not detected in Block A.,ECE
Door lock is broken in Lab 1.,Maintenance
Bus pass issue in Lab 2.,Others
Insufficient seating in library in Block A.,Library
Tube light not working in Block A.,Electrical
Water leaking from ceiling in Admin Block.,Maintenance
Book return portal not working in Room 204.,Library
Mouse is not responding in Room 204.,CSE
Plumbing problem in Block B.,Maintenance
Fan is not working in Lab 2.,Electrical
Mouse is not responding in Lab 2.,CSE
Bad smell in corridor in Admin Block.,Cleaning
Power socket not working in Block A.,Electrical
Tube light not working in Admin Block.,Electrical
General enquiry not resolved in Lab 2.,Others
Washroom needs cleaning in Lab 2.,Cleaning
Fan is not working in Room 204.,Electrical
Library computer not working in Room 101.,Library
Function generator faulty in Lab 2.,ECE
Bus pass issue in Second Floor.,Others
Book issue system not working in Lab 2.,Library
Room lock is broken in Lab 1.,Hostel
ID card not issued in Second Floor.,Others
Arduino board not detected in Lab 1.,ECE
Arduino board not detected in Lab 1.,ECE
Mess food quality is poor in Lab 1.,Hostel
Monitor display is blank in Second Floor.,CSE
Dustbins are overflowing in Block B.,Cleaning
Door lock is broken in Room 204.,Maintenance
Broken classroom bench in First Floor.,Maintenance
Breadboard is damaged in Room 204.,ECE
Washroom needs cleaning in Lab 2.,Cleaning
Hall ticket not generated in Second Floor.,Others
Computer not starting in Second Floor.,CSE
Bus pass issue in Second Floor.,Others
Campus area is dirty in First Floor.,Cleaning
Fee payment portal not working in Room 101.,Others
Book issue system not working in Room 204.,Library
Roof seepage issue in Lab 1.,Maintenance
Plumbing problem in Room 204.,Maintenance
Signal generator issue in First Floor.,ECE
System is running very slow in Room 204.,CSE
Switch board is damaged in Room 204.,Electrical
Plumbing problem in Lab 1.,Maintenance
Digital trainer board failed in Admin Block.,ECE
Tap is leaking in Block B.,Maintenance
Door lock is broken in Room 204.,Maintenance
Power outage in classroom in Room 204.,Electrical
Tap is leaking in Block A.,Maintenance
Room lock is broken in Block B.,Hostel
Breadboard is damaged in Block A.,ECE
Power outage in classroom in Room 101.,Electrical
Software installation required in Room 204.,CSE
Tap is leaking in Room 204.,Maintenance
Washroom needs cleaning in Room 204.,Cleaning
Library AC not working in Lab 2.,Library
Garbage not collected in Room 101.,Cleaning
Printer not working in First Floor.,CSE
Mess food quality is poor in Room 101.,Hostel
Computer not starting in Lab 1.,CSE
Arduino board not detected in First Floor.,ECE
Switch board is damaged in Room 204.,Electrical
General enquiry not resolved in Block A.,Others
Fan not working in hostel room in Lab 1.,Hostel
General enquiry not resolved in Lab 1.,Others
Bathroom is dirty in Admin Block.,Hostel
Hostel WiFi not working in Admin Block.,Hostel
Software installation required in Admin Block.,CSE
Website login problem in Lab 1.,Others
Bad smell in corridor in Lab 2.,Cleaning
Internet not working in lab in Room 101.,CSE
ID card not issued in Admin Block.,Others
Fan not working in hostel room in Lab 1.,Hostel
Generator backup failed in Lab 2.,Electrical
Dustbins are overflowing in Admin Block.,Cleaning
Tap is leaking in Admin Block.,Maintenance
Printer not working in Room 204.,CSE
Fan is not working in Lab 2.,Electrical
Software installation required in Admin Block.,CSE
Breadboard is damaged in Lab 2.,ECE
Hostel WiFi not working in Admin Block.,Hostel
Drinking water cooler not working in Block B.,Hostel
Floor needs mopping in Block A.,Cleaning
Keyboard not working in Lab 1.,CSE
Light is flickering in First Floor.,Electrical
Arduino board not detected in First Floor.,ECE
Library computer not working in Lab 2.,Library
Fan not working in hostel room in Block B.,Hostel
Drinking water cooler not working in Lab 2.,Hostel
Hall ticket not generated in Lab 2.,Others
Water leaking from ceiling in Room 101.,Maintenance
Website login problem in Second Floor.,Others
Garbage not collected in First Floor.,Cleaning
Roof seepage issue in Lab 1.,Maintenance
Bad smell in corridor in Admin Block.,Cleaning
Power socket not working in Lab 2.,Electrical
Book issue system not working in Block A.,Library
Window glass is broken in Admin Block.,Maintenance
Bathroom is dirty in Room 101.,Hostel
Reading room is noisy in Block A.,Library
Door lock is broken in Second Floor.,Maintenance
Power outage in classroom in Lab 1.,Electrical
Dustbins are overflowing in Second Floor.,Cleaning
ID card not issued in Room 101.,Others
General enquiry not resolved in Block A.,Others
Hostel room needs cleaning in Second Floor.,Hostel
Book return portal not working in Lab 1.,Library
Printer not working in Room 101.,CSE
Fee payment portal not working in First Floor.,Others
Keyboard not working in Admin Block.,CSE
Insufficient seating in library in First Floor.,Library
Fee payment portal not working in Block B.,Others
Drinking water cooler not working in Lab 1.,Hostel
Campus area is dirty in Room 204.,Cleaning
Drinking water cooler not working in Lab 2.,Hostel
Switch board is damaged in Block A.,Electrical
Water leaking from ceiling in Lab 2.,Maintenance
Reading room is noisy in Second Floor.,Library
Website login problem in Block A.,Others
Wall has cracks in Lab 1.,Maintenance
Mouse is not responding in Admin Block.,CSE
Drinking water cooler not working in Block A.,Hostel
Light is flickering in Room 204.,Electrical
Light is flickering in Admin Block.,Electrical
Drinking water cooler not working in First Floor.,Hostel
Loose electrical wiring in Block B.,Electrical
Signal generator issue in Admin Block.,ECE
Tap is leaking in Block A.,Maintenance
Switch board is damaged in Block B.,Electrical
Function generator faulty in First Floor.,ECE
Washroom needs cleaning in Admin Block.,Cleaning
Lab equipment is faulty in Block A.,ECE
General enquiry not resolved in Room 101.,Others
Library internet not working in Lab 1.,Library
Bathroom is dirty in Second Floor.,Hostel
Fan not working in hostel room in Second Floor.,Hostel
Library computer not working in Room 204.,Library
Monitor display is blank in Lab 2.,CSE
Fan is not working in Lab 1.,Electrical
Dustbins are overflowing in Lab 2.,Cleaning
Tap is leaking in Room 101.,Maintenance
Monitor display is blank in Lab 1.,CSE
Classroom is very dirty in Lab 1.,Cleaning
Library AC not working in Lab 1.,Library
Generator backup failed in Admin Block.,Electrical
Plumbing problem in Second Floor.,Maintenance
Signal generator issue in Admin Block.,ECE
Door lock is broken in Block B.,Maintenance
Library computer not working in Room 204.,Library
Mess food quality is poor in Room 204.,Hostel
Computer not starting in Lab 1.,CSE
ID card not issued in Room 204.,Others
Bus pass issue in Block A.,Others
Fan is not working in Block A.,Electrical
Bathroom is dirty in Second Floor.,Hostel
Book issue system not working in Second Floor.,Library
Book return portal not working in Block B.,Library
Computer not starting in Admin Block.,CSE
Power socket not working in Lab 2.,Electrical
System is running very slow in Room 204.,CSE
Drinking water cooler not working in Lab 2.,Hostel
Oscilloscope not working in Room 101.,ECE
No water supply in hostel in Admin Block.,Hostel
Room lock is broken in Lab 2.,Hostel
Fan not working in hostel room in Second Floor.,Hostel
Internet not working in lab in Lab 2.,CSE
Switch board is damaged in Block A.,Electrical
Lab equipment is faulty in First Floor.,ECE
Computer not starting in Block B.,CSE
Computer not starting in Room 204.,CSE
Washroom needs cleaning in Second Floor.,Cleaning
General enquiry not resolved in Block B.,Others
Hall ticket not generated in Block A.,Others
Book return portal not working in Block B.,Library
Insufficient seating in library in Lab 2.,Library
Required book is unavailable in Lab 1.,Library
Generator backup failed in Second Floor.,Electrical
Fee payment portal not working in Lab 2.,Others
Plumbing problem in Room 204.,Maintenance
Book return portal not working in Lab 1.,Library
Floor needs mopping in First Floor.,Cleaning
Generator backup failed in Second Floor.,Electrical
Campus area is dirty in Room 204.,Cleaning
Required book is unavailable in Lab 2.,Library
General enquiry not resolved in Second Floor.,Others
General enquiry not resolved in Room 101.,Others
Power outage in classroom in Block B.,Electrical
Broken classroom bench in First Floor.,Maintenance
ID card not issued in Block A.,Others
Classroom is very dirty in Block A.,Cleaning
Dustbins are overflowing in Block A.,Cleaning
Internet not working in lab in First Floor.,CSE
Room lock is broken in Admin Block.,Hostel
Floor needs mopping in First Floor.,Cleaning
Roof seepage issue in Block A.,Maintenance
Book issue system not working in Admin Block.,Library
Mouse is not responding in Admin Block.,CSE
Lab equipment is faulty in Second Floor.,ECE
Classroom is very dirty in Room 204.,Cleaning
Power outage in classroom in Lab 1.,Electrical
Window glass is broken in Admin Block.,Maintenance
Mouse is not responding in Lab 1.,CSE
Classroom is very dirty in Room 101.,Cleaning
Microcontroller kit not working in First Floor.,ECE
Tap is leaking in Lab 1.,Maintenance
Signal generator issue in First Floor.,ECE
Drinking water cooler not working in Block A.,Hostel
Internet not working in lab in Block A.,CSE
Lab equipment is faulty in First Floor.,ECE
Drinking water cooler not working in First Floor.,Hostel
Wall has cracks in Lab 1.,Maintenance
Power socket not working in Lab 2.,Electrical
Book return portal not working in Lab 1.,Library
Scholarship not received in Block A.,Others
Internet not working in lab in Admin Block.,CSE
Hall ticket not generated in Room 204.,Others
Switch board is damaged in Block B.,Electrical
Arduino board not detected in Lab 2.,ECE
Internet not working in lab in Second Floor.,CSE
Monitor display is blank in Lab 1.,CSE
Loose electrical wiring in Lab 1.,Electrical
Power outage in classroom in First Floor.,Electrical
Library internet not working in Admin Block.,Library
Window glass is broken in Admin Block.,Maintenance
Software installation required in Lab 2.,CSE
Hostel WiFi not working in Room 101.,Hostel
Hostel room needs cleaning in Block A.,Hostel
Fee payment portal not working in Lab 2.,Others
Digital trainer board failed in Block A.,ECE
Room lock is broken in Block B.,Hostel
Switch board is damaged in Room 101.,Electrical
Digital trainer board failed in Lab 2.,ECE
Drinking water cooler not working in Second Floor.,Hostel
Floor needs mopping in Block B.,Cleaning
Power socket not working in Room 101.,Electrical
Function generator faulty in Block A.,ECE
Library internet not working in First Floor.,Library
Window glass is broken in Admin Block.,Maintenance
Garbage not collected in Room 101.,Cleaning
Book issue system not working in Lab 2.,Library
System is running very slow in Lab 2.,CSE
Hostel room needs cleaning in First Floor.,Hostel
Website login problem in Block B.,Others
Arduino board not detected in Block A.,ECE
Door lock is broken in Admin Block.,Maintenance
Plumbing problem in Lab 1.,Maintenance
Drinking water cooler not working in Second Floor.,Hostel
Drinking water cooler not working in Room 101.,Hostel
Scholarship not received in Second Floor.,Others
Fee payment portal not working in Second Floor.,Others
Computer not starting in First Floor.,CSE
Dustbins are overflowing in Room 204.,Cleaning
Hostel WiFi not working in Block A.,Hostel
Monitor display is blank in Admin Block.,CSE
Printer not working in Block B.,CSE
Mess food quality is poor in Lab 1.,Hostel
Monitor display is blank in First Floor.,CSE
Website login problem in Second Floor.,Others
Software installation required in Second Floor.,CSE
Printer not working in Block B.,CSE
Drinking water cooler not working in Block A.,Hostel
Tube light not working in Block B.,Electrical
Internet not working in lab in Lab 2.,CSE
Mess food quality is poor in Block B.,Hostel
Hall ticket not generated in Block B.,Others
ID card not issued in Lab 1.,Others
Fee payment portal not working in Second Floor.,Others
Switch board is damaged in Second Floor.,Electrical
Campus area is dirty in Lab 1.,Cleaning
Book issue system not working in Room 204.,Library
Hostel room needs cleaning in Room 204.,Hostel
Tap is leaking in Room 204.,Maintenance
Drinking water cooler not working in First Floor.,Hostel
Light is flickering in Lab 2.,Electrical
Garbage not collected in Lab 2.,Cleaning
Signal generator issue in Lab 1.,ECE
Monitor display is blank in Room 101.,CSE
Generator backup failed in Block B.,Electrical
Room lock is broken in Admin Block.,Hostel
Function generator faulty in Block B.,ECE
Library AC not working in Block A.,Library
Reading room is noisy in First Floor.,Library
Book issue system not working in Block A.,Library
Loose electrical wiring in Block B.,Electrical
General enquiry not resolved in Block A.,Others
Website login problem in Block B.,Others
Light is flickering in Block B.,Electrical
Bonafide certificate delayed in Second Floor.,Others
Classroom is very dirty in Lab 1.,Cleaning
Fan is not working in Room 101.,Electrical
Light is flickering in Room 204.,Electrical
Mouse is not responding in Lab 1.,CSE
Microcontroller kit not working in Lab 1.,ECE
System is running very slow in Second Floor.,CSE
Hall ticket not generated in Block B.,Others
Bus pass issue in Lab 1.,Others
Room lock is broken in Lab 1.,Hostel
Tap is leaking in Block B.,Maintenance
Hall ticket not generated in Second Floor.,Others
Broken classroom bench in Block A.,Maintenance
Arduino board not detected in Room 101.,ECE
Arduino board not detected in Block A.,ECE
Website login problem in Second Floor.,Others
Hostel room needs cleaning in First Floor.,Hostel
Classroom is very dirty in Block A.,Cleaning
Book return portal not working in Admin Block.,Library
Insufficient seating in library in Room 101.,Library
Scholarship not received in Block B.,Others
Internet not working in lab in Block B.,CSE
Fan is not working in Room 101.,Electrical
Dustbins are overflowing in Room 204.,Cleaning
Mess food quality is poor in Lab 2.,Hostel
Fee payment portal not working in Block A.,Others
Library AC not working in Room 204.,Library
Digital trainer board failed in Room 204.,ECE
Loose electrical wiring in Room 101.,Electrical
Book return portal not working in Room 101.,Library
Library computer not working in Block B.,Library
Reading room is noisy in Room 204.,Library
Mouse is not responding in Second Floor.,CSE
System is running very slow in First Floor.,CSE
Plumbing problem in Room 101.,Maintenance
Keyboard not working in First Floor.,CSE
Keyboard not working in Room 101.,CSE
Digital trainer board failed in Block A.,ECE
Required book is unavailable in Lab 2.,Library
Plumbing problem in First Floor.,Maintenance
Fee payment portal not working in Admin Block.,Others
Power socket not working in Block B.,Electrical
Library AC not working in Room 101.,Library
Classroom is very dirty in Second Floor.,Cleaning
Water leaking from ceiling in Second Floor.,Maintenance
Website login problem in Admin Block.,Others
Scholarship not received in Room 101.,Others
Book return portal not working in Admin Block.,Library
Function generator faulty in Second Floor.,ECE
Switch board is damaged in Lab 2.,Electrical
Staircase is dusty in Second Floor.,Cleaning
Washroom needs cleaning in First Floor.,Cleaning
Book issue system not working in Lab 1.,Library
General enquiry not resolved in Admin Block.,Others
Drinking water cooler not working in Room 101.,Hostel
Software installation required in Lab 1.,CSE
Water leaking from ceiling in Lab 2.,Maintenance
Garbage not collected in Lab 2.,Cleaning
Software installation required in Block A.,CSE
Book return portal not working in Admin Block.,Library
Book issue system not working in First Floor.,Library
Dustbins are overflowing in Room 101.,Cleaning
Fee payment portal not working in Block A.,Others
Bathroom is dirty in Second Floor.,Hostel
Staircase is dusty in First Floor.,Cleaning
Roof seepage issue in Block B.,Maintenance
Digital trainer board failed in Room 101.,ECE
Microcontroller kit not working in Room 101.,ECE
Tube light not working in Block B.,Electrical
Mess food quality is poor in Admin Block.,Hostel
Digital trainer board failed in Lab 1.,ECE
Lab equipment is faulty in Second Floor.,ECE
Library computer not working in Second Floor.,Library
No water supply in hostel in Admin Block.,Hostel
Mess food quality is poor in Room 204.,Hostel
No water supply in hostel in Second Floor.,Hostel
Washroom needs cleaning in Second Floor.,Cleaning
Washroom needs cleaning in Admin Block.,Cleaning
Power socket not working in Block A.,Electrical
Generator backup failed in Block A.,Electrical
Bad smell in corridor in First Floor.,Cleaning
Water leaking from ceiling in Room 204.,Maintenance
Power socket not working in Second Floor.,Electrical
Water leaking from ceiling in Room 204.,Maintenance
Fan is not working in Second Floor.,Electrical
Generator backup failed in First Floor.,Electrical
Book issue system not working in Room 204.,Library
Campus area is dirty in Room 204.,Cleaning
Plumbing problem in Lab 2.,Maintenance
Library AC not working in Lab 2.,Library
Library computer not working in Admin Block.,Library
Door lock is broken in Admin Block.,Maintenance
Scholarship not received in Room 101.,Others
Library AC not working in Block A.,Library
Hostel WiFi not working in First Floor.,Hostel
Insufficient seating in library in Lab 1.,Library
Dustbins are overflowing in First Floor.,Cleaning
Reading room is noisy in Room 204.,Library
ID card not issued in Room 101.,Others
Reading room is noisy in Room 101.,Library
Oscilloscope not working in Lab 2.,ECE
Washroom needs cleaning in Room 204.,Cleaning
Floor needs mopping in Block A.,Cleaning
Bus pass issue in Admin Block.,Others
Mess food quality is poor in Lab 1.,Hostel
Hostel WiFi not working in Second Floor.,Hostel
Fee payment portal not working in First Floor.,Others
Book issue system not working in Lab 2.,Library
Light is flickering in Lab 2.,Electrical
Internet not working in lab in Block A.,CSE
Campus area is dirty in Lab 1.,Cleaning
Room lock is broken in Block B.,Hostel
Bonafide certificate delayed in Lab 1.,Others
Library internet not working in Block B.,Library
Hostel WiFi not working in First Floor.,Hostel
Required book is unavailable in Lab 2.,Library
Garbage not collected in Block B.,Cleaning
Tube light not working in Admin Block.,Electrical
Switch board is damaged in Admin Block.,Electrical
Plumbing problem in Block A.,Maintenance
Staircase is dusty in First Floor.,Cleaning
Fan is not working in Lab 2.,Electrical
Oscilloscope not working in Lab 1.,ECE
Power outage in classroom in Admin Block.,Electrical
Classroom is very dirty in Block B.,Cleaning
Keyboard not working in Room 101.,CSE
Roof seepage issue in Room 101.,Maintenance
Bus pass issue in First Floor.,Others
No water supply in hostel in Block A.,Hostel
Classroom is very dirty in Second Floor.,Cleaning
Power socket not working in Room 101.,Electrical
Floor needs mopping in Admin Block.,Cleaning
Drinking water cooler not working in Lab 1.,Hostel
General enquiry not resolved in Admin Block.,Others
Software installation required in Block A.,CSE
Garbage not collected in Admin Block.,Cleaning
Tube light not working in Lab 1.,Electrical
Fee payment portal not working in Block A.,Others
Water leaking from ceiling in Room 101.,Maintenance
Monitor display is blank in Second Floor.,CSE
Plumbing problem in Room 204.,Maintenance
Plumbing problem in Admin Block.,Maintenance
Power socket not working in Block B.,Electrical
Garbage not collected in Block A.,Cleaning
Hall ticket not generated in Room 101.,Others
Reading room is noisy in Admin Block.,Library
Power outage in classroom in Lab 1.,Electrical
Dustbins are overflowing in Block A.,Cleaning
Switch board is damaged in First Floor.,Electrical
Hall ticket not generated in Block B.,Others
Bus pass issue in Admin Block.,Others
Fan not working in hostel room in Second Floor.,Hostel
System is running very slow in Lab 2.,CSE
Tap is leaking in First Floor.,Maintenance
Washroom needs cleaning in First Floor.,Cleaning
Campus area is dirty in Second Floor.,Cleaning
Drinking water cooler not working in Lab 1.,Hostel
Bathroom is dirty in Lab 2.,Hostel
Bathroom is dirty in Second Floor.,Hostel
Fee payment portal not working in Second Floor.,Others
Required book is unavailable in First Floor.,Library
Bonafide certificate delayed in Second Floor.,Others
Drinking water cooler not working in Room 204.,Hostel
Printer not working in Room 101.,CSE
Door lock is broken in First Floor.,Maintenance
Door lock is broken in Room 101.,Maintenance
System is running very slow in First Floor.,CSE
Staircase is dusty in Lab 1.,Cleaning
Bathroom is dirty in Block B.,Hostel
Roof seepage issue in Lab 2.,Maintenance
Hostel WiFi not working in Block A.,Hostel
No water supply in hostel in First Floor.,Hostel
Digital trainer board failed in Lab 2.,ECE
No water supply in hostel in Block B.,Hostel
Monitor display is blank in Lab 2.,CSE
Generator backup failed in Block A.,Electrical
Classroom is very dirty in Lab 1.,Cleaning
Library AC not working in Room 101.,Library
Tap is leaking in Second Floor.,Maintenance
Book issue system not working in Lab 2.,Library
Reading room is noisy in Lab 2.,Library
Hostel room needs cleaning in Lab 2.,Hostel
Switch board is damaged in Lab 1.,Electrical
General enquiry not resolved in Room 101.,Others
Arduino board not detected in Room 101.,ECE
Keyboard not working in Lab 1.,CSE
Mess food quality is poor in Lab 2.,Hostel
ID card not issued in Lab 1.,Others
Library AC not working in Room 204.,Library
Hostel room needs cleaning in Admin Block.,Hostel
Website login problem in Admin Block.,Others
Function generator faulty in Room 204.,ECE
Function generator faulty in Lab 2.,ECE
Mess food quality is poor in Second Floor.,Hostel
Arduino board not detected in Lab 1.,ECE
ID card not issued in Room 101.,Others
ID card not issued in Room 101.,Others
Computer not starting in Room 101.,CSE
Bonafide certificate delayed in First Floor.,Others
Light is flickering in Admin Block.,Electrical
Bonafide certificate delayed in Admin Block.,Others
Insufficient seating in library in First Floor.,Library
Tube light not working in Lab 1.,Electrical
Plumbing problem in Block B.,Maintenance
Monitor display is blank in Block B.,CSE
Loose electrical wiring in Admin Block.,Electrical
Garbage not collected in Lab 1.,Cleaning
Hostel room needs cleaning in Room 101.,Hostel
Dustbins are overflowing in Room 204.,Cleaning
Wall has cracks in Second Floor.,Maintenance
Oscilloscope not working in Second Floor.,ECE
Library computer not working in Lab 1.,Library
Website login problem in Second Floor.,Others
Hostel WiFi not working in Second Floor.,Hostel
Floor needs mopping in Second Floor.,Cleaning
Book return portal not working in Block B.,Library
Website login problem in Room 101.,Others
Hostel WiFi not working in First Floor.,Hostel
Bad smell in corridor in Block A.,Cleaning
Internet not working in lab in Room 101.,CSE
Website login problem in Admin Block.,Others
Website login problem in First Floor.,Others
Room lock is broken in First Floor.,Hostel
Insufficient seating in library in Block A.,Library
Roof seepage issue in Block A.,Maintenance
Water leaking from ceiling in Block B.,Maintenance
Hostel WiFi not working in Room 204.,Hostel
Broken classroom bench in Lab 2.,Maintenance
Printer not working in Lab 1.,CSE
Campus area is dirty in Block B.,Cleaning
General enquiry not resolved in Block A.,Others
Tap is leaking in Lab 2.,Maintenance
Digital trainer board failed in Admin Block.,ECE
Software installation required in Block B.,CSE
Book return portal not working in Second Floor.,Library
Classroom is very dirty in Room 101.,Cleaning
General enquiry not resolved in Block A.,Others
Garbage not collected in Block A.,Cleaning
Breadboard is damaged in Lab 2.,ECE
Book issue system not working in Second Floor.,Library
Signal generator issue in Block A.,ECE
Tap is leaking in Lab 2.,Maintenance
Bus pass issue in Admin Block.,Others
Mess food quality is poor in Block A.,Hostel
Book issue system not working in Lab 1.,Library
Bus pass issue in First Floor.,Others
Computer not starting in Block A.,CSE
Hostel room needs cleaning in Block A.,Hostel
Power socket not working in Lab 1.,Electrical
Hostel WiFi not working in Room 204.,Hostel
Oscilloscope not working in Lab 2.,ECE
Printer not working in Admin Block.,CSE
Function generator faulty in Second Floor.,ECE
Bathroom is dirty in Room 101.,Hostel
Hostel WiFi not working in Block A.,Hostel
Book issue system not working in Block B.,Library
Hostel WiFi not working in Admin Block.,Hostel
Hall ticket not generated in Lab 2.,Others
Library computer not working in Lab 2.,Library
Bad smell in corridor in Block B.,Cleaning
Wall has cracks in Room 204.,Maintenance
Roof seepage issue in Lab 2.,Maintenance
Roof seepage issue in Admin Block.,Maintenance
Plumbing problem in Admin Block.,Maintenance
Roof seepage issue in Lab 2.,Maintenance
Monitor display is blank in Room 204.,CSE
Plumbing problem in Room 204.,Maintenance
Campus area is dirty in Room 204.,Cleaning
ID card not issued in First Floor.,Others
Breadboard is damaged in First Floor.,ECE
Scholarship not received in Room 204.,Others
Mouse is not responding in Second Floor.,CSE
Room lock is broken in Admin Block.,Hostel
Website login problem in Room 101.,Others
Staircase is dusty in Lab 1.,Cleaning
Window glass is broken in First Floor.,Maintenance
Door lock is broken in Lab 2.,Maintenance
Computer not starting in Block A.,CSE
Fan not working in hostel room in Lab 2.,Hostel
Library internet not working in Block B.,Library
Door lock is broken in Lab 1.,Maintenance
Oscilloscope not working in Block A.,ECE
Classroom is very dirty in First Floor.,Cleaning
Fee payment portal not working in Block B.,Others
Oscilloscope not working in Room 101.,ECE
Fan not working in hostel room in Second Floor.,Hostel
Monitor display is blank in Lab 2.,CSE
Light is flickering in Lab 2.,Electrical
Water leaking from ceiling in Admin Block.,Maintenance
Floor needs mopping in Block A.,Cleaning
Microcontroller kit not working in Admin Block.,ECE
No water supply in hostel in First Floor.,Hostel
Website login problem in Lab 2.,Others
Plumbing problem in Block A.,Maintenance
Bonafide certificate delayed in Block A.,Others
Generator backup failed in Room 101.,Electrical
Internet not working in lab in Lab 1.,CSE
Library computer not working in Lab 1.,Library
Book issue system not working in Lab 2.,Library
Broken classroom bench in Lab 1.,Maintenance
Broken classroom bench in Second Floor.,Maintenance
Book issue system not working in Room 101.,Library
Breadboard is damaged in Lab 2.,ECE
Bonafide certificate delayed in Room 101.,Others
Mess food quality is poor in Room 204.,Hostel
Door lock is broken in Block B.,Maintenance
Generator backup failed in Second Floor.,Electrical
Library computer not working in Room 101.,Library
Scholarship not received in Room 101.,Others
Website login problem in Block B.,Others
Mess food quality is poor in Lab 2.,Hostel
Website login problem in Admin Block.,Others
Library internet not working in Block A.,Library
Hall ticket not generated in Block B.,Others
No water supply in hostel in First Floor.,Hostel
Lab equipment is faulty in Room 101.,ECE
Broken classroom bench in Room 101.,Maintenance
Bonafide certificate delayed in First Floor.,Others
Tube light not working in Lab 1.,Electrical
Washroom needs cleaning in Lab 1.,Cleaning
Digital trainer board failed in Room 204.,ECE
Broken classroom bench in Block B.,Maintenance
Monitor display is blank in Lab 1.,CSE
Monitor display is blank in Block A.,CSE
Software installation required in Second Floor.,CSE
Book return portal not working in First Floor.,Library
No water supply in hostel in Room 101.,Hostel
Function generator faulty in Second Floor.,ECE
Loose electrical wiring in Block A.,Electrical
Bad smell in corridor in Second Floor.,Cleaning
Software installation required in Block A.,CSE
Insufficient seating in library in Room 101.,Library
Monitor display is blank in Admin Block.,CSE
Insufficient seating in library in Lab 1.,Library
Fee payment portal not working in Block B.,Others
Oscilloscope not working in Block B.,ECE
Required book is unavailable in Second Floor.,Library
Tap is leaking in Room 101.,Maintenance
Power socket not working in Admin Block.,Electrical
Washroom needs cleaning in First Floor.,Cleaning
Computer not starting in Room 101.,CSE
Tap is leaking in Block B.,Maintenance
Hall ticket not generated in Block B.,Others
Hostel room needs cleaning in Second Floor.,Hostel
Power outage in classroom in First Floor.,Electrical
Floor needs mopping in Block B.,Cleaning
Reading room is noisy in Lab 2.,Library
Hall ticket not generated in Admin Block.,Others
Washroom needs cleaning in Lab 2.,Cleaning
Power socket not working in Block B.,Electrical
Signal generator issue in Lab 2.,ECE
Fan is not working in Room 101.,Electrical
Breadboard is damaged in Second Floor.,ECE
Drinking water cooler not working in Second Floor.,Hostel
Bus pass issue in Lab 1.,Others
Broken classroom bench in Block A.,Maintenance
Tap is leaking in Room 101.,Maintenance
Loose electrical wiring in Room 204.,Electrical
Drinking water cooler not working in Room 204.,Hostel
Campus area is dirty in Room 101.,Cleaning
Function generator faulty in Lab 2.,ECE
Library computer not working in Lab 2.,Library
Hall ticket not generated in Lab 1.,Others
Bonafide certificate delayed in Lab 1.,Others
Breadboard is damaged in Room 101.,ECE
Lab equipment is faulty in Block B.,ECE
Dustbins are overflowing in Lab 2.,Cleaning
Website login problem in Block A.,Others
Book issue system not working in First Floor.,Library
Plumbing problem in Lab 1.,Maintenance
Fan is not working in Admin Block.,Electrical
Internet not working in lab in Lab 1.,CSE
Door lock is broken in Second Floor.,Maintenance
Tube light not working in First Floor.,Electrical
Scholarship not received in Admin Block.,Others
Hostel WiFi not working in Lab 2.,Hostel
Required book is unavailable in Block B.,Library
Bonafide certificate delayed in Room 204.,Others
Function generator faulty in Room 204.,ECE
Software installation required in Block A.,CSE
Library computer not working in Block B.,Library
Classroom is very dirty in Admin Block.,Cleaning
Window glass is broken in Lab 2.,Maintenance
Tap is leaking in Lab 2.,Maintenance
Website login problem in Room 204.,Others
Plumbing problem in Second Floor.,Maintenance
Book return portal not working in Admin Block.,Library
Fee payment portal not working in Lab 1.,Others
Plumbing problem in Block A.,Maintenance
Dustbins are overflowing in Block A.,Cleaning
Mouse is not responding in Lab 2.,CSE
Digital trainer board failed in Block A.,ECE
Power socket not working in Block A.,Electrical
Wall has cracks in Room 101.,Maintenance
Lab equipment is faulty in Admin Block.,ECE
Reading room is noisy in Block A.,Library
No water supply in hostel in Block B.,Hostel
Tap is leaking in Second Floor.,Maintenance
Bathroom is dirty in Admin Block.,Hostel
Hostel room needs cleaning in Second Floor.,Hostel
Fee payment portal not working in Block A.,Others
Plumbing problem in Block A.,Maintenance
Hostel room needs cleaning in Lab 1.,Hostel
Room lock is broken in Room 101.,Hostel
Required book is unavailable in Block A.,Library
Tube light not working in Admin Block.,Electrical
No water supply in hostel in Lab 1.,Hostel
Fan is not working in Block B.,Electrical
Campus area is dirty in Admin Block.,Cleaning
Mess food quality is poor in Second Floor.,Hostel
Tube light not working in Block B.,Electrical
Digital trainer board failed in Block B.,ECE
Library AC not working in Block B.,Library
Wall has cracks in Block B.,Maintenance
Book return portal not working in Admin Block.,Library
Keyboard not working in Block A.,CSE
Campus area is dirty in Lab 1.,Cleaning
Tap is leaking in Room 204.,Maintenance
Printer not working in First Floor.,CSE
Power outage in classroom in Block A.,Electrical
Light is flickering in Second Floor.,Electrical
Hall ticket not generated in Lab 1.,Others
Required book is unavailable in Room 101.,Library
Hostel WiFi not working in Second Floor.,Hostel
Bad smell in corridor in Lab 1.,Cleaning
Classroom is very dirty in Block A.,Cleaning
Oscilloscope not working in Lab 2.,ECE
System is running very slow in Room 204.,CSE
Mess food quality is poor in Admin Block.,Hostel
Fan is not working in First Floor.,Electrical
Insufficient seating in library in Second Floor.,Library
Door lock is broken in Block B.,Maintenance
Scholarship not received in Room 204.,Others
Switch board is damaged in Lab 2.,Electrical
Monitor display is blank in Block B.,CSE
Water leaking from ceiling in Block A.,Maintenance
Plumbing problem in Lab 2.,Maintenance
Classroom is very dirty in Block B.,Cleaning
General enquiry not resolved in Lab 1.,Others
Library AC not working in Lab 1.,Library
Internet not working in lab in Second Floor.,CSE
Keyboard not working in Second Floor.,CSE
Window glass is broken in Block A.,Maintenance
Hall ticket not generated in Lab 1.,Others
Fan not working in hostel room in Block A.,Hostel
Mess food quality is poor in Admin Block.,Hostel
Dustbins are overflowing in Lab 2.,Cleaning
ID card not issued in Room 101.,Others
Generator backup failed in Second Floor.,Electrical
Oscilloscope not working in Block B.,ECE
Book return portal not working in Block B.,Library
Mess food quality is poor in Room 101.,Hostel
Classroom is very dirty in Lab 2.,Cleaning
General enquiry not resolved in Room 204.,Others
Wall has cracks in First Floor.,Maintenance
Power socket not working in Second Floor.,Electrical
Insufficient seating in library in Admin Block.,Library
Oscilloscope not working in Block B.,ECE
Scholarship not received in Admin Block.,Others
Light is flickering in Room 204.,Electrical
Fan not working in hostel room in Room 101.,Hostel
Oscilloscope not working in Block A.,ECE
Mouse is not responding in Second Floor.,CSE
Washroom needs cleaning in Room 204.,Cleaning
Bathroom is dirty in Room 101.,Hostel
Hostel WiFi not working in Lab 2.,Hostel
Light is flickering in Block A.,Electrical
Power socket not working in Lab 1.,Electrical
Switch board is damaged in Second Floor.,Electrical
Mouse is not responding in Admin Block.,CSE
Printer not working in Block B.,CSE
Tube light not working in Lab 2.,Electrical
Tap is leaking in Second Floor.,Maintenance
Bathroom is dirty in Admin Block.,Hostel
Lab equipment is faulty in Lab 2.,ECE
Staircase is dusty in Admin Block.,Cleaning
Wall has cracks in Room 101.,Maintenance
Function generator faulty in Block B.,ECE
Bathroom is dirty in Room 204.,Hostel
Switch board is damaged in Lab 2.,Electrical
Arduino board not detected in Admin Block.,ECE
Microcontroller kit not working in Admin Block.,ECE
Arduino board not detected in First Floor.,ECE
Loose electrical wiring in Room 101.,Electrical
Required book is unavailable in Lab 1.,Library
General enquiry not resolved in Lab 2.,Others
Wall has cracks in Lab 1.,Maintenance
Dustbins are overflowing in Second Floor.,Cleaning
Garbage not collected in Block A.,Cleaning
Fee payment portal not working in Second Floor.,Others
Door lock is broken in Lab 2.,Maintenance
Loose electrical wiring in Lab 2.,Electrical
Room lock is broken in Room 101.,Hostel
Lab equipment is faulty in Room 101.,ECE
Floor needs mopping in Second Floor.,Cleaning
Hostel room needs cleaning in Admin Block.,Hostel
Room lock is broken in Second Floor.,Hostel
Function generator faulty in Second Floor.,ECE
Function generator faulty in Room 101.,ECE
Bus pass issue in First Floor.,Others
Fan not working in hostel room in Admin Block.,Hostel
Monitor display is blank in Second Floor.,CSE
Website login problem in Lab 2.,Others
Keyboard not working in First Floor.,CSE
Plumbing problem in Room 101.,Maintenance
Bad smell in corridor in Block A.,Cleaning
Fan is not working in Room 204.,Electrical
Arduino board not detected in Lab 2.,ECE
Reading room is noisy in First Floor.,Library
Power socket not working in Admin Block.,Electrical
Keyboard not working in Lab 2.,CSE
Staircase is dusty in Block B.,Cleaning
Plumbing problem in Admin Block.,Maintenance
Internet not working in lab in Room 204.,CSE
Room lock is broken in Second Floor.,Hostel
Mess food quality is poor in Lab 1.,Hostel
Printer not working in Lab 1.,CSE
Required book is unavailable in Lab 1.,Library
Keyboard not working in Room 101.,CSE
Bus pass issue in Room 101.,Others
Keyboard not working in First Floor.,CSE
Room lock is broken in First Floor.,Hostel
Roof seepage issue in Second Floor.,Maintenance
System is running very slow in Second Floor.,CSE
Power socket not working in Second Floor.,Electrical
Hall ticket not generated in Room 204.,Others
Bus pass issue in Block A.,Others
Classroom is very dirty in Lab 2.,Cleaning
Door lock is broken in Lab 1.,Maintenance
System is running very slow in Room 101.,CSE
Book issue system not working in Lab 2.,Library
Staircase is dusty in Room 101.,Cleaning
Scholarship not received in Lab 2.,Others
Library internet not working in Admin Block.,Library
Hostel WiFi not working in First Floor.,Hostel
Arduino board not detected in Block A.,ECE
Lab equipment is faulty in Admin Block.,ECE
Hall ticket not generated in Admin Block.,Others
Lab equipment is faulty in Lab 1.,ECE
Power outage in classroom in Lab 2.,Electrical
Signal generator issue in Second Floor.,ECE
ID card not issued in Lab 2.,Others
ID card not issued in Block B.,Others
Room lock is broken in Admin Block.,Hostel
Drinking water cooler not working in Block A.,Hostel
Digital trainer board failed in Block B.,ECE
Scholarship not received in Room 101.,Others
Floor needs mopping in Admin Block.,Cleaning
Water leaking from ceiling in Room 204.,Maintenance
Digital trainer board failed in Admin Block.,ECE
Fan is not working in Block B.,Electrical
System is running very slow in Lab 2.,CSE
Software installation required in Lab 1.,CSE
Roof seepage issue in Lab 2.,Maintenance
Book return portal not working in Room 204.,Library
Required book is unavailable in Lab 2.,Library
Hostel WiFi not working in Room 204.,Hostel
Water leaking from ceiling in First Floor.,Maintenance
Mouse is not responding in Second Floor.,CSE
Software installation required in Room 101.,CSE
Required book is unavailable in Admin Block.,Library
Bonafide certificate delayed in Room 204.,Others
Hostel room needs cleaning in First Floor.,Hostel
Library AC not working in Block B.,Library
General enquiry not resolved in Second Floor.,Others
Wall has cracks in Admin Block.,Maintenance
Hall ticket not generated in Second Floor.,Others
ID card not issued in Block A.,Others
Staircase is dusty in Admin Block.,Cleaning
Light is flickering in Lab 2.,Electrical
Insufficient seating in library in Block B.,Library
Room lock is broken in Admin Block.,Hostel
Computer not starting in Second Floor.,CSE
Software installation required in Block B.,CSE
Software installation required in Room 204.,CSE
Drinking water cooler not working in Room 101.,Hostel
Power outage in classroom in Second Floor.,Electrical
Signal generator issue in Room 204.,ECE
Broken classroom bench in Block B.,Maintenance
Mouse is not responding in Lab 2.,CSE
Dustbins are overflowing in Block A.,Cleaning
Tube light not working in Second Floor.,Electrical
Arduino board not detected in Second Floor.,ECE
Insufficient seating in library in Room 101.,Library
Oscilloscope not working in Lab 2.,ECE
Tap is leaking in Lab 2.,Maintenance
Door lock is broken in Block A.,Maintenance
Fee payment portal not working in Room 101.,Others
Hostel room needs cleaning in Block B.,Hostel
Hostel room needs cleaning in Lab 2.,Hostel
Power socket not working in Block A.,Electrical
Light is flickering in First Floor.,Electrical
Washroom needs cleaning in Second Floor.,Cleaning
Floor needs mopping in Room 101.,Cleaning
Internet not working in lab in Lab 1.,CSE
Garbage not collected in First Floor.,Cleaning
Dustbins are overflowing in Room 204.,Cleaning
Printer not working in Room 204.,CSE
Internet not working in lab in Room 101.,CSE
Bad smell in corridor in Block B.,Cleaning
Fan is not working in Room 204.,Electrical
Website login problem in First Floor.,Others
Power outage in classroom in Block A.,Electrical
Plumbing problem in Admin Block.,Maintenance
Signal generator issue in Lab 1.,ECE
Software installation required in Second Floor.,CSE
Library computer not working in Block A.,Library
Loose electrical wiring in Room 101.,Electrical
Bus pass issue in Block A.,Others
Scholarship not received in Room 101.,Others
Insufficient seating in library in Lab 1.,Library
Library internet not working in Block A.,Library
Garbage not collected in Second Floor.,Cleaning
Library AC not working in Block A.,Library
Mess food quality is poor in Room 101.,Hostel
Scholarship not received in First Floor.,Others
Software installation required in Block B.,CSE
Classroom is very dirty in Block B.,Cleaning
Function generator faulty in Lab 1.,ECE
Required book is unavailable in Admin Block.,Library
Window glass is broken in Admin Block.,Maintenance
Switch board is damaged in First Floor.,Electrical
Loose electrical wiring in First Floor.,Electrical
Power outage in classroom in Room 204.,Electrical
System is running very slow in Lab 1.,CSE
No water supply in hostel in Room 204.,Hostel
Bathroom is dirty in Admin Block.,Hostel
Library AC not working in Block A.,Library
Arduino board not detected in Room 204.,ECE
Washroom needs cleaning in Block A.,Cleaning
No water supply in hostel in Room 204.,Hostel
Bonafide certificate delayed in Admin Block.,Others
Bonafide certificate delayed in Lab 2.,Others
Arduino board not detected in Lab 2.,ECE
Oscilloscope not working in Lab 1.,ECE
ID card not issued in Lab 1.,Others
Floor needs mopping in Admin Block.,Cleaning
Software installation required in Room 204.,CSE
Computer not starting in Lab 1.,CSE
Internet not working in lab in Block B.,CSE
Microcontroller kit not working in Second Floor.,ECE
Hostel room needs cleaning in Block B.,Hostel
Oscilloscope not working in Block B.,ECE
Library AC not working in First Floor.,Library
Insufficient seating in library in Second Floor.,Library
Room lock is broken in First Floor.,Hostel
Breadboard is damaged in Admin Block.,ECE
Loose electrical wiring in Lab 2.,Electrical
Scholarship not received in Second Floor.,Others
Book issue system not working in First Floor.,Library
System is running very slow in Second Floor.,CSE
Tap is leaking in Room 101.,Maintenance
Water leaking from ceiling in Second Floor.,Maintenance
Room lock is broken in First Floor.,Hostel
Wall has cracks in Room 204.,Maintenance
Bus pass issue in Lab 1.,Others
Door lock is broken in First Floor.,Maintenance
Fan not working in hostel room in Room 101.,Hostel
Generator backup failed in Second Floor.,Electrical
Software installation required in Block A.,CSE
Bathroom is dirty in Block B.,Hostel
Printer not working in Room 101.,CSE
Hostel WiFi not working in Lab 2.,Hostel
Printer not working in Room 101.,CSE
Function generator faulty in Room 204.,ECE
Plumbing problem in Lab 2.,Maintenance
Light is flickering in Second Floor.,Electrical
Classroom is very dirty in Second Floor.,Cleaning
Loose electrical wiring in Room 204.,Electrical
Room lock is broken in Room 101.,Hostel
Required book is unavailable in Room 101.,Library
Floor needs mopping in Lab 2.,Cleaning
Door lock is broken in Lab 1.,Maintenance
Printer not working in Second Floor.,CSE
General enquiry not resolved in Room 101.,Others
Book return portal not working in Admin Block.,Library
Classroom is very dirty in Block A.,Cleaning
Fan is not working in Room 204.,Electrical
Monitor display is blank in Lab 1.,CSE
Water leaking from ceiling in Lab 1.,Maintenance
Campus area is dirty in Block A.,Cleaning
Microcontroller kit not working in Block A.,ECE
Website login problem in Second Floor.,Others
Classroom is very dirty in Second Floor.,Cleaning
Scholarship not received in Lab 2.,Others
Wall has cracks in First Floor.,Maintenance
Microcontroller kit not working in First Floor.,ECE
Bathroom is dirty in First Floor.,Hostel
Function generator faulty in Room 101.,ECE
Drinking water cooler not working in Admin Block.,Hostel
Bonafide certificate delayed in Room 204.,Others
Oscilloscope not working in Second Floor.,ECE
Library internet not working in Second Floor.,Library
Campus area is dirty in Block A.,Cleaning
Wall has cracks in Admin Block.,Maintenance
Mouse is not responding in Block B.,CSE
Classroom is very dirty in Second Floor.,Cleaning
System is running very slow in Room 204.,CSE
Room lock is broken in Room 204.,Hostel
Light is flickering in Second Floor.,Electrical
Loose electrical wiring in Lab 2.,Electrical
Hall ticket not generated in Block A.,Others
Library AC not working in Block A.,Library
Room lock is broken in Block A.,Hostel
Book return portal not working in Admin Block.,Library
Drinking water cooler not working in Block B.,Hostel
System is running very slow in Lab 2.,CSE
Library computer not working in Admin Block.,Library
Bus pass issue in Block B.,Others
Hall ticket not generated in Room 101.,Others
Library computer not working in First Floor.,Library
Fee payment portal not working in First Floor.,Others
Mouse is not responding in Lab 1.,CSE
Hall ticket not generated in Admin Block.,Others
Book issue system not working in Room 101.,Library
Switch board is damaged in Block B.,Electrical
Tube light not working in Room 204.,Electrical
Printer not working in Second Floor.,CSE
Room lock is broken in Block B.,Hostel
ID card not issued in First Floor.,Others
Washroom needs cleaning in Admin Block.,Cleaning
Hall ticket not generated in Room 101.,Others
Hostel room needs cleaning in Second Floor.,Hostel
Function generator faulty in Room 204.,ECE
Roof seepage issue in Lab 1.,Maintenance
Plumbing problem in Lab 1.,Maintenance
Mouse is not responding in Lab 2.,CSE
Function generator faulty in First Floor.,ECE
Scholarship not received in Block A.,Others
Floor needs mopping in Room 101.,Cleaning
Fan is not working in Block A.,Electrical
Plumbing problem in Room 204.,Maintenance
Generator backup failed in Room 101.,Electrical
Window glass is broken in Block A.,Maintenance
Printer not working in Room 204.,CSE
Hall ticket not generated in Lab 1.,Others
General enquiry not resolved in Second Floor.,Others
Hostel room needs cleaning in Second Floor.,Hostel
Printer not working in First Floor.,CSE
Software installation required in Second Floor.,CSE
Room lock is broken in Second Floor.,Hostel
Light is flickering in Room 101.,Electrical
General enquiry not resolved in Second Floor.,Others
General enquiry not resolved in Admin Block.,Others
Hostel room needs cleaning in Block B.,Hostel
Bathroom is dirty in Block A.,Hostel
Classroom is very dirty in Block B.,Cleaning
Window glass is broken in Admin Block.,Maintenance
Staircase is dusty in Lab 2.,Cleaning
No water supply in hostel in Lab 1.,Hostel
Window glass is broken in Room 101.,Maintenance
Power outage in classroom in Second Floor.,Electrical
Fan is not working in Second Floor.,Electrical
Bad smell in corridor in First Floor.,Cleaning
Fan not working in hostel room in Lab 1.,Hostel
Software installation required in Room 101.,CSE
Hall ticket not generated in Lab 2.,Others
Water leaking from ceiling in Admin Block.,Maintenance
Bathroom is dirty in First Floor.,Hostel
Library computer not working in First Floor.,Library
Microcontroller kit not working in Room 101.,ECE
Loose electrical wiring in First Floor.,Electrical
Washroom needs cleaning in Block A.,Cleaning
Signal generator issue in Block A.,ECE
Library internet not working in Second Floor.,Library
No water supply in hostel in Lab 1.,Hostel
Website login problem in Lab 2.,Others
Bus pass issue in Block A.,Others
Digital trainer board failed in Lab 1.,ECE
Mess food quality is poor in Room 101.,Hostel
Window glass is broken in Block A.,Maintenance
Bonafide certificate delayed in Room 204.,Others
Washroom needs cleaning in Block B.,Cleaning
Plumbing problem in Block B.,Maintenance
Washroom needs cleaning in Second Floor.,Cleaning
Reading room is noisy in Block B.,Library
Tube light not working in Lab 2.,Electrical
Library computer not working in Lab 1.,Library
Dustbins are overflowing in Block B.,Cleaning
Hall ticket not generated in Second Floor.,Others
Washroom needs cleaning in Second Floor.,Cleaning
Oscilloscope not working in First Floor.,ECE
Tube light not working in First Floor.,Electrical
Book issue system not working in Room 204.,Library
Reading room is noisy in First Floor.,Library
Arduino board not detected in Admin Block.,ECE
Garbage not collected in Block B.,Cleaning
Scholarship not received in Second Floor.,Others
Roof seepage issue in First Floor.,Maintenance
Hostel WiFi not working in Block A.,Hostel
Library AC not working in First Floor.,Library
Required book is unavailable in Lab 2.,Library
Function generator faulty in Block A.,ECE
Digital trainer board failed in Admin Block.,ECE
Floor needs mopping in Lab 2.,Cleaning
Printer not working in Room 101.,CSE
Generator backup failed in First Floor.,Electrical
Loose electrical wiring in Lab 1.,Electrical
Classroom is very dirty in Lab 1.,Cleaning
Door lock is broken in Block B.,Maintenance
Switch board is damaged in Second Floor.,Electrical
Tube light not working in Room 204.,Electrical
Roof seepage issue in Second Floor.,Maintenance
Keyboard not working in Lab 2.,CSE
Door lock is broken in Block B.,Maintenance
Fan is not working in First Floor.,Electrical
Classroom is very dirty in Lab 1.,Cleaning
Bad smell in corridor in Block B.,Cleaning
Monitor display is blank in Block B.,CSE
Mess food quality is poor in Room 204.,Hostel
Book return portal not working in Admin Block.,Library
Scholarship not received in Lab 1.,Others
Monitor display is blank in Lab 1.,CSE
System is running very slow in Block A.,CSE
Plumbing problem in Second Floor.,Maintenance
Plumbing problem in Lab 2.,Maintenance
No water supply in hostel in Block B.,Hostel
Monitor display is blank in First Floor.,CSE
Loose electrical wiring in Lab 2.,Electrical
Fan not working in hostel room in Lab 2.,Hostel
Reading room is noisy in Block A.,Library
Generator backup failed in Second Floor.,Electrical
Printer not working in Lab 1.,CSE
General enquiry not resolved in Second Floor.,Others
Library internet not working in Lab 1.,Library
Fan not working in hostel room in Lab 2.,Hostel
Tube light not working in Admin Block.,Electrical
Window glass is broken in Lab 2.,Maintenance
Loose electrical wiring in Room 204.,Electrical
Staircase is dusty in Block A.,Cleaning
Door lock is broken in Block A.,Maintenance
Generator backup failed in Block A.,Electrical
Fan not working in hostel room in Block A.,Hostel
Hall ticket not generated in Block A.,Others
Bad smell in corridor in Block A.,Cleaning
Bathroom is dirty in Block B.,Hostel
Computer not starting in Lab 2.,CSE
General enquiry not resolved in Lab 1.,Others
Wall has cracks in Lab 1.,Maintenance
Mouse is not responding in Block A.,CSE
Tube light not working in Block A.,Electrical
Internet not working in lab in Lab 2.,CSE
System is running very slow in Lab 2.,CSE
Tube light not working in Lab 2.,Electrical
Classroom is very dirty in Block B.,Cleaning
Window glass is broken in Second Floor.,Maintenance
Function generator faulty in Room 204.,ECE
Bus pass issue in Room 204.,Others
Hostel WiFi not working in Admin Block.,Hostel
Bonafide certificate delayed in Lab 1.,Others
Tap is leaking in Lab 2.,Maintenance
Tap is leaking in Block B.,Maintenance
Fan is not working in First Floor.,Electrical
Drinking water cooler not working in Lab 2.,Hostel
Mouse is not responding in Room 101.,CSE
Software installation required in Lab 2.,CSE
Microcontroller kit not working in Block B.,ECE
Window glass is broken in Block B.,Maintenance
Required book is unavailable in Second Floor.,Library
Library computer not working in Admin Block.,Library
Oscilloscope not working in First Floor.,ECE
Washroom needs cleaning in Room 101.,Cleaning
Fan is not working in Block A.,Electrical
Internet not working in lab in Admin Block.,CSE
Mess food quality is poor in Lab 1.,Hostel
Digital trainer board failed in Block B.,ECE
Signal generator issue in Second Floor.,ECE
Book issue system not working in Lab 1.,Library
Lab equipment is faulty in Room 204.,ECE
Power socket not working in Admin Block.,Electrical
System is running very slow in Room 101.,CSE
Oscilloscope not working in Lab 2.,ECE
Classroom is very dirty in Admin Block.,Cleaning
Library internet not working in Block B.,Library
Bad smell in corridor in Block A.,Cleaning
Room lock is broken in Block B.,Hostel
Bus pass issue in Block A.,Others
Mouse is not responding in Second Floor.,CSE
Scholarship not received in Room 101.,Others
Lab equipment is faulty in Lab 1.,ECE
Printer not working in Block B.,CSE
Microcontroller kit not working in Lab 2.,ECE
Floor needs mopping in Lab 1.,Cleaning
No water supply in hostel in Room 204.,Hostel
Bathroom is dirty in Room 204.,Hostel
Website login problem in Block B.,Others
Dustbins are overflowing in Room 204.,Cleaning
Drinking water cooler not working in Room 101.,Hostel
Switch board is damaged in Lab 2.,Electrical
Switch board is damaged in Room 204.,Electrical
Internet not working in lab in Room 101.,CSE
Window glass is broken in Block A.,Maintenance
Water leaking from ceiling in Block A.,Maintenance
Fan not working in hostel room in Lab 1.,Hostel
Garbage not collected in First Floor.,Cleaning
Wall has cracks in Lab 2.,Maintenance
Arduino board not detected in Room 101.,ECE
Fan is not working in Room 204.,Electrical
ID card not issued in Admin Block.,Others
ID card not issued in Lab 2.,Others
Washroom needs cleaning in Lab 2.,Cleaning
Mouse is not responding in Block A.,CSE
ID card not issued in Block B.,Others
Keyboard not working in Admin Block.,CSE
Switch board is damaged in Block B.,Electrical
Window glass is broken in Block A.,Maintenance
Oscilloscope not working in Block B.,ECE
Function generator faulty in Admin Block.,ECE
Function generator faulty in Second Floor.,ECE
Digital trainer board failed in Second Floor.,ECE
Required book is unavailable in Block A.,Library
Hostel room needs cleaning in Room 101.,Hostel
Bathroom is dirty in Second Floor.,Hostel
Staircase is dusty in Block A.,Cleaning
Fan is not working in Block A.,Electrical
Website login problem in Second Floor.,Others
Wall has cracks in Room 101.,Maintenance
Roof seepage issue in First Floor.,Maintenance
Wall has cracks in Admin Block.,Maintenance
Hall ticket not generated in Lab 1.,Others
No water supply in hostel in Block A.,Hostel
Reading room is noisy in First Floor.,Library
Library internet not working in Block A.,Library
Fan not working in hostel room in Admin Block.,Hostel
Book issue system not working in Second Floor.,Library
Door lock is broken in Block A.,Maintenance
Mouse is not responding in Block B.,CSE
Bus pass issue in Room 204.,Others
Digital trainer board failed in Block A.,ECE
Hostel room needs cleaning in Block A.,Hostel
Floor needs mopping in Lab 2.,Cleaning
Plumbing problem in Block A.,Maintenance
Roof seepage issue in Lab 2.,Maintenance
Campus area is dirty in Second Floor.,Cleaning
Function generator faulty in Room 204.,ECE
Required book is unavailable in Lab 1.,Library
Internet not working in lab in Room 101.,CSE
Bathroom is dirty in Room 101.,Hostel
Hall ticket not generated in Admin Block.,Others
Washroom needs cleaning in Lab 1.,Cleaning
Microcontroller kit not working in Second Floor.,ECE
Bad smell in corridor in Room 101.,Cleaning
Staircase is dusty in Admin Block.,Cleaning
Floor needs mopping in Second Floor.,Cleaning
Water leaking from ceiling in Room 204.,Maintenance
Website login problem in First Floor.,Others
Light is flickering in Room 101.,Electrical
ID card not issued in Room 101.,Others
Bus pass issue in Lab 2.,Others
Generator backup failed in Lab 1.,Electrical
Water leaking from ceiling in Lab 1.,Maintenance
Fan not working in hostel room in Room 204.,Hostel
Mouse is not responding in Lab 2.,CSE
Library AC not working in Lab 1.,Library
Drinking water cooler not working in First Floor.,Hostel
Function generator faulty in First Floor.,ECE
Tap is leaking in First Floor.,Maintenance
Staircase is dusty in Room 204.,Cleaning
Fee payment portal not working in Lab 2.,Others
Drinking water cooler not working in Lab 1.,Hostel
Bus pass issue in Block A.,Others
Fee payment portal not working in First Floor.,Others
Bathroom is dirty in Block A.,Hostel
Digital trainer board failed in Second Floor.,ECE
Bathroom is dirty in Lab 1.,Hostel
Broken classroom bench in Room 204.,Maintenance
Fan not working in hostel room in Room 204.,Hostel
Roof seepage issue in Block B.,Maintenance
Generator backup failed in Admin Block.,Electrical
Generator backup failed in Room 101.,Electrical
Arduino board not detected in Lab 1.,ECE
Hostel room needs cleaning in Block B.,Hostel
Campus area is dirty in Room 204.,Cleaning
Bonafide certificate delayed in Lab 1.,Others
Loose electrical wiring in Block B.,Electrical
Website login problem in Admin Block.,Others
Reading room is noisy in Second Floor.,Library
Mouse is not responding in Room 101.,CSE
Microcontroller kit not working in Lab 2.,ECE
Dustbins are overflowing in Block B.,Cleaning
Plumbing problem in Admin Block.,Maintenance
Washroom needs cleaning in Room 101.,Cleaning
Mess food quality is poor in Lab 1.,Hostel
Fan is not working in First Floor.,Electrical
Arduino board not detected in Block B.,ECE
Bad smell in corridor in Room 101.,Cleaning
Computer not starting in Lab 2.,CSE
Bus pass issue in Second Floor.,Others
Library AC not working in Block A.,Library
Reading room is noisy in Block A.,Library
Roof seepage issue in Block A.,Maintenance
No water supply in hostel in Admin Block.,Hostel
Hostel WiFi not working in Lab 2.,Hostel
Function generator faulty in Admin Block.,ECE
Bathroom is dirty in Lab 2.,Hostel
Scholarship not received in Room 204.,Others
Campus area is dirty in Block A.,Cleaning
No water supply in hostel in Lab 1.,Hostel
Library computer not working in Block A.,Library
Washroom needs cleaning in Block B.,Cleaning
Software installation required in Lab 2.,CSE
Campus area is dirty in Lab 1.,Cleaning
Library internet not working in Block B.,Library
Monitor display is blank in Second Floor.,CSE
Plumbing problem in Second Floor.,Maintenance
Oscilloscope not working in Room 204.,ECE
Book return portal not working in First Floor.,Library
Loose electrical wiring in Lab 2.,Electrical
Book issue system not working in Lab 1.,Library
Broken classroom bench in Block B.,Maintenance
Bus pass issue in Admin Block.,Others
Mess food quality is poor in Block A.,Hostel
Scholarship not received in First Floor.,Others
Scholarship not received in First Floor.,Others
Fan not working in hostel room in Lab 2.,Hostel
Arduino board not detected in Block B.,ECE
Bonafide certificate delayed in Room 204.,Others
Book issue system not working in Admin Block.,Library
Monitor display is blank in Block A.,CSE
System is running very slow in Second Floor.,CSE
Bathroom is dirty in Admin Block.,Hostel
Power socket not working in Room 101.,Electrical
Software installation required in Admin Block.,CSE
Breadboard is damaged in Admin Block.,ECE
Library computer not working in Lab 2.,Library
Generator backup failed in First Floor.,Electrical
Fan not working in hostel room in Lab 1.,Hostel
Keyboard not working in Lab 2.,CSE
Lab equipment is faulty in Room 204.,ECE
Microcontroller kit not working in Second Floor.,ECE
Required book is unavailable in Room 204.,Library
Bonafide certificate delayed in Room 204.,Others
Campus area is dirty in Room 204.,Cleaning
Window glass is broken in Room 204.,Maintenance
Bonafide certificate delayed in Lab 2.,Others
Fee payment portal not working in Room 204.,Others
No water supply in hostel in Lab 1.,Hostel
Library internet not working in Block B.,Library
Mouse is not responding in Lab 2.,CSE
Washroom needs cleaning in Admin Block.,Cleaning
Scholarship not received in Lab 2.,Others
Light is flickering in Room 101.,Electrical
Hostel WiFi not working in Admin Block.,Hostel
Internet not working in lab in Block A.,CSE
Power socket not working in Lab 2.,Electrical
Light is flickering in Block A.,Electrical
Campus area is dirty in Block A.,Cleaning
No water supply in hostel in Block A.,Hostel
System is running very slow in First Floor.,CSE
Tube light not working in Room 101.,Electrical
Lab equipment is faulty in Second Floor.,ECE
Required book is unavailable in Second Floor.,Library
Hall ticket not generated in Lab 2.,Others
Fan is not working in Lab 2.,Electrical
Wall has cracks in Lab 2.,Maintenance
Bad smell in corridor in Lab 1.,Cleaning
Printer not working in Room 204.,CSE
Software installation required in Block A.,CSE
Washroom needs cleaning in Lab 1.,Cleaning
Dustbins are overflowing in Block B.,Cleaning
ID card not issued in Room 101.,Others
Oscilloscope not working in Second Floor.,ECE
Fan is not working in Room 101.,Electrical
Campus area is dirty in Second Floor.,Cleaning
Room lock is broken in Admin Block.,Hostel
Computer not starting in Second Floor.,CSE
Book issue system not working in Room 204.,Library
Room lock is broken in Block A.,Hostel
Monitor display is blank in First Floor.,CSE
Computer not starting in Admin Block.,CSE
Breadboard is damaged in Room 101.,ECE
Fan not working in hostel room in First Floor.,Hostel
Insufficient seating in library in Second Floor.,Library
Staircase is dusty in Lab 2.,Cleaning
Printer not working in Lab 2.,CSE
Roof seepage issue in Room 101.,Maintenance
Wall has cracks in Block B.,Maintenance
No water supply in hostel in Second Floor.,Hostel
General enquiry not resolved in Room 204.,Others
Fan not working in hostel room in Admin Block.,Hostel
Tube light not working in First Floor.,Electrical
Breadboard is damaged in Block B.,ECE
Plumbing problem in Second Floor.,Maintenance
General enquiry not resolved in Room 101.,Others
System is running very slow in First Floor.,CSE
Loose electrical wiring in Lab 2.,Electrical
Wall has cracks in Room 204.,Maintenance
Scholarship not received in First Floor.,Others
ID card not issued in Second Floor.,Others
Plumbing problem in Room 204.,Maintenance
Software installation required in Second Floor.,CSE
Signal generator issue in Admin Block.,ECE
Drinking water cooler not working in Lab 1.,Hostel
Digital trainer board failed in Second Floor.,ECE
Power outage in classroom in Block B.,Electrical
No water supply in hostel in Lab 1.,Hostel
ID card not issued in Room 101.,Others
Signal generator issue in Block B.,ECE
Digital trainer board failed in Block A.,ECE
Light is flickering in Room 101.,Electrical
Oscilloscope not working in Second Floor.,ECE
Plumbing problem in First Floor.,Maintenance
Drinking water cooler not working in First Floor.,Hostel
Mess food quality is poor in Lab 1.,Hostel
Room lock is broken in First Floor.,Hostel
No water supply in hostel in Lab 2.,Hostel
Computer not starting in First Floor.,CSE
Breadboard is damaged in Second Floor.,ECE
Tap is leaking in Admin Block.,Maintenance
Mess food quality is poor in Room 101.,Hostel
Function generator faulty in Lab 1.,ECE
Loose electrical wiring in First Floor.,Electrical
Digital trainer board failed in Lab 1.,ECE
Roof seepage issue in Room 101.,Maintenance
Room lock is broken in Block A.,Hostel
Function generator faulty in Lab 1.,ECE
Library internet not working in Second Floor.,Library
General enquiry not resolved in Admin Block.,Others
Required book is unavailable in First Floor.,Library
Oscilloscope not working in Block A.,ECE
Plumbing problem in Lab 1.,Maintenance
Generator backup failed in First Floor.,Electrical
Door lock is broken in Lab 1.,Maintenance
Book return portal not working in Room 204.,Library
Garbage not collected in Block A.,Cleaning
Website login problem in Lab 2.,Others
Dustbins are overflowing in Block A.,Cleaning
Fee payment portal not working in Block B.,Others
Plumbing problem in Admin Block.,Maintenance
Hall ticket not generated in First Floor.,Others
Dustbins are overflowing in Room 101.,Cleaning
Window glass is broken in Block B.,Maintenance
Fan not working in hostel room in Lab 2.,Hostel
Roof seepage issue in Lab 1.,Maintenance
Tap is leaking in Room 101.,Maintenance
Hall ticket not generated in Admin Block.,Others
Bus pass issue in Lab 2.,Others
Library computer not working in Lab 1.,Library
Breadboard is damaged in Room 101.,ECE
Keyboard not working in Block A.,CSE
Fan is not working in Second Floor.,Electrical
Plumbing problem in Room 101.,Maintenance
Printer not working in First Floor.,CSE
Bus pass issue in Second Floor.,Others
Fee payment portal not working in Lab 1.,Others
Fan is not working in Room 101.,Electrical
No water supply in hostel in Lab 2.,Hostel
Insufficient seating in library in First Floor.,Library
Bathroom is dirty in Lab 1.,Hostel
System is running very slow in First Floor.,CSE
Loose electrical wiring in Lab 1.,Electrical
ID card not issued in Room 101.,Others
System is running very slow in Lab 1.,CSE
No water supply in hostel in Block A.,Hostel
System is running very slow in Room 204.,CSE
Switch board is damaged in Block A.,Electrical
Oscilloscope not working in First Floor.,ECE
Light is flickering in Block B.,Electrical
Website login problem in Room 204.,Others
Classroom is very dirty in Block B.,Cleaning
Book return portal not working in Block B.,Library
Room lock is broken in Block B.,Hostel
Reading room is noisy in Block B.,Library
Computer not starting in Lab 2.,CSE
Fee payment portal not working in Lab 2.,Others
Loose electrical wiring in Block B.,Electrical
Library computer not working in Lab 2.,Library
Hostel WiFi not working in Lab 2.,Hostel
Generator backup failed in Block B.,Electrical
Reading room is noisy in Lab 2.,Library
Garbage not collected in Admin Block.,Cleaning
Breadboard is damaged in Lab 1.,ECE
Insufficient seating in library in Lab 2.,Library
Digital trainer board failed in Admin Block.,ECE
Breadboard is damaged in Lab 2.,ECE
Function generator faulty in Admin Block.,ECE
Bathroom is dirty in Block B.,Hostel
Function generator faulty in Lab 1.,ECE
Required book is unavailable in Second Floor.,Library
Required book is unavailable in Lab 1.,Library
Floor needs mopping in Room 204.,Cleaning
General enquiry not resolved in Admin Block.,Others
Broken classroom bench in Room 204.,Maintenance
Mess food quality is poor in Block A.,Hostel
Broken classroom bench in Room 204.,Maintenance
System is running very slow in Admin Block.,CSE
Garbage not collected in First Floor.,Cleaning
Tube light not working in Lab 1.,Electrical
Switch board is damaged in Lab 1.,Electrical
Oscilloscope not working in First Floor.,ECE
Power outage in classroom in Second Floor.,Electrical
Tube light not working in First Floor.,Electrical
Mouse is not responding in Lab 1.,CSE
Loose electrical wiring in Block A.,Electrical
Signal generator issue in Lab 1.,ECE
Hostel WiFi not working in First Floor.,Hostel
Hostel room needs cleaning in Room 101.,Hostel
Staircase is dusty in Admin Block.,Cleaning
Classroom is very dirty in Block A.,Cleaning
Fan not working in hostel room in Lab 2.,Hostel
Fan not working in hostel room in Second Floor.,Hostel
Staircase is dusty in Lab 2.,Cleaning
Software installation required in Block A.,CSE
Wall has cracks in Second Floor.,Maintenance
Signal generator issue in Lab 1.,ECE
ID card not issued in Lab 2.,Others
Hall ticket not generated in First Floor.,Others
Dustbins are overflowing in Lab 1.,Cleaning
Signal generator issue in Admin Block.,ECE
Digital trainer board failed in Block A.,ECE
Fan not working in hostel room in Admin Block.,Hostel
Library internet not working in Room 101.,Library
Plumbing problem in Admin Block.,Maintenance
Fan not working in hostel room in Block A.,Hostel
Bus pass issue in Room 101.,Others
Window glass is broken in Second Floor.,Maintenance
Roof seepage issue in Lab 2.,Maintenance
Fan not working in hostel room in Lab 1.,Hostel
Door lock is broken in Block B.,Maintenance
Door lock is broken in Admin Block.,Maintenance
Book return portal not working in Lab 1.,Library
Monitor display is blank in Lab 1.,CSE
Computer not starting in Lab 1.,CSE
Power socket not working in Block B.,Electrical
Wall has cracks in Room 204.,Maintenance
Power outage in classroom in Block B.,Electrical
Breadboard is damaged in First Floor.,ECE
Microcontroller kit not working in Lab 1.,ECE
Software installation required in Lab 2.,CSE
Broken classroom bench in Lab 1.,Maintenance
Bonafide certificate delayed in Room 204.,Others
Internet not working in lab in Admin Block.,CSE
Oscilloscope not working in First Floor.,ECE
Function generator faulty in Room 204.,ECE
Water leaking from ceiling in First Floor.,Maintenance
General enquiry not resolved in First Floor.,Others
Power outage in classroom in Room 101.,Electrical
Staircase is dusty in Room 204.,Cleaning
Wall has cracks in Lab 2.,Maintenance
Bathroom is dirty in Block B.,Hostel
Tube light not working in First Floor.,Electrical
Door lock is broken in Block A.,Maintenance
Library AC not working in Block B.,Library
Printer not working in Lab 2.,CSE
System is running very slow in Block B.,CSE
Bus pass issue in First Floor.,Others
Oscilloscope not working in Admin Block.,ECE
Internet not working in lab in Block B.,CSE
Hall ticket not generated in Lab 1.,Others
Digital trainer board failed in Block B.,ECE
Scholarship not received in Room 101.,Others
Wall has cracks in Room 204.,Maintenance
Printer not working in Lab 1.,CSE
Reading room is noisy in First Floor.,Library
Microcontroller kit not working in Room 204.,ECE
Washroom needs cleaning in Lab 1.,Cleaning
Scholarship not received in Lab 2.,Others
Room lock is broken in Lab 1.,Hostel
Scholarship not received in Lab 2.,Others
Drinking water cooler not working in Room 101.,Hostel
Fee payment portal not working in First Floor.,Others
Lab equipment is faulty in Second Floor.,ECE
Library internet not working in Admin Block.,Library
Function generator faulty in First Floor.,ECE
Bonafide certificate delayed in Room 204.,Others
Plumbing problem in Admin Block.,Maintenance
Bad smell in corridor in Room 204.,Cleaning
Roof seepage issue in Second Floor.,Maintenance
System is running very slow in Lab 1.,CSE
Breadboard is damaged in Block B.,ECE
Drinking water cooler not working in Block A.,Hostel
Tube light not working in Room 101.,Electrical
Book return portal not working in Lab 2.,Library
Bonafide certificate delayed in First Floor.,Others
Loose electrical wiring in Lab 1.,Electrical
Hall ticket not generated in Lab 2.,Others
Water leaking from ceiling in Block A.,Maintenance
Light is flickering in First Floor.,Electrical
Library computer not working in Lab 2.,Library
Tap is leaking in Room 101.,Maintenance
Power outage in classroom in Block A.,Electrical
Hostel WiFi not working in Room 101.,Hostel
Wall has cracks in Room 204.,Maintenance
Broken classroom bench in Lab 2.,Maintenance
Fan not working in hostel room in Lab 1.,Hostel
Mess food quality is poor in Block A.,Hostel
No water supply in hostel in Admin Block.,Hostel
Fan is not working in Room 101.,Electrical
Hostel room needs cleaning in Lab 2.,Hostel
Internet not working in lab in Room 204.,CSE
Internet not working in lab in Room 204.,CSE
Printer not working in Room 204.,CSE
Tube light not working in Second Floor.,Electrical
Washroom needs cleaning in Block B.,Cleaning
Classroom is very dirty in Block B.,Cleaning
Tube light not working in Block A.,Electrical
Book issue system not working in Block B.,Library
Library computer not working in Lab 1.,Library
System is running very slow in Lab 2.,CSE
Required book is unavailable in Second Floor.,Library
Digital trainer board failed in Block A.,ECE
Required book is unavailable in Block A.,Library
No water supply in hostel in Lab 2.,Hostel
Plumbing problem in Room 101.,Maintenance
Dustbins are overflowing in Block B.,Cleaning
Digital trainer board failed in Second Floor.,ECE
Light is flickering in Block A.,Electrical
Book return portal not working in Lab 2.,Library
Dustbins are overflowing in Lab 2.,Cleaning
Wall has cracks in First Floor.,Maintenance
Fan not working in hostel room in Block A.,Hostel
Staircase is dusty in Admin Block.,Cleaning
General enquiry not resolved in Second Floor.,Others
Staircase is dusty in Lab 1.,Cleaning
Hostel WiFi not working in Room 101.,Hostel
Floor needs mopping in Room 101.,Cleaning
Signal generator issue in First Floor.,ECE
Hostel WiFi not working in Lab 2.,Hostel
Bathroom is dirty in Lab 2.,Hostel
Generator backup failed in Block A.,Electrical
Book return portal not working in Second Floor.,Library
Fan is not working in Lab 1.,Electrical
Fan not working in hostel room in Block A.,Hostel
Fan not working in hostel room in Lab 1.,Hostel
Hostel room needs cleaning in Lab 1.,Hostel
Wall has cracks in Block B.,Maintenance
Scholarship not received in Room 204.,Others
Wall has cracks in Admin Block.,Maintenance
Mouse is not responding in Block A.,CSE
Dustbins are overflowing in Block B.,Cleaning
Required book is unavailable in Second Floor.,Library
Roof seepage issue in Block A.,Maintenance
Bad smell in corridor in Room 204.,Cleaning
Classroom is very dirty in Lab 1.,Cleaning
Roof seepage issue in First Floor.,Maintenance
Bad smell in corridor in Block A.,Cleaning
Book return portal not working in Room 101.,Library
Dustbins are overflowing in First Floor.,Cleaning
Wall has cracks in First Floor.,Maintenance
Oscilloscope not working in Admin Block.,ECE
Window glass is broken in Admin Block.,Maintenance
Bathroom is dirty in Lab 1.,Hostel
Roof seepage issue in First Floor.,Maintenance
Power outage in classroom in Room 204.,Electrical
Bonafide certificate delayed in Second Floor.,Others
Washroom needs cleaning in Lab 2.,Cleaning
Bus pass issue in Admin Block.,Others
Book return portal not working in Admin Block.,Library
Bad smell in corridor in Lab 2.,Cleaning
Fan not working in hostel room in Admin Block.,Hostel
Printer not working in Block A.,CSE
Light is flickering in Admin Block.,Electrical
Hall ticket not generated in Room 204.,Others
Loose electrical wiring in Lab 1.,Electrical
Book return portal not working in Second Floor.,Library
Mess food quality is poor in Room 204.,Hostel
Garbage not collected in Lab 1.,Cleaning
Book issue system not working in Block A.,Library
Door lock is broken in Room 101.,Maintenance
No water supply in hostel in Lab 1.,Hostel
Room lock is broken in Second Floor.,Hostel
Switch board is damaged in Room 204.,Electrical
Door lock is broken in Second Floor.,Maintenance
Power socket not working in Lab 1.,Electrical
Digital trainer board failed in Lab 2.,ECE
General enquiry not resolved in Room 101.,Others
Power outage in classroom in First Floor.,Electrical
Dustbins are overflowing in Room 101.,Cleaning
Library internet not working in Admin Block.,Library
Bus pass issue in Block B.,Others
Campus area is dirty in Room 101.,Cleaning
Generator backup failed in Admin Block.,Electrical
Fee payment portal not working in Block B.,Others
Drinking water cooler not working in Room 204.,Hostel
Library computer not working in Room 204.,Library
Software installation required in Block A.,CSE
Garbage not collected in Room 204.,Cleaning
Fan not working in hostel room in Room 204.,Hostel
Drinking water cooler not working in Block A.,Hostel
Library internet not working in Room 204.,Library
Switch board is damaged in Lab 1.,Electrical
ID card not issued in Admin Block.,Others
Hall ticket not generated in Lab 1.,Others
General enquiry not resolved in Admin Block.,Others
Mouse is not responding in Lab 1.,CSE
Mess food quality is poor in Lab 1.,Hostel
Monitor display is blank in Lab 1.,CSE
Signal generator issue in Admin Block.,ECE
Drinking water cooler not working in Block B.,Hostel
Reading room is noisy in Block B.,Library
ID card not issued in Second Floor.,Others
Hostel WiFi not working in Second Floor.,Hostel
Hall ticket not generated in First Floor.,Others
ID card not issued in Lab 1.,Others
Website login problem in Admin Block.,Others
Broken classroom bench in Block B.,Maintenance
Garbage not collected in Room 204.,Cleaning
Library computer not working in Block A.,Library
Bonafide certificate delayed in Block A.,Others
Power outage in classroom in Second Floor.,Electrical
Digital trainer board failed in First Floor.,ECE
Insufficient seating in library in First Floor.,Library
Printer not working in Block B.,CSE
Function generator faulty in Room 101.,ECE
Internet not working in lab in Room 204.,CSE
Mouse is not responding in Block A.,CSE
Broken classroom bench in Admin Block.,Maintenance
Classroom is very dirty in Room 204.,Cleaning
Book return portal not working in Second Floor.,Library
Scholarship not received in Second Floor.,Others
Oscilloscope not working in First Floor.,ECE
Power outage in classroom in Block B.,Electrical
Wall has cracks in Room 204.,Maintenance
Power socket not working in Lab 1.,Electrical
Computer not starting in Second Floor.,CSE
Computer not starting in Block B.,CSE
Required book is unavailable in First Floor.,Library
Fan is not working in Admin Block.,Electrical
Power outage in classroom in Admin Block.,Electrical
Light is flickering in Lab 2.,Electrical
Loose electrical wiring in Lab 1.,Electrical
Light is flickering in Block B.,Electrical
Fan not working in hostel room in Block A.,Hostel
Campus area is dirty in Second Floor.,Cleaning
Printer not working in First Floor.,CSE
Campus area is dirty in Block A.,Cleaning
Door lock is broken in Lab 2.,Maintenance
Switch board is damaged in Admin Block.,Electrical
Hostel WiFi not working in Admin Block.,Hostel
Door lock is broken in Admin Block.,Maintenance
Microcontroller kit not working in Room 204.,ECE
Internet not working in lab in Room 101.,CSE
Water leaking from ceiling in Block B.,Maintenance
Computer not starting in Second Floor.,CSE
Signal generator issue in First Floor.,ECE
Floor needs mopping in Block B.,Cleaning
Software installation required in Room 101.,CSE
Function generator faulty in Lab 1.,ECE
Bathroom is dirty in Second Floor.,Hostel
Website login problem in Room 101.,Others
Generator backup failed in First Floor.,Electrical
Lab equipment is faulty in Second Floor.,ECE
Fee payment portal not working in Room 101.,Others
Computer not starting in First Floor.,CSE
Book return portal not working in Admin Block.,Library
Staircase is dusty in Admin Block.,Cleaning
Function generator faulty in Block B.,ECE
Room lock is broken in Room 101.,Hostel
Library AC not working in Room 204.,Library
Bathroom is dirty in Lab 1.,Hostel
Reading room is noisy in Second Floor.,Library
Tube light not working in Lab 1.,Electrical
Bathroom is dirty in First Floor.,Hostel
Scholarship not received in Room 204.,Others
Mess food quality is poor in Room 101.,Hostel
Bad smell in corridor in Block A.,Cleaning
Bathroom is dirty in Room 101.,Hostel
Digital trainer board failed in Block A.,ECE
Staircase is dusty in Admin Block.,Cleaning
Insufficient seating in library in Second Floor.,Library
Garbage not collected in First Floor.,Cleaning
Signal generator issue in Room 204.,ECE
ID card not issued in Room 101.,Others
Garbage not collected in Lab 2.,Cleaning
Window glass is broken in Block A.,Maintenance
Campus area is dirty in Lab 1.,Cleaning
General enquiry not resolved in Admin Block.,Others
No water supply in hostel in Block B.,Hostel
Bad smell in corridor in Block A.,Cleaning
Microcontroller kit not working in Admin Block.,ECE
Wall has cracks in Block A.,Maintenance
Generator backup failed in First Floor.,Electrical
Campus area is dirty in Lab 1.,Cleaning
Book return portal not working in First Floor.,Library
Library internet not working in Second Floor.,Library
Library AC not working in First Floor.,Library
Printer not working in Block B.,CSE
No water supply in hostel in Block B.,Hostel
Water leaking from ceiling in Block A.,Maintenance
Bonafide certificate delayed in Room 204.,Others
Plumbing problem in Block A.,Maintenance
Washroom needs cleaning in Admin Block.,Cleaning
Mouse is not responding in Lab 2.,CSE
System is running very slow in Admin Block.,CSE
Book issue system not working in Lab 2.,Library
Light is flickering in Second Floor.,Electrical
Keyboard not working in First Floor.,CSE
Arduino board not detected in Room 204.,ECE
Arduino board not detected in Admin Block.,ECE
Wall has cracks in Block B.,Maintenance
Signal generator issue in First Floor.,ECE
Website login problem in Room 101.,Others
Power outage in classroom in Room 101.,Electrical
Water leaking from ceiling in Lab 1.,Maintenance
Reading room is noisy in Lab 1.,Library
Function generator faulty in Room 204.,ECE
Fan is not working in Lab 2.,Electrical
Window glass is broken in Room 204.,Maintenance
Software installation required in Block A.,CSE
Library computer not working in Room 101.,Library
Generator backup failed in First Floor.,Electrical
Reading room is noisy in Room 204.,Library
Signal generator issue in Room 204.,ECE
Microcontroller kit not working in First Floor.,ECE
Oscilloscope not working in Room 101.,ECE
Roof seepage issue in Block A.,Maintenance
Internet not working in lab in Lab 2.,CSE
Loose electrical wiring in Block B.,Electrical
Scholarship not received in Second Floor.,Others
Bathroom is dirty in Block B.,Hostel
Loose electrical wiring in First Floor.,Electrical
Staircase is dusty in First Floor.,Cleaning
Fan is not working in First Floor.,Electrical
System is running very slow in Block A.,CSE
Insufficient seating in library in Second Floor.,Library
Tap is leaking in Lab 1.,Maintenance
Breadboard is damaged in Lab 2.,ECE
Bus pass issue in Room 204.,Others
No water supply in hostel in Block B.,Hostel
Function generator faulty in Room 204.,ECE
Tap is leaking in Room 204.,Maintenance
Broken classroom bench in Lab 1.,Maintenance
Book issue system not working in Lab 1.,Library
Power socket not working in Room 204.,Electrical
Broken classroom bench in First Floor.,Maintenance
Computer not starting in Room 204.,CSE
Required book is unavailable in Block A.,Library
ID card not issued in First Floor.,Others
Switch board is damaged in Block B.,Electrical
Power outage in classroom in Second Floor.,Electrical
Digital trainer board failed in Lab 2.,ECE
Power outage in classroom in Admin Block.,Electrical
Oscilloscope not working in First Floor.,ECE
Bus pass issue in Block A.,Others
ID card not issued in Lab 1.,Others
Bad smell in corridor in Room 101.,Cleaning
General enquiry not resolved in Room 101.,Others
General enquiry not resolved in Admin Block.,Others
Digital trainer board failed in Lab 2.,ECE
Power socket not working in Lab 1.,Electrical
Room lock is broken in Block B.,Hostel
Bonafide certificate delayed in Block B.,Others
Washroom needs cleaning in Second Floor.,Cleaning
Oscilloscope not working in Lab 2.,ECE
Light is flickering in Block B.,Electrical
Switch board is damaged in Block A.,Electrical
No water supply in hostel in Block A.,Hostel
Fan not working in hostel room in Second Floor.,Hostel
Tap is leaking in Lab 1.,Maintenance
Keyboard not working in Second Floor.,CSE
Scholarship not received in Second Floor.,Others
Dustbins are overflowing in Admin Block.,Cleaning
Broken classroom bench in Second Floor.,Maintenance
Staircase is dusty in Block B.,Cleaning
Water leaking from ceiling in Block A.,Maintenance
Window glass is broken in Block B.,Maintenance
General enquiry not resolved in Second Floor.,Others
Light is flickering in Admin Block.,Electrical
Hostel WiFi not working in Block A.,Hostel
Bonafide certificate delayed in Lab 1.,Others
Library internet not working in Admin Block.,Library
Internet not working in lab in Lab 2.,CSE
Tap is leaking in Room 204.,Maintenance
Hostel room needs cleaning in Lab 1.,Hostel
Garbage not collected in Lab 2.,Cleaning
Generator backup failed in Room 101.,Electrical
Classroom is very dirty in Lab 1.,Cleaning
Power socket not working in Second Floor.,Electrical
Printer not working in Lab 2.,CSE
Room lock is broken in Room 101.,Hostel
Fan not working in hostel room in Room 101.,Hostel
Printer not working in Room 101.,CSE
Loose electrical wiring in Block A.,Electrical
Plumbing problem in Lab 2.,Maintenance
Classroom is very dirty in Lab 2.,Cleaning
Oscilloscope not working in Room 101.,ECE
Switch board is damaged in Second Floor.,Electrical
Campus area is dirty in Block B.,Cleaning
Power socket not working in Second Floor.,Electrical
Hostel room needs cleaning in Block B.,Hostel
Computer not starting in Room 204.,CSE
Garbage not collected in Admin Block.,Cleaning
Internet not working in lab in Block B.,CSE
Floor needs mopping in Block B.,Cleaning
Bus pass issue in Block A.,Others
Campus area is dirty in Block A.,Cleaning
Hostel WiFi not working in Block A.,Hostel
Lab equipment is faulty in Second Floor.,ECE
Dustbins are overflowing in Room 204.,Cleaning
Internet not working in lab in Lab 1.,CSE
Microcontroller kit not working in Second Floor.,ECE
Tap is leaking in Room 101.,Maintenance
Digital trainer board failed in Block B.,ECE
Tube light not working in Room 101.,Electrical
Campus area is dirty in Lab 1.,Cleaning
Book issue system not working in Room 204.,Library
Website login problem in Block B.,Others
Tap is leaking in First Floor.,Maintenance
Software installation required in Block A.,CSE
Staircase is dusty in Block B.,Cleaning
Dustbins are overflowing in Block B.,Cleaning
Library computer not working in Block B.,Library
Fan is not working in Admin Block.,Electrical
Light is flickering in Admin Block.,Electrical
Dustbins are overflowing in Lab 1.,Cleaning
General enquiry not resolved in Lab 2.,Others
Bad smell in corridor in Lab 2.,Cleaning
General enquiry not resolved in Block A.,Others
Water leaking from ceiling in Block A.,Maintenance
Door lock is broken in Lab 2.,Maintenance
Mess food quality is poor in First Floor.,Hostel
Website login problem in Room 101.,Others
General enquiry not resolved in Lab 2.,Others
Arduino board not detected in Lab 2.,ECE
Reading room is noisy in First Floor.,Library
Library computer not working in Room 101.,Library
Plumbing problem in Second Floor.,Maintenance
Washroom needs cleaning in Block A.,Cleaning
Room lock is broken in Block A.,Hostel
Book issue system not working in Admin Block.,Library
Digital trainer board failed in Lab 1.,ECE
Breadboard is damaged in Admin Block.,ECE
Fee payment portal not working in Block A.,Others
Microcontroller kit not working in Admin Block.,ECE
Drinking water cooler not working in Block B.,Hostel
Washroom needs cleaning in Lab 2.,Cleaning
Lab equipment is faulty in Admin Block.,ECE
Insufficient seating in library in Lab 2.,Library
Digital trainer board failed in First Floor.,ECE
Microcontroller kit not working in Lab 1.,ECE
Generator backup failed in Block A.,Electrical
Required book is unavailable in Room 101.,Library
Garbage not collected in Lab 1.,Cleaning
ID card not issued in First Floor.,Others
Library internet not working in Second Floor.,Library
Broken classroom bench in First Floor.,Maintenance
Loose electrical wiring in Room 204.,Electrical
Required book is unavailable in First Floor.,Library
Tap is leaking in Second Floor.,Maintenance
Monitor display is blank in Block B.,CSE
Library AC not working in Room 101.,Library
Power outage in classroom in Block A.,Electrical
Loose electrical wiring in Second Floor.,Electrical
General enquiry not resolved in First Floor.,Others
Bonafide certificate delayed in Lab 2.,Others
Computer not starting in Block A.,CSE
Washroom needs cleaning in Admin Block.,Cleaning
Water leaking from ceiling in Second Floor.,Maintenance
Wall has cracks in First Floor.,Maintenance
Plumbing problem in Room 101.,Maintenance
ID card not issued in Lab 2.,Others
Computer not starting in First Floor.,CSE
Garbage not collected in Room 101.,Cleaning
Signal generator issue in Admin Block.,ECE
Breadboard is damaged in Block B.,ECE
Generator backup failed in Lab 1.,Electrical
Function generator faulty in Block B.,ECE
Reading room is noisy in Lab 2.,Library
Bus pass issue in Block A.,Others
Classroom is very dirty in Room 101.,Cleaning
Broken classroom bench in Room 204.,Maintenance
Power socket not working in Lab 2.,Electrical
Digital trainer board failed in First Floor.,ECE
Loose electrical wiring in Room 204.,Electrical
Keyboard not working in Admin Block.,CSE
System is running very slow in Block B.,CSE
System is running very slow in Second Floor.,CSE
Classroom is very dirty in Lab 2.,Cleaning
Bad smell in corridor in Lab 2.,Cleaning
Internet not working in lab in Lab 2.,CSE
Roof seepage issue in Admin Block.,Maintenance
Computer not starting in Block A.,CSE
Book issue system not working in Room 101.,Library
Mess food quality is poor in First Floor.,Hostel
Washroom needs cleaning in Second Floor.,Cleaning
Hostel room needs cleaning in Admin Block.,Hostel
Plumbing problem in Block B.,Maintenance
ID card not issued in Second Floor.,Others
Breadboard is damaged in Second Floor.,ECE
Garbage not collected in Block A.,Cleaning
Mouse is not responding in Second Floor.,CSE
Switch board is damaged in Second Floor.,Electrical
Room lock is broken in Block B.,Hostel
Software installation required in Block B.,CSE
Lab equipment is faulty in Room 204.,ECE
System is running very slow in Lab 1.,CSE
Library computer not working in First Floor.,Library
System is running very slow in Block B.,CSE
Microcontroller kit not working in Block B.,ECE
Fan not working in hostel room in Admin Block.,Hostel
Switch board is damaged in Room 101.,Electrical
Required book is unavailable in Admin Block.,Library
Garbage not collected in Block A.,Cleaning
Hostel WiFi not working in Second Floor.,Hostel
Door lock is broken in Room 101.,Maintenance
Insufficient seating in library in Lab 2.,Library
Bonafide certificate delayed in Block B.,Others
Computer not starting in Lab 2.,CSE
Arduino board not detected in Block B.,ECE
Reading room is noisy in Block B.,Library
Website login problem in Admin Block.,Others
Mess food quality is poor in Admin Block.,Hostel
Drinking water cooler not working in Admin Block.,Hostel
Scholarship not received in Second Floor.,Others
Window glass is broken in Block B.,Maintenance
Microcontroller kit not working in Lab 2.,ECE
Classroom is very dirty in Second Floor.,Cleaning
Signal generator issue in Second Floor.,ECE
Window glass is broken in Admin Block.,Maintenance
Monitor display is blank in Block B.,CSE
Software installation required in Room 101.,CSE
Power socket not working in Room 101.,Electrical
Campus area is dirty in Admin Block.,Cleaning
Digital trainer board failed in Lab 1.,ECE
Floor needs mopping in Room 101.,Cleaning
Classroom is very dirty in Room 101.,Cleaning
Room lock is broken in Admin Block.,Hostel
Dustbins are overflowing in Lab 2.,Cleaning
Signal generator issue in First Floor.,ECE
System is running very slow in First Floor.,CSE
Library computer not working in Block A.,Library
Breadboard is damaged in Admin Block.,ECE
Scholarship not received in First Floor.,Others
General enquiry not resolved in Admin Block.,Others
Garbage not collected in Room 101.,Cleaning
No water supply in hostel in First Floor.,Hostel
Door lock is broken in Lab 2.,Maintenance
Internet not working in lab in Admin Block.,CSE
Room lock is broken in Block B.,Hostel
Bus pass issue in Block A.,Others
Book return portal not working in Lab 2.,Library
Computer not starting in Room 101.,CSE
Classroom is very dirty in Lab 2.,Cleaning
Staircase is dusty in Room 101.,Cleaning
Hall ticket not generated in Second Floor.,Others
Tap is leaking in Room 204.,Maintenance
Book return portal not working in Admin Block.,Library
Bus pass issue in Lab 1.,Others
Mess food quality is poor in Admin Block.,Hostel
System is running very slow in Second Floor.,CSE
Power socket not working in Lab 1.,Electrical
Book return portal not working in Block B.,Library
Campus area is dirty in First Floor.,Cleaning
Bad smell in corridor in Room 101.,Cleaning
Power socket not working in Block B.,Electrical
Power outage in classroom in Room 101.,Electrical
Monitor display is blank in Admin Block.,CSE
Dustbins are overflowing in Lab 1.,Cleaning
Drinking water cooler not working in Room 204.,Hostel
Dustbins are overflowing in Lab 2.,Cleaning
Power socket not working in Block A.,Electrical
Scholarship not received in Block B.,Others
Computer not starting in Lab 1.,CSE
Software installation required in Second Floor.,CSE
Bonafide certificate delayed in Block B.,Others
Roof seepage issue in Block A.,Maintenance
Power outage in classroom in Lab 2.,Electrical
System is running very slow in Second Floor.,CSE
Staircase is dusty in Lab 1.,Cleaning
No water supply in hostel in Second Floor.,Hostel
Generator backup failed in Lab 1.,Electrical
Window glass is broken in Block B.,Maintenance
Water leaking from ceiling in Lab 1.,Maintenance
Bonafide certificate delayed in Block B.,Others
Breadboard is damaged in Admin Block.,ECE
Campus area is dirty in Admin Block.,Cleaning
Required book is unavailable in Block A.,Library
Garbage not collected in First Floor.,Cleaning
Roof seepage issue in Lab 1.,Maintenance
Library AC not working in Block A.,Library
Internet not working in lab in Lab 1.,CSE
Fan is not working in Second Floor.,Electrical
Bad smell in corridor in Admin Block.,Cleaning
Water leaking from ceiling in Room 101.,Maintenance
Broken classroom bench in Block A.,Maintenance
Staircase is dusty in Block B.,Cleaning
Oscilloscope not working in Lab 2.,ECE
Required book is unavailable in First Floor.,Library
Plumbing problem in Block A.,Maintenance
System is running very slow in Lab 2.,CSE
Tap is leaking in Block A.,Maintenance
Washroom needs cleaning in Admin Block.,Cleaning
Switch board is damaged in Lab 2.,Electrical
Tap is leaking in Block B.,Maintenance
Window glass is broken in First Floor.,Maintenance
Plumbing problem in Room 101.,Maintenance
Library computer not working in Lab 1.,Library
Microcontroller kit not working in Block B.,ECE
Loose electrical wiring in Lab 1.,Electrical
System is running very slow in Lab 1.,CSE
Bad smell in corridor in Block B.,Cleaning
Library computer not working in First Floor.,Library
Insufficient seating in library in First Floor.,Library
Oscilloscope not working in Lab 1.,ECE
No water supply in hostel in Room 101.,Hostel
Book return portal not working in Lab 2.,Library
Library AC not working in Lab 2.,Library
Bad smell in corridor in First Floor.,Cleaning
Book issue system not working in Admin Block.,Library
Fee payment portal not working in Block B.,Others
Classroom is very dirty in Room 101.,Cleaning
Drinking water cooler not working in Block B.,Hostel
Power socket not working in Room 204.,Electrical
Bad smell in corridor in Lab 1.,Cleaning
Room lock is broken in Room 204.,Hostel
Book issue system not working in Block B.,Library
Classroom is very dirty in First Floor.,Cleaning
No water supply in hostel in Second Floor.,Hostel
System is running very slow in Lab 2.,CSE
Tap is leaking in Admin Block.,Maintenance
General enquiry not resolved in Block A.,Others
Insufficient seating in library in Lab 1.,Library
Lab equipment is faulty in Lab 1.,ECE
Generator backup failed in Second Floor.,Electrical
Bonafide certificate delayed in Lab 1.,Others
Tap is leaking in Room 204.,Maintenance
Software installation required in Lab 2.,CSE
Bus pass issue in Block B.,Others
Plumbing problem in First Floor.,Maintenance
Loose electrical wiring in Block A.,Electrical
Staircase is dusty in Room 101.,Cleaning
Breadboard is damaged in Lab 1.,ECE
Mess food quality is poor in Second Floor.,Hostel
Oscilloscope not working in Block A.,ECE
Roof seepage issue in Block A.,Maintenance
ID card not issued in First Floor.,Others
Internet not working in lab in Second Floor.,CSE
Loose electrical wiring in Lab 2.,Electrical
Internet not working in lab in Lab 2.,CSE
Campus area is dirty in Lab 2.,Cleaning
Bad smell in corridor in Block A.,Cleaning
Monitor display is blank in First Floor.,CSE
Broken classroom bench in First Floor.,Maintenance
Scholarship not received in Block A.,Others
No water supply in hostel in Lab 2.,Hostel
Digital trainer board failed in Second Floor.,ECE
Arduino board not detected in Lab 2.,ECE
Water leaking from ceiling in Lab 1.,Maintenance
Required book is unavailable in Block A.,Library
Tube light not working in Block A.,Electrical
Classroom is very dirty in Block B.,Cleaning
Power socket not working in Block A.,Electrical
Book return portal not working in Second Floor.,Library
Roof seepage issue in Second Floor.,Maintenance
Broken classroom bench in Block B.,Maintenance
Drinking water cooler not working in Room 101.,Hostel
Door lock is broken in Second Floor.,Maintenance
Microcontroller kit not working in Admin Block.,ECE
Window glass is broken in Lab 2.,Maintenance
Breadboard is damaged in Block A.,ECE
Window glass is broken in Room 204.,Maintenance
Campus area is dirty in Room 101.,Cleaning
Tube light not working in Second Floor.,Electrical
Library computer not working in First Floor.,Library
Room lock is broken in Room 204.,Hostel
ID card not issued in Block B.,Others
Tube light not working in Room 204.,Electrical
Wall has cracks in Block A.,Maintenance
Library computer not working in Lab 1.,Library
Dustbins are overflowing in Room 101.,Cleaning
Digital trainer board failed in Room 204.,ECE
Library AC not working in Second Floor.,Library
Door lock is broken in Second Floor.,Maintenance
Hall ticket not generated in Lab 1.,Others
Fan not working in hostel room in Lab 2.,Hostel
Power outage in classroom in Block A.,Electrical
Book issue system not working in Room 204.,Library
Broken classroom bench in Block A.,Maintenance
Drinking water cooler not working in Room 101.,Hostel
Bonafide certificate delayed in Block A.,Others
Insufficient seating in library in Block A.,Library
No water supply in hostel in Second Floor.,Hostel
No water supply in hostel in First Floor.,Hostel
Required book is unavailable in Lab 2.,Library
Reading room is noisy in Lab 2.,Library
Required book is unavailable in Block B.,Library
Light is flickering in Block B.,Electrical
Hostel room needs cleaning in Lab 1.,Hostel
Bathroom is dirty in Room 204.,Hostel
Door lock is broken in Second Floor.,Maintenance
Scholarship not received in Block A.,Others
General enquiry not resolved in Block A.,Others
Power outage in classroom in First Floor.,Electrical
Arduino board not detected in Lab 2.,ECE
Classroom is very dirty in Lab 1.,Cleaning
Drinking water cooler not working in Lab 2.,Hostel
Bad smell in corridor in Admin Block.,Cleaning
Garbage not collected in Lab 2.,Cleaning
Book return portal not working in Second Floor.,Library
Power socket not working in First Floor.,Electrical
Generator backup failed in Room 101.,Electrical
Hostel WiFi not working in Block B.,Hostel
Tap is leaking in First Floor.,Maintenance
Bathroom is dirty in Second Floor.,Hostel
Library internet not working in Block B.,Library
No water supply in hostel in Lab 1.,Hostel
Scholarship not received in First Floor.,Others
Garbage not collected in Second Floor.,Cleaning
Hostel room needs cleaning in Lab 1.,Hostel
Staircase is dusty in Second Floor.,Cleaning
Software installation required in Block B.,CSE
Room lock is broken in Lab 2.,Hostel
General enquiry not resolved in Second Floor.,Others
Tube light not working in Lab 1.,Electrical
Bus pass issue in Block A.,Others
Plumbing problem in Block A.,Maintenance
Campus area is dirty in Block A.,Cleaning
Scholarship not received in Room 101.,Others
Breadboard is damaged in Room 101.,ECE
Door lock is broken in Admin Block.,Maintenance
Digital trainer board failed in Block B.,ECE
Wall has cracks in First Floor.,Maintenance
Fan is not working in Room 101.,Electrical
Insufficient seating in library in First Floor.,Library
Internet not working in lab in Room 204.,CSE
Drinking water cooler not working in Block A.,Hostel
Washroom needs cleaning in Block A.,Cleaning
Loose electrical wiring in Lab 2.,Electrical
Reading room is noisy in Lab 2.,Library
Reading room is noisy in Room 101.,Library
No water supply in hostel in Block B.,Hostel
Website login problem in Lab 2.,Others
Hall ticket not generated in Block B.,Others
Scholarship not received in Lab 1.,Others
Hostel WiFi not working in Block A.,Hostel
General enquiry not resolved in Lab 1.,Others
Library computer not working in Second Floor.,Library
Reading room is noisy in Lab 1.,Library
Insufficient seating in library in Lab 2.,Library
Microcontroller kit not working in First Floor.,ECE
Arduino board not detected in Room 101.,ECE
Mouse is not responding in Room 101.,CSE
Garbage not collected in Lab 1.,Cleaning
Computer not starting in First Floor.,CSE
Switch board is damaged in Lab 1.,Electrical
Campus area is dirty in Lab 2.,Cleaning
Arduino board not detected in Block B.,ECE
Monitor display is blank in First Floor.,CSE
Signal generator issue in Room 101.,ECE
Bad smell in corridor in Lab 1.,Cleaning
Printer not working in First Floor.,CSE
Campus area is dirty in Block B.,Cleaning
Monitor display is blank in Room 101.,CSE
Bus pass issue in Lab 2.,Others
Washroom needs cleaning in Block A.,Cleaning
Fee payment portal not working in Block B.,Others
Mouse is not responding in Block B.,CSE
Bad smell in corridor in Second Floor.,Cleaning
Mouse is not responding in First Floor.,CSE
ID card not issued in Room 101.,Others
Door lock is broken in Lab 2.,Maintenance
Generator backup failed in Room 204.,Electrical
Printer not working in Room 101.,CSE
Software installation required in Lab 2.,CSE
Computer not starting in Room 204.,CSE
Loose electrical wiring in Second Floor.,Electrical
Website login problem in Room 204.,Others
Bonafide certificate delayed in Admin Block.,Others
Mouse is not responding in Room 204.,CSE
Internet not working in lab in Lab 2.,CSE
Classroom is very dirty in Block B.,Cleaning
Dustbins are overflowing in Lab 2.,Cleaning
Hostel room needs cleaning in Lab 1.,Hostel
Broken classroom bench in Block B.,Maintenance
Plumbing problem in Lab 1.,Maintenance
Software installation required in Room 101.,CSE
Washroom needs cleaning in Lab 1.,Cleaning
Drinking water cooler not working in Lab 1.,Hostel
Monitor display is blank in Lab 1.,CSE
Function generator faulty in Lab 1.,ECE
Washroom needs cleaning in Second Floor.,Cleaning
Printer not working in Room 101.,CSE
ID card not issued in Second Floor.,Others
Power socket not working in Second Floor.,Electrical
Fan is not working in Second Floor.,Electrical
Roof seepage issue in Lab 2.,Maintenance
Microcontroller kit not working in First Floor.,ECE
Bonafide certificate delayed in Block B.,Others
Fan not working in hostel room in Lab 1.,Hostel
Required book is unavailable in Lab 1.,Library
Water leaking from ceiling in Second Floor.,Maintenance
Microcontroller kit not working in First Floor.,ECE
Mess food quality is poor in Lab 2.,Hostel
Dustbins are overflowing in Room 101.,Cleaning
Bad smell in corridor in First Floor.,Cleaning
Hall ticket not generated in Block A.,Others
Library AC not working in Lab 2.,Library
Internet not working in lab in Lab 1.,CSE
Power socket not working in Admin Block.,Electrical
Roof seepage issue in First Floor.,Maintenance
Bonafide certificate delayed in Second Floor.,Others
Mouse is not responding in Block A.,CSE
Function generator faulty in Room 101.,ECE
Software installation required in Room 101.,CSE
Power outage in classroom in Block A.,Electrical
Door lock is broken in Room 101.,Maintenance
Required book is unavailable in Admin Block.,Library
System is running very slow in Admin Block.,CSE
Software installation required in Admin Block.,CSE
Roof seepage issue in Room 101.,Maintenance
Library internet not working in Lab 1.,Library
Monitor display is blank in Block A.,CSE
Book return portal not working in Second Floor.,Library
Digital trainer board failed in Lab 2.,ECE
Tube light not working in Block B.,Electrical
Signal generator issue in Block A.,ECE
ID card not issued in Lab 1.,Others
Bad smell in corridor in First Floor.,Cleaning
Mouse is not responding in Block A.,CSE
Classroom is very dirty in Second Floor.,Cleaning
Dustbins are overflowing in Lab 1.,Cleaning
Generator backup failed in Lab 2.,Electrical
Tap is leaking in Lab 2.,Maintenance
Tube light not working in First Floor.,Electrical
Fan is not working in Admin Block.,Electrical
Garbage not collected in Room 101.,Cleaning
Fan is not working in Block B.,Electrical
Monitor display is blank in Block B.,CSE
Arduino board not detected in Second Floor.,ECE
Room lock is broken in Admin Block.,Hostel
Hostel room needs cleaning in Second Floor.,Hostel
Room lock is broken in Admin Block.,Hostel
Power socket not working in Room 204.,Electrical
Classroom is very dirty in Lab 1.,Cleaning
Book return portal not working in Block A.,Library
Tube light not working in Lab 2.,Electrical
Staircase is dusty in Lab 2.,Cleaning
Room lock is broken in First Floor.,Hostel
Staircase is dusty in Block A.,Cleaning
Digital trainer board failed in Room 101.,ECE
Bad smell in corridor in Lab 2.,Cleaning
Monitor display is blank in Room 101.,CSE
Floor needs mopping in Block A.,Cleaning
Switch board is damaged in Block B.,Electrical
Hostel room needs cleaning in Room 204.,Hostel
Fan is not working in Room 204.,Electrical
Room lock is broken in Admin Block.,Hostel
Light is flickering in Block B.,Electrical
Signal generator issue in Block B.,ECE
Arduino board not detected in Lab 1.,ECE
Garbage not collected in Block B.,Cleaning
Library AC not working in Lab 1.,Library
Website login problem in First Floor.,Others
Classroom is very dirty in Room 204.,Cleaning
Arduino board not detected in Admin Block.,ECE
Room lock is broken in Second Floor.,Hostel
Breadboard is damaged in Block A.,ECE
Wall has cracks in Lab 1.,Maintenance
Drinking water cooler not working in Second Floor.,Hostel
Digital trainer board failed in Block B.,ECE
Hall ticket not generated in Lab 2.,Others
Campus area is dirty in First Floor.,Cleaning
Scholarship not received in Lab 2.,Others
Loose electrical wiring in Lab 1.,Electrical
Fan not working in hostel room in Room 101.,Hostel
Fee payment portal not working in Room 204.,Others
Garbage not collected in First Floor.,Cleaning
Oscilloscope not working in First Floor.,ECE
Library internet not working in Block B.,Library
Window glass is broken in Block B.,Maintenance
Function generator faulty in First Floor.,ECE
Power outage in classroom in Block B.,Electrical
Staircase is dusty in Second Floor.,Cleaning
Wall has cracks in Second Floor.,Maintenance
Tube light not working in Admin Block.,Electrical
Door lock is broken in Block B.,Maintenance
Floor needs mopping in Block B.,Cleaning
Signal generator issue in Room 204.,ECE
Library AC not working in First Floor.,Library
Floor needs mopping in First Floor.,Cleaning
Reading room is noisy in Admin Block.,Library
General enquiry not resolved in Block B.,Others
Roof seepage issue in Room 101.,Maintenance
Reading room is noisy in Admin Block.,Library
Software installation required in Block B.,CSE
Switch board is damaged in First Floor.,Electrical
Library AC not working in Block A.,Library
Room lock is broken in Admin Block.,Hostel
Microcontroller kit not working in Admin Block.,ECE
Microcontroller kit not working in Admin Block.,ECE
Window glass is broken in Lab 1.,Maintenance
Hostel WiFi not working in Block A.,Hostel
Function generator faulty in Room 101.,ECE
Washroom needs cleaning in Room 204.,Cleaning
Tube light not working in Room 101.,Electrical
System is running very slow in Second Floor.,CSE
Internet not working in lab in Admin Block.,CSE
No water supply in hostel in Second Floor.,Hostel
Library computer not working in Block A.,Library
Mess food quality is poor in Room 204.,Hostel
Book return portal not working in Block B.,Library
Keyboard not working in Block A.,CSE
Switch board is damaged in Room 204.,Electrical
Signal generator issue in Room 101.,ECE
Loose electrical wiring in Second Floor.,Electrical
Mouse is not responding in Lab 1.,CSE
Library computer not working in Lab 1.,Library
Lab equipment is faulty in Admin Block.,ECE
Signal generator issue in First Floor.,ECE
Bad smell in corridor in Block B.,Cleaning
Water leaking from ceiling in Admin Block.,Maintenance
Breadboard is damaged in Block A.,ECE
Mouse is not responding in First Floor.,CSE
Fan is not working in Admin Block.,Electrical
Printer not working in Room 204.,CSE
Reading room is noisy in Room 204.,Library
Book issue system not working in Block A.,Library
Digital trainer board failed in Lab 1.,ECE
Room lock is broken in Second Floor.,Hostel
Fee payment portal not working in Lab 2.,Others
Monitor display is blank in Room 204.,CSE
Scholarship not received in Lab 2.,Others
Computer not starting in Lab 1.,CSE
Washroom needs cleaning in Block B.,Cleaning
Classroom is very dirty in Block A.,Cleaning
Fan is not working in Room 101.,Electrical
Fan not working in hostel room in Lab 2.,Hostel
Garbage not collected in Admin Block.,Cleaning
No water supply in hostel in Room 101.,Hostel
Printer not working in First Floor.,CSE
Scholarship not received in Second Floor.,Others
Digital trainer board failed in Block A.,ECE
Wall has cracks in Admin Block.,Maintenance
Mouse is not responding in Room 101.,CSE
Printer not working in Second Floor.,CSE
Hostel room needs cleaning in Block A.,Hostel
Monitor display is blank in Admin Block.,CSE
Required book is unavailable in Lab 2.,Library
Tube light not working in Room 101.,Electrical
Mouse is not responding in Lab 2.,CSE
Campus area is dirty in Lab 1.,Cleaning
Internet not working in lab in Second Floor.,CSE
Breadboard is damaged in Lab 2.,ECE
Library internet not working in First Floor.,Library
Reading room is noisy in Admin Block.,Library
Bad smell in corridor in Room 204.,Cleaning
Library AC not working in Block B.,Library
Campus area is dirty in Admin Block.,Cleaning
Mouse is not responding in First Floor.,CSE
Dustbins are overflowing in Second Floor.,Cleaning
Library internet not working in Lab 2.,Library
Hostel WiFi not working in Room 101.,Hostel
System is running very slow in Second Floor.,CSE
Staircase is dusty in Lab 2.,Cleaning
Book issue system not working in Second Floor.,Library
Library computer not working in Block B.,Library
Fan not working in hostel room in Second Floor.,Hostel
Campus area is dirty in Room 101.,Cleaning
General enquiry not resolved in First Floor.,Others
Window glass is broken in Admin Block.,Maintenance
Bonafide certificate delayed in Admin Block.,Others
Scholarship not received in Lab 2.,Others
Printer not working in Admin Block.,CSE
Insufficient seating in library in Lab 1.,Library
Library AC not working in Admin Block.,Library
Roof seepage issue in Room 204.,Maintenance
Window glass is broken in Room 101.,Maintenance
Oscilloscope not working in Admin Block.,ECE
Mess food quality is poor in Block A.,Hostel
Reading room is noisy in Room 101.,Library
Floor needs mopping in Lab 1.,Cleaning
Window glass is broken in First Floor.,Maintenance
Loose electrical wiring in Room 204.,Electrical
Hostel room needs cleaning in Block B.,Hostel
Roof seepage issue in Room 101.,Maintenance
Door lock is broken in Block B.,Maintenance
Door lock is broken in Room 204.,Maintenance
Fan is not working in Room 204.,Electrical
Mouse is not responding in Room 204.,CSE
Garbage not collected in Second Floor.,Cleaning
Mess food quality is poor in Block A.,Hostel
Drinking water cooler not working in Room 101.,Hostel
Library internet not working in Block A.,Library
Power socket not working in Admin Block.,Electrical
Door lock is broken in Admin Block.,Maintenance
Hostel room needs cleaning in Admin Block.,Hostel
Switch board is damaged in Admin Block.,Electrical
Broken classroom bench in Room 101.,Maintenance
Broken classroom bench in Lab 1.,Maintenance
ID card not issued in Room 204.,Others
Library computer not working in Block A.,Library
Internet not working in lab in Block A.,CSE
Classroom is very dirty in Lab 2.,Cleaning
Required book is unavailable in Room 204.,Library
Dustbins are overflowing in Block A.,Cleaning
Monitor display is blank in Block A.,CSE
Room lock is broken in Room 101.,Hostel
Reading room is noisy in Room 101.,Library
No water supply in hostel in Lab 1.,Hostel
Digital trainer board failed in Lab 2.,ECE
Bad smell in corridor in First Floor.,Cleaning
Floor needs mopping in Block B.,Cleaning
Reading room is noisy in First Floor.,Library
Library computer not working in Room 204.,Library
Book issue system not working in Block A.,Library
Staircase is dusty in Second Floor.,Cleaning
Lab equipment is faulty in Block B.,ECE
Bus pass issue in Block B.,Others
Tube light not working in Room 101.,Electrical
Water leaking from ceiling in Block B.,Maintenance
Room lock is broken in Room 101.,Hostel
Scholarship not received in Block A.,Others
Hostel room needs cleaning in Room 204.,Hostel
Library computer not working in Block B.,Library
Light is flickering in Admin Block.,Electrical
Function generator faulty in Block B.,ECE
Lab equipment is faulty in Admin Block.,ECE
Library internet not working in Block B.,Library
Signal generator issue in Block A.,ECE
Tube light not working in Admin Block.,Electrical
Bathroom is dirty in Block A.,Hostel
Internet not working in lab in First Floor.,CSE
Software installation required in Lab 2.,CSE
Power outage in classroom in First Floor.,Electrical
Loose electrical wiring in Lab 1.,Electrical
Tap is leaking in Second Floor.,Maintenance
Signal generator issue in Lab 2.,ECE
Broken classroom bench in Block A.,Maintenance
Required book is unavailable in Block B.,Library
Library internet not working in Admin Block.,Library
Light is flickering in Room 204.,Electrical
Book return portal not working in Second Floor.,Library
Loose electrical wiring in Admin Block.,Electrical
Required book is unavailable in Admin Block.,Library
Roof seepage issue in Lab 1.,Maintenance
Bathroom is dirty in Lab 1.,Hostel
Loose electrical wiring in Block B.,Electrical
Bad smell in corridor in First Floor.,Cleaning
Fan is not working in First Floor.,Electrical
Drinking water cooler not working in Second Floor.,Hostel
Digital trainer board failed in Second Floor.,ECE
Hostel WiFi not working in First Floor.,Hostel
Plumbing problem in Second Floor.,Maintenance
Scholarship not received in Block B.,Others
Room lock is broken in Room 204.,Hostel
Fee payment portal not working in First Floor.,Others
Digital trainer board failed in Room 101.,ECE
System is running very slow in Lab 2.,CSE
Monitor display is blank in Room 204.,CSE
Power socket not working in Room 101.,Electrical
Monitor display is blank in Second Floor.,CSE
Fee payment portal not working in First Floor.,Others
Floor needs mopping in Block B.,Cleaning
Hostel room needs cleaning in Admin Block.,Hostel
Floor needs mopping in Block B.,Cleaning
Library AC not working in Second Floor.,Library
Library AC not working in Room 101.,Library
Tube light not working in Admin Block.,Electrical
Floor needs mopping in Lab 1.,Cleaning
Monitor display is blank in Block A.,CSE
Internet not working in lab in Lab 2.,CSE
Breadboard is damaged in Lab 2.,ECE
Library computer not working in Second Floor.,Library
Switch board is damaged in First Floor.,Electrical
Website login problem in Admin Block.,Others
Garbage not collected in Lab 2.,Cleaning
ID card not issued in Block B.,Others
Floor needs mopping in Room 101.,Cleaning
Website login problem in First Floor.,Others
Library internet not working in Admin Block.,Library
Light is flickering in Lab 1.,Electrical
Campus area is dirty in Block A.,Cleaning
Loose electrical wiring in Block A.,Electrical
Water leaking from ceiling in Lab 1.,Maintenance
Door lock is broken in Room 204.,Maintenance
Computer not starting in Lab 2.,CSE
Website login problem in Lab 2.,Others
Lab equipment is faulty in First Floor.,ECE
Light is flickering in Lab 1.,Electrical
Book return portal not working in Block B.,Library
System is running very slow in Block A.,CSE
Reading room is noisy in Room 204.,Library
Tap is leaking in Lab 1.,Maintenance
Library AC not working in Room 101.,Library
Broken classroom bench in Admin Block.,Maintenance
Classroom is very dirty in Admin Block.,Cleaning
Plumbing problem in Room 204.,Maintenance
ID card not issued in Second Floor.,Others
Mouse is not responding in Admin Block.,CSE
Drinking water cooler not working in Admin Block.,Hostel
Tap is leaking in Second Floor.,Maintenance
Digital trainer board failed in First Floor.,ECE
Microcontroller kit not working in Block A.,ECE
Oscilloscope not working in Lab 2.,ECE
Arduino board not detected in Room 101.,ECE
Mouse is not responding in Admin Block.,CSE
Staircase is dusty in First Floor.,Cleaning
Tube light not working in Block B.,Electrical
Library internet not working in Lab 1.,Library
Arduino board not detected in Lab 1.,ECE
Lab equipment is faulty in Room 204.,ECE
Internet not working in lab in Lab 2.,CSE
Scholarship not received in Block A.,Others
Broken classroom bench in Admin Block.,Maintenance
Dustbins are overflowing in Admin Block.,Cleaning
Window glass is broken in Room 204.,Maintenance
Lab equipment is faulty in Block B.,ECE
Book issue system not working in Lab 1.,Library
Lab equipment is faulty in Lab 1.,ECE
Arduino board not detected in Lab 2.,ECE
Scholarship not received in First Floor.,Others
Computer not starting in Second Floor.,CSE
Keyboard not working in Room 101.,CSE
Bad smell in corridor in Block B.,Cleaning
Tap is leaking in Admin Block.,Maintenance
Plumbing problem in Room 101.,Maintenance
Bonafide certificate delayed in Block B.,Others
System is running very slow in Admin Block.,CSE
Bonafide certificate delayed in Lab 2.,Others
Window glass is broken in Room 204.,Maintenance
Staircase is dusty in Room 101.,Cleaning
Floor needs mopping in Room 204.,Cleaning
Internet not working in lab in Second Floor.,CSE
Bad smell in corridor in Room 204.,Cleaning
Roof seepage issue in Second Floor.,Maintenance
Light is flickering in Second Floor.,Electrical
Bathroom is dirty in Lab 2.,Hostel
Keyboard not working in Block B.,CSE
Classroom is very dirty in Block B.,Cleaning
Generator backup failed in Admin Block.,Electrical
Hostel WiFi not working in Second Floor.,Hostel
Campus area is dirty in Room 204.,Cleaning
Campus area is dirty in Room 101.,Cleaning
Keyboard not working in Room 204.,CSE
ID card not issued in Admin Block.,Others
Digital trainer board failed in Lab 2.,ECE
Switch board is damaged in Block B.,Electrical
Website login problem in Block A.,Others
Garbage not collected in Room 204.,Cleaning
Microcontroller kit not working in Lab 1.,ECE
Power socket not working in Lab 2.,Electrical
Oscilloscope not working in Block B.,ECE
Breadboard is damaged in Room 101.,ECE
Bonafide certificate delayed in Block B.,Others
Fan is not working in Block B.,Electrical
Power outage in classroom in Block B.,Electrical
Bad smell in corridor in Block A.,Cleaning
Light is flickering in Block A.,Electrical
Insufficient seating in library in Room 204.,Library
Tube light not working in Admin Block.,Electrical
Printer not working in Block A.,CSE
Floor needs mopping in Block A.,Cleaning
Power outage in classroom in Block A.,Electrical
Floor needs mopping in Block B.,Cleaning
Function generator faulty in Block B.,ECE
Floor needs mopping in Admin Block.,Cleaning
Light is flickering in First Floor.,Electrical
Function generator faulty in Admin Block.,ECE
General enquiry not resolved in First Floor.,Others
Library internet not working in Block A.,Library
Tap is leaking in Lab 2.,Maintenance
General enquiry not resolved in Lab 1.,Others
Tube light not working in Lab 2.,Electrical
Roof seepage issue in First Floor.,Maintenance
System is running very slow in Block B.,CSE
Microcontroller kit not working in Lab 1.,ECE
No water supply in hostel in Block A.,Hostel
Door lock is broken in Admin Block.,Maintenance
Library AC not working in Room 101.,Library
Door lock is broken in Block B.,Maintenance
Bus pass issue in Block A.,Others
Fan not working in hostel room in Block B.,Hostel
Required book is unavailable in Second Floor.,Library
Arduino board not detected in Lab 1.,ECE
Broken classroom bench in Block A.,Maintenance
Floor needs mopping in Lab 2.,Cleaning
Light is flickering in First Floor.,Electrical
Bonafide certificate delayed in Block A.,Others
Bonafide certificate delayed in Second Floor.,Others
System is running very slow in Room 101.,CSE
Plumbing problem in Block A.,Maintenance
No water supply in hostel in Room 101.,Hostel
Drinking water cooler not working in Lab 1.,Hostel
Wall has cracks in First Floor.,Maintenance
Mess food quality is poor in Room 101.,Hostel
Bad smell in corridor in Lab 2.,Cleaning
Bathroom is dirty in Room 204.,Hostel
Arduino board not detected in First Floor.,ECE
Oscilloscope not working in First Floor.,ECE
Bus pass issue in Lab 1.,Others
Plumbing problem in First Floor.,Maintenance
Bathroom is dirty in Lab 2.,Hostel
Bus pass issue in Block A.,Others
Tap is leaking in Lab 2.,Maintenance
Software installation required in First Floor.,CSE
Floor needs mopping in Second Floor.,Cleaning
Book issue system not working in Room 204.,Library
Tube light not working in Room 204.,Electrical
Fee payment portal not working in Lab 1.,Others
Dustbins are overflowing in Lab 1.,Cleaning
No water supply in hostel in Room 101.,Hostel
Fee payment portal not working in Block B.,Others
General enquiry not resolved in Room 101.,Others
Hostel room needs cleaning in Room 204.,Hostel
Broken classroom bench in Lab 1.,Maintenance
Software installation required in Room 204.,CSE
Digital trainer board failed in Room 101.,ECE
Library AC not working in First Floor.,Library
Internet not working in lab in Lab 2.,CSE
Mess food quality is poor in First Floor.,Hostel
Bus pass issue in Block A.,Others
Bad smell in corridor in Admin Block.,Cleaning
Software installation required in Admin Block.,CSE
Function generator faulty in Second Floor.,ECE
Dustbins are overflowing in Admin Block.,Cleaning
Bonafide certificate delayed in Lab 2.,Others
Hostel room needs cleaning in Block B.,Hostel
Bathroom is dirty in First Floor.,Hostel
Bad smell in corridor in Second Floor.,Cleaning
Internet not working in lab in First Floor.,CSE
Tap is leaking in Admin Block.,Maintenance
Printer not working in Room 204.,CSE
Fan is not working in First Floor.,Electrical
Book return portal not working in Block A.,Library
Bathroom is dirty in First Floor.,Hostel
Water leaking from ceiling in Lab 2.,Maintenance
Library computer not working in Second Floor.,Library
Garbage not collected in Second Floor.,Cleaning
Digital trainer board failed in First Floor.,ECE
Fee payment portal not working in Admin Block.,Others
Hostel WiFi not working in Admin Block.,Hostel
Washroom needs cleaning in Block B.,Cleaning
No water supply in hostel in Second Floor.,Hostel
Mouse is not responding in Lab 2.,CSE
Window glass is broken in Block A.,Maintenance
Room lock is broken in Room 101.,Hostel
Light is flickering in Block B.,Electrical
Scholarship not received in Room 204.,Others
Microcontroller kit not working in Lab 2.,ECE
Hostel WiFi not working in Lab 2.,Hostel
Drinking water cooler not working in Lab 1.,Hostel
Computer not starting in Block A.,CSE
Fan is not working in Admin Block.,Electrical
Loose electrical wiring in Room 101.,Electrical
Room lock is broken in Second Floor.,Hostel
Oscilloscope not working in First Floor.,ECE
Printer not working in Second Floor.,CSE
Signal generator issue in Room 101.,ECE
Water leaking from ceiling in Lab 1.,Maintenance
Hall ticket not generated in Admin Block.,Others
Broken classroom bench in Lab 1.,Maintenance
Generator backup failed in Block A.,Electrical
Monitor display is blank in Block A.,CSE
Switch board is damaged in Second Floor.,Electrical
ID card not issued in Lab 1.,Others
Scholarship not received in Lab 2.,Others
Mouse is not responding in Lab 2.,CSE
Broken classroom bench in Room 101.,Maintenance
Dustbins are overflowing in Block B.,Cleaning
Power socket not working in Lab 1.,Electrical
Hall ticket not generated in Admin Block.,Others
Mess food quality is poor in Lab 1.,Hostel
Oscilloscope not working in Second Floor.,ECE
Reading room is noisy in First Floor.,Library
Arduino board not detected in Admin Block.,ECE
Lab equipment is faulty in Lab 1.,ECE
Bad smell in corridor in Room 101.,Cleaning
Floor needs mopping in Second Floor.,Cleaning
Garbage not collected in Room 204.,Cleaning
Library AC not working in Admin Block.,Library
Scholarship not received in Lab 2.,Others
ID card not issued in Lab 1.,Others
Website login problem in Block A.,Others
Tube light not working in Second Floor.,Electrical
Washroom needs cleaning in Lab 1.,Cleaning
Tube light not working in Room 204.,Electrical
Washroom needs cleaning in First Floor.,Cleaning
ID card not issued in Lab 1.,Others
Required book is unavailable in Lab 1.,Library
Bus pass issue in Block B.,Others
Room lock is broken in Room 101.,Hostel
Generator backup failed in Room 101.,Electrical
Oscilloscope not working in Block A.,ECE
Bad smell in corridor in Room 101.,Cleaning
Power outage in classroom in First Floor.,Electrical
Library AC not working in Second Floor.,Library
Required book is unavailable in Lab 1.,Library
Mouse is not responding in Admin Block.,CSE
Library internet not working in Block A.,Library
Oscilloscope not working in First Floor.,ECE
Book issue system not working in Room 101.,Library
Microcontroller kit not working in Admin Block.,ECE
Door lock is broken in First Floor.,Maintenance
Mouse is not responding in Lab 1.,CSE
Book issue system not working in Block A.,Library
Scholarship not received in Room 204.,Others
Microcontroller kit not working in Second Floor.,ECE
Function generator faulty in Room 204.,ECE
Staircase is dusty in Lab 1.,Cleaning
Mouse is not responding in Room 204.,CSE
Microcontroller kit not working in Block B.,ECE
Internet not working in lab in Room 204.,CSE
Campus area is dirty in Block A.,Cleaning
Bonafide certificate delayed in Lab 2.,Others
Computer not starting in Lab 2.,CSE
Washroom needs cleaning in Admin Block.,Cleaning
Internet not working in lab in Admin Block.,CSE
Washroom needs cleaning in Lab 2.,Cleaning
Drinking water cooler not working in Lab 1.,Hostel
Library computer not working in Second Floor.,Library
Breadboard is damaged in Block A.,ECE
Tube light not working in Lab 1.,Electrical
Digital trainer board failed in First Floor.,ECE
Loose electrical wiring in Second Floor.,Electrical
Broken classroom bench in Lab 2.,Maintenance
Roof seepage issue in Room 204.,Maintenance
Room lock is broken in Block A.,Hostel
Door lock is broken in Room 204.,Maintenance
Light is flickering in Second Floor.,Electrical
Digital trainer board failed in Block B.,ECE
Hostel room needs cleaning in Admin Block.,Hostel
Switch board is damaged in Admin Block.,Electrical
Monitor display is blank in First Floor.,CSE
Digital trainer board failed in Lab 1.,ECE
Book issue system not working in First Floor.,Library
Roof seepage issue in Admin Block.,Maintenance
Plumbing problem in Block A.,Maintenance
Printer not working in Block B.,CSE
Door lock is broken in Admin Block.,Maintenance
Plumbing problem in Admin Block.,Maintenance
Hall ticket not generated in Block A.,Others
Mess food quality is poor in Room 204.,Hostel
Reading room is noisy in First Floor.,Library
Water leaking from ceiling in Room 204.,Maintenance
Breadboard is damaged in Block A.,ECE
Loose electrical wiring in Block A.,Electrical
Tap is leaking in Block B.,Maintenance
Printer not working in First Floor.,CSE
Insufficient seating in library in Lab 2.,Library
Website login problem in Admin Block.,Others
Book issue system not working in Second Floor.,Library
Library internet not working in Room 101.,Library
Scholarship not received in Block B.,Others
General enquiry not resolved in Lab 2.,Others
Oscilloscope not working in Room 204.,ECE
Garbage not collected in Lab 1.,Cleaning
Fan is not working in Lab 1.,Electrical
Book return portal not working in Block B.,Library
Library internet not working in Lab 2.,Library
Window glass is broken in Admin Block.,Maintenance
Mess food quality is poor in Room 101.,Hostel
Broken classroom bench in First Floor.,Maintenance
Library computer not working in Admin Block.,Library
Loose electrical wiring in First Floor.,Electrical
Fan not working in hostel room in Lab 1.,Hostel
Loose electrical wiring in Block B.,Electrical
Library internet not working in First Floor.,Library
Fee payment portal not working in Room 101.,Others
Arduino board not detected in Room 204.,ECE
Loose electrical wiring in First Floor.,Electrical
Mouse is not responding in Room 204.,CSE
Power outage in classroom in Room 101.,Electrical
Keyboard not working in Second Floor.,CSE
ID card not issued in Admin Block.,Others
Garbage not collected in Block A.,Cleaning
Insufficient seating in library in First Floor.,Library
Library internet not working in Lab 2.,Library
Staircase is dusty in Room 204.,Cleaning
Window glass is broken in First Floor.,Maintenance
Tap is leaking in First Floor.,Maintenance
Campus area is dirty in Lab 2.,Cleaning
Breadboard is damaged in Room 204.,ECE
Library computer not working in Room 101.,Library
Tap is leaking in Block B.,Maintenance
System is running very slow in Lab 2.,CSE
Internet not working in lab in Room 204.,CSE
System is running very slow in Room 101.,CSE
Monitor display is blank in Second Floor.,CSE
Keyboard not working in Lab 2.,CSE
Keyboard not working in First Floor.,CSE
Bonafide certificate delayed in Room 204.,Others
Software installation required in First Floor.,CSE
Library computer not working in Room 204.,Library
Computer not starting in Lab 2.,CSE
No water supply in hostel in Block A.,Hostel
Digital trainer board failed in Lab 2.,ECE
Digital trainer board failed in First Floor.,ECE
Dustbins are overflowing in Lab 1.,Cleaning
Wall has cracks in Room 101.,Maintenance
Floor needs mopping in Second Floor.,Cleaning
Printer not working in Block A.,CSE
Power socket not working in Lab 1.,Electrical
Keyboard not working in First Floor.,CSE
Drinking water cooler not working in Room 101.,Hostel
Lab equipment is faulty in Second Floor.,ECE
Printer not working in First Floor.,CSE
ID card not issued in Block B.,Others
Plumbing problem in First Floor.,Maintenance
Software installation required in Second Floor.,CSE
Classroom is very dirty in Admin Block.,Cleaning
Switch board is damaged in Room 101.,Electrical
Hostel room needs cleaning in Admin Block.,Hostel
Fan not working in hostel room in Admin Block.,Hostel
Hostel WiFi not working in Lab 1.,Hostel
Function generator faulty in Room 204.,ECE
Signal generator issue in Second Floor.,ECE
Arduino board not detected in Lab 2.,ECE
Fan is not working in Lab 1.,Electrical
Power outage in classroom in Second Floor.,Electrical
No water supply in hostel in Room 204.,Hostel
Hostel room needs cleaning in Lab 1.,Hostel
System is running very slow in Room 204.,CSE
Signal generator issue in Room 101.,ECE
Drinking water cooler not working in Room 101.,Hostel
Fee payment portal not working in Admin Block.,Others
Reading room is noisy in Lab 1.,Library
Wall has cracks in Block A.,Maintenance
Computer not starting in First Floor.,CSE
Loose electrical wiring in Admin Block.,Electrical
Keyboard not working in Lab 2.,CSE
Function generator faulty in Room 101.,ECE
Generator backup failed in Room 204.,Electrical
Lab equipment is faulty in First Floor.,ECE
Room lock is broken in First Floor.,Hostel
Dustbins are overflowing in Admin Block.,Cleaning
Monitor display is blank in Room 204.,CSE
ID card not issued in Second Floor.,Others
Book issue system not working in Block B.,Library
Tap is leaking in Room 204.,Maintenance
Website login problem in Lab 2.,Others
Generator backup failed in Lab 1.,Electrical
Dustbins are overflowing in First Floor.,Cleaning
Monitor display is blank in Block B.,CSE
Reading room is noisy in Room 101.,Library
ID card not issued in Room 204.,Others
Library computer not working in Lab 2.,Library
Fan is not working in Admin Block.,Electrical
Power socket not working in Second Floor.,Electrical
Broken classroom bench in Second Floor.,Maintenance
ID card not issued in Lab 1.,Others
Function generator faulty in Lab 1.,ECE
Tube light not working in Lab 2.,Electrical
Hostel room needs cleaning in Lab 1.,Hostel
Website login problem in Room 204.,Others
Mouse is not responding in Room 101.,CSE
Reading room is noisy in Room 101.,Library
Tube light not working in Second Floor.,Electrical
Water leaking from ceiling in Admin Block.,Maintenance
Generator backup failed in Second Floor.,Electrical
Fee payment portal not working in Admin Block.,Others
Internet not working in lab in Room 101.,CSE
Bonafide certificate delayed in Room 101.,Others
Lab equipment is faulty in First Floor.,ECE
Classroom is very dirty in Lab 1.,Cleaning
System is running very slow in Second Floor.,CSE
Monitor display is blank in Block A.,CSE
Bad smell in corridor in Second Floor.,Cleaning
Bad smell in corridor in Room 101.,Cleaning
Floor needs mopping in First Floor.,Cleaning
Hall ticket not generated in First Floor.,Others
General enquiry not resolved in Block A.,Others
Bonafide certificate delayed in Lab 2.,Others
Library internet not working in Second Floor.,Library
Classroom is very dirty in Block B.,Cleaning
Campus area is dirty in Room 101.,Cleaning
Bad smell in corridor in First Floor.,Cleaning
Floor needs mopping in Second Floor.,Cleaning
Bad smell in corridor in Lab 1.,Cleaning
Room lock is broken in Room 101.,Hostel
Window glass is broken in Admin Block.,Maintenance
Computer not starting in Admin Block.,CSE
Campus area is dirty in Second Floor.,Cleaning
Hall ticket not generated in Admin Block.,Others
Required book is unavailable in Lab 2.,Library
Water leaking from ceiling in First Floor.,Maintenance
Bad smell in corridor in Room 204.,Cleaning
Software installation required in Admin Block.,CSE
Computer not starting in Lab 2.,CSE
Printer not working in Block B.,CSE
Library computer not working in Block B.,Library
Fee payment portal not working in Block B.,Others
Garbage not collected in Block A.,Cleaning
Power outage in classroom in Lab 2.,Electrical
Staircase is dusty in Second Floor.,Cleaning
Microcontroller kit not working in Second Floor.,ECE
Mouse is not responding in Block B.,CSE
Library computer not working in Block A.,Library
Reading room is noisy in Admin Block.,Library
Tap is leaking in Block A.,Maintenance
Fee payment portal not working in Block B.,Others
Website login problem in Lab 1.,Others
Drinking water cooler not working in Second Floor.,Hostel
Printer not working in Lab 1.,CSE
Light is flickering in First Floor.,Electrical
Loose electrical wiring in Lab 2.,Electrical
Tube light not working in Lab 1.,Electrical
Window glass is broken in First Floor.,Maintenance
Library internet not working in Admin Block.,Library
Bad smell in corridor in First Floor.,Cleaning
Bad smell in corridor in Lab 2.,Cleaning
Digital trainer board failed in Room 204.,ECE
Library internet not working in Room 204.,Library
Hostel WiFi not working in Second Floor.,Hostel
Roof seepage issue in Block B.,Maintenance
Hostel WiFi not working in Room 101.,Hostel
ID card not issued in Lab 2.,Others
Garbage not collected in Room 101.,Cleaning
Hall ticket not generated in Admin Block.,Others
Dustbins are overflowing in Admin Block.,Cleaning
Hostel room needs cleaning in Block A.,Hostel
Power socket not working in Lab 2.,Electrical
Function generator faulty in Second Floor.,ECE
Campus area is dirty in Block B.,Cleaning
Wall has cracks in Lab 2.,Maintenance
Printer not working in Lab 1.,CSE
Classroom is very dirty in Room 204.,Cleaning
Hostel WiFi not working in Room 101.,Hostel
Tube light not working in Second Floor.,Electrical
General enquiry not resolved in Block A.,Others
No water supply in hostel in Room 204.,Hostel
Scholarship not received in Admin Block.,Others
Printer not working in Second Floor.,CSE
Library computer not working in Lab 1.,Library
Water leaking from ceiling in Room 204.,Maintenance
Floor needs mopping in Lab 1.,Cleaning
Website login problem in First Floor.,Others
Window glass is broken in Lab 2.,Maintenance
Light is flickering in Block A.,Electrical
Monitor display is blank in Lab 2.,CSE
Plumbing problem in Second Floor.,Maintenance
Printer not working in Second Floor.,CSE
Mouse is not responding in Block B.,CSE
Book issue system not working in First Floor.,Library
Reading room is noisy in Second Floor.,Library
Lab equipment is faulty in Block A.,ECE
Library AC not working in Lab 2.,Library
Power outage in classroom in Block B.,Electrical
ID card not issued in Room 204.,Others
Lab equipment is faulty in Admin Block.,ECE
Hostel WiFi not working in Room 204.,Hostel
Drinking water cooler not working in Block A.,Hostel
Generator backup failed in Room 101.,Electrical
Scholarship not received in Block A.,Others
Switch board is damaged in Room 204.,Electrical
Broken classroom bench in Block B.,Maintenance
Computer not starting in Lab 1.,CSE
Fan is not working in Room 204.,Electrical
Loose electrical wiring in Room 204.,Electrical
Library computer not working in Second Floor.,Library
General enquiry not resolved in Room 204.,Others
Window glass is broken in Second Floor.,Maintenance
Water leaking from ceiling in Block A.,Maintenance
Oscilloscope not working in Block A.,ECE
Bonafide certificate delayed in Room 101.,Others
Breadboard is damaged in First Floor.,ECE
ID card not issued in Room 204.,Others
Book return portal not working in Block A.,Library
Window glass is broken in Second Floor.,Maintenance
Broken classroom bench in Lab 2.,Maintenance
Room lock is broken in Room 101.,Hostel
Lab equipment is faulty in Lab 1.,ECE
Dustbins are overflowing in First Floor.,Cleaning
Insufficient seating in library in Block A.,Library
Mouse is not responding in First Floor.,CSE
Loose electrical wiring in Room 101.,Electrical
Bad smell in corridor in Second Floor.,Cleaning
Switch board is damaged in Lab 2.,Electrical
Printer not working in Room 204.,CSE
Library internet not working in First Floor.,Library
Roof seepage issue in Room 204.,Maintenance
Scholarship not received in Lab 1.,Others
Fan is not working in First Floor.,Electrical
Door lock is broken in Room 101.,Maintenance
Printer not working in Lab 1.,CSE
General enquiry not resolved in Room 204.,Others
Arduino board not detected in Admin Block.,ECE
Drinking water cooler not working in Room 101.,Hostel
Wall has cracks in Admin Block.,Maintenance
Switch board is damaged in Room 204.,Electrical
Dustbins are overflowing in Block A.,Cleaning
Arduino board not detected in Room 101.,ECE
Mess food quality is poor in Admin Block.,Hostel
Book issue system not working in Second Floor.,Library
Floor needs mopping in Block A.,Cleaning
Function generator faulty in Block A.,ECE
Arduino board not detected in Lab 2.,ECE
Hostel room needs cleaning in Block A.,Hostel
System is running very slow in Room 101.,CSE
Required book is unavailable in Room 204.,Library
Bathroom is dirty in Block B.,Hostel
Bad smell in corridor in First Floor.,Cleaning
Fan is not working in Block B.,Electrical
Floor needs mopping in Room 204.,Cleaning
Reading room is noisy in Lab 1.,Library
Wall has cracks in Admin Block.,Maintenance
Signal generator issue in Lab 1.,ECE
Broken classroom bench in Lab 2.,Maintenance
Classroom is very dirty in Lab 2.,Cleaning
Library AC not working in Second Floor.,Library
Loose electrical wiring in Room 204.,Electrical
Library AC not working in Lab 2.,Library
Printer not working in Admin Block.,CSE
Water leaking from ceiling in Block A.,Maintenance
Internet not working in lab in Admin Block.,CSE
Library computer not working in Block B.,Library
Book issue system not working in Lab 2.,Library
Digital trainer board failed in Lab 1.,ECE
Hostel WiFi not working in First Floor.,Hostel
Generator backup failed in Lab 1.,Electrical
Library internet not working in Second Floor.,Library
Lab equipment is faulty in First Floor.,ECE
Plumbing problem in Block A.,Maintenance
Hostel room needs cleaning in Second Floor.,Hostel
Function generator faulty in First Floor.,ECE
Bus pass issue in Block A.,Others
Microcontroller kit not working in Lab 2.,ECE
Tube light not working in First Floor.,Electrical
Switch board is damaged in Room 101.,Electrical
Door lock is broken in Admin Block.,Maintenance
Loose electrical wiring in Block A.,Electrical
Oscilloscope not working in Admin Block.,ECE
Staircase is dusty in Lab 1.,Cleaning
Keyboard not working in Room 101.,CSE
Drinking water cooler not working in Room 204.,Hostel
Power socket not working in Room 204.,Electrical
Scholarship not received in Second Floor.,Others
Fan is not working in First Floor.,Electrical
Hall ticket not generated in Second Floor.,Others
Power socket not working in Lab 1.,Electrical
Bus pass issue in First Floor.,Others
Broken classroom bench in Lab 1.,Maintenance
Scholarship not received in Room 101.,Others
Fan is not working in Room 204.,Electrical
Loose electrical wiring in Block A.,Electrical
Staircase is dusty in Second Floor.,Cleaning
Software installation required in Room 101.,CSE
Fee payment portal not working in Lab 2.,Others
Required book is unavailable in Lab 2.,Library
Drinking water cooler not working in First Floor.,Hostel
Website login problem in Room 204.,Others
No water supply in hostel in Room 101.,Hostel
Light is flickering in Room 204.,Electrical
Power socket not working in Room 204.,Electrical
Keyboard not working in Block B.,CSE
Signal generator issue in Lab 1.,ECE
Garbage not collected in Lab 2.,Cleaning
Light is flickering in First Floor.,Electrical
Door lock is broken in Room 101.,Maintenance
Keyboard not working in Block A.,CSE
Library AC not working in Lab 2.,Library
Loose electrical wiring in Lab 2.,Electrical
Campus area is dirty in Second Floor.,Cleaning
Room lock is broken in Second Floor.,Hostel
Monitor display is blank in Room 101.,CSE
Broken classroom bench in Lab 2.,Maintenance
ID card not issued in Room 101.,Others
Garbage not collected in Block B.,Cleaning
Power socket not working in Admin Block.,Electrical
Garbage not collected in First Floor.,Cleaning
Fee payment portal not working in Lab 2.,Others
No water supply in hostel in Second Floor.,Hostel
Library computer not working in Room 101.,Library
Required book is unavailable in Block A.,Library
Mouse is not responding in Room 204.,CSE
Reading room is noisy in Room 204.,Library
Switch board is damaged in Block A.,Electrical
Bus pass issue in Room 204.,Others
Dustbins are overflowing in Admin Block.,Cleaning
Keyboard not working in Block A.,CSE
Oscilloscope not working in Admin Block.,ECE
Room lock is broken in Lab 2.,Hostel
Scholarship not received in Block B.,Others
Fan is not working in Room 204.,Electrical
Website login problem in Block A.,Others
Plumbing problem in Block B.,Maintenance
Computer not starting in Admin Block.,CSE
Bonafide certificate delayed in Second Floor.,Others
Switch board is damaged in Lab 2.,Electrical
Tap is leaking in Block A.,Maintenance
Water leaking from ceiling in Block B.,Maintenance
Hostel room needs cleaning in Second Floor.,Hostel
Bus pass issue in Lab 1.,Others
Software installation required in Block B.,CSE
Software installation required in Admin Block.,CSE
Roof seepage issue in Block A.,Maintenance
Roof seepage issue in Block A.,Maintenance
ID card not issued in Admin Block.,Others
Library AC not working in Block A.,Library
System is running very slow in Lab 1.,CSE
Tap is leaking in Lab 2.,Maintenance
Classroom is very dirty in Lab 2.,Cleaning
Broken classroom bench in Room 204.,Maintenance
Library AC not working in Room 204.,Library
ID card not issued in Lab 2.,Others
Wall has cracks in Admin Block.,Maintenance
Breadboard is damaged in Room 204.,ECE
Required book is unavailable in Lab 1.,Library
Water leaking from ceiling in Room 204.,Maintenance
General enquiry not resolved in Lab 1.,Others
Hostel WiFi not working in Lab 1.,Hostel
Breadboard is damaged in Lab 1.,ECE
Room lock is broken in Admin Block.,Hostel
Reading room is noisy in Room 101.,Library
Book return portal not working in Room 204.,Library
Staircase is dusty in Lab 2.,Cleaning
Bad smell in corridor in Room 101.,Cleaning
Book return portal not working in Room 204.,Library
Lab equipment is faulty in Second Floor.,ECE
Internet not working in lab in Room 204.,CSE
Scholarship not received in Block A.,Others
Hostel WiFi not working in Admin Block.,Hostel
Floor needs mopping in Room 101.,Cleaning
Switch board is damaged in Lab 2.,Electrical
Hostel WiFi not working in Room 204.,Hostel
Bonafide certificate delayed in Room 101.,Others
Internet not working in lab in Room 101.,CSE
System is running very slow in Room 101.,CSE
Keyboard not working in Room 204.,CSE
Website login problem in Room 204.,Others
Mess food quality is poor in First Floor.,Hostel
Tube light not working in Second Floor.,Electrical
Reading room is noisy in First Floor.,Library
Insufficient seating in library in Block A.,Library
Light is flickering in Admin Block.,Electrical
Insufficient seating in library in Second Floor.,Library
Mess food quality is poor in Second Floor.,Hostel
Power outage in classroom in Room 204.,Electrical
Wall has cracks in Block A.,Maintenance
Room lock is broken in Block A.,Hostel
Library internet not working in Block B.,Library
No water supply in hostel in Block A.,Hostel
Library AC not working in Block B.,Library
Required book is unavailable in Lab 1.,Library
Broken classroom bench in Second Floor.,Maintenance
Loose electrical wiring in Second Floor.,Electrical
Mess food quality is poor in Room 101.,Hostel
Room lock is broken in Second Floor.,Hostel
Tap is leaking in Room 101.,Maintenance
Library AC not working in Lab 1.,Library
Fee payment portal not working in Lab 2.,Others
Digital trainer board failed in Room 101.,ECE
Window glass is broken in Admin Block.,Maintenance
Book issue system not working in Block A.,Library
Insufficient seating in library in Lab 2.,Library
Roof seepage issue in Block B.,Maintenance
Hall ticket not generated in Room 101.,Others
Bonafide certificate delayed in Block B.,Others
Power outage in classroom in Lab 2.,Electrical
Mouse is not responding in Room 204.,CSE
Mouse is not responding in Lab 1.,CSE
Dustbins are overflowing in Lab 2.,Cleaning
Book return portal not working in Room 204.,Library
Website login problem in Room 204.,Others
Campus area is dirty in Second Floor.,Cleaning
Microcontroller kit not working in Admin Block.,ECE
Power socket not working in Lab 1.,Electrical
Book return portal not working in First Floor.,Library
Book issue system not working in Lab 2.,Library
Bad smell in corridor in Room 204.,Cleaning
Floor needs mopping in Lab 1.,Cleaning
Washroom needs cleaning in Room 101.,Cleaning
Classroom is very dirty in Block A.,Cleaning
Washroom needs cleaning in Admin Block.,Cleaning
Library AC not working in Admin Block.,Library
Staircase is dusty in Room 101.,Cleaning
Fan not working in hostel room in Room 101.,Hostel
Website login problem in Block A.,Others
Fan not working in hostel room in Block B.,Hostel
Library internet not working in Lab 1.,Library
Scholarship not received in Block B.,Others
Lab equipment is faulty in Room 204.,ECE
Website login problem in Room 101.,Others
Arduino board not detected in Block A.,ECE
Library computer not working in Block B.,Library
Water leaking from ceiling in Block B.,Maintenance
Window glass is broken in First Floor.,Maintenance
Power outage in classroom in Admin Block.,Electrical
Library AC not working in Lab 2.,Library
Breadboard is damaged in Room 204.,ECE
Signal generator issue in Admin Block.,ECE
Power outage in classroom in Lab 1.,Electrical
Book return portal not working in Block A.,Library
Lab equipment is faulty in First Floor.,ECE
Mouse is not responding in Room 204.,CSE
Tap is leaking in Room 204.,Maintenance
Power socket not working in Block A.,Electrical
Fee payment portal not working in First Floor.,Others
Staircase is dusty in First Floor.,Cleaning
Reading room is noisy in Block A.,Library
Broken classroom bench in First Floor.,Maintenance
Roof seepage issue in Block B.,Maintenance
Monitor display is blank in First Floor.,CSE
Tube light not working in Second Floor.,Electrical
Fee payment portal not working in Admin Block.,Others
Water leaking from ceiling in Second Floor.,Maintenance
Arduino board not detected in Block A.,ECE
ID card not issued in Second Floor.,Others
Lab equipment is faulty in Lab 2.,ECE
Computer not starting in First Floor.,CSE
Printer not working in First Floor.,CSE
Garbage not collected in Admin Block.,Cleaning
Washroom needs cleaning in Room 101.,Cleaning
Library computer not working in Block B.,Library
Campus area is dirty in Room 101.,Cleaning
System is running very slow in Room 101.,CSE
Light is flickering in Room 204.,Electrical
Signal generator issue in First Floor.,ECE
Dustbins are overflowing in Second Floor.,Cleaning
Bad smell in corridor in Room 101.,Cleaning
Window glass is broken in Admin Block.,Maintenance
Broken classroom bench in Second Floor.,Maintenance
Lab equipment is faulty in Block A.,ECE
Library computer not working in First Floor.,Library
Hall ticket not generated in Lab 1.,Others
Power outage in classroom in Block A.,Electrical
Software installation required in Lab 2.,CSE
Power outage in classroom in Admin Block.,Electrical
Breadboard is damaged in Second Floor.,ECE
Keyboard not working in Admin Block.,CSE
Monitor display is blank in Second Floor.,CSE
Book issue system not working in Block A.,Library
Light is flickering in First Floor.,Electrical
Book issue system not working in Room 101.,Library
Keyboard not working in Lab 2.,CSE
Monitor display is blank in Admin Block.,CSE
Classroom is very dirty in Lab 2.,Cleaning
Bonafide certificate delayed in Room 204.,Others
Drinking water cooler not working in Room 101.,Hostel
Oscilloscope not working in Second Floor.,ECE
Washroom needs cleaning in Lab 1.,Cleaning
Keyboard not working in Second Floor.,CSE
Generator backup failed in Lab 2.,Electrical
Monitor display is blank in Block A.,CSE
Hostel room needs cleaning in Second Floor.,Hostel
Software installation required in Room 204.,CSE
Drinking water cooler not working in Room 204.,Hostel
Dustbins are overflowing in Lab 2.,Cleaning
No water supply in hostel in Lab 1.,Hostel
Hostel WiFi not working in Admin Block.,Hostel
Room lock is broken in First Floor.,Hostel
Arduino board not detected in First Floor.,ECE
Website login problem in Block B.,Others
Mess food quality is poor in Lab 1.,Hostel
Dustbins are overflowing in Lab 1.,Cleaning
Fan not working in hostel room in Room 101.,Hostel
Floor needs mopping in Lab 2.,Cleaning
Campus area is dirty in Block A.,Cleaning
Fee payment portal not working in Admin Block.,Others
Book return portal not working in Lab 1.,Library
General enquiry not resolved in Room 204.,Others
Plumbing problem in Block A.,Maintenance
Printer not working in Lab 2.,CSE
Room lock is broken in Second Floor.,Hostel
Loose electrical wiring in Second Floor.,Electrical
Tube light not working in Block A.,Electrical
Function generator faulty in First Floor.,ECE
Oscilloscope not working in Second Floor.,ECE
Bad smell in corridor in Lab 2.,Cleaning
Bathroom is dirty in Block A.,Hostel
Software installation required in Second Floor.,CSE
Water leaking from ceiling in Admin Block.,Maintenance
Library computer not working in Lab 2.,Library
Digital trainer board failed in Admin Block.,ECE
Wall has cracks in Room 204.,Maintenance
Loose electrical wiring in Room 101.,Electrical
Monitor display is blank in Room 204.,CSE
Bonafide certificate delayed in Room 101.,Others
No water supply in hostel in Block B.,Hostel
Software installation required in Admin Block.,CSE
ID card not issued in Lab 2.,Others
No water supply in hostel in Block B.,Hostel
Fan is not working in Admin Block.,Electrical
Scholarship not received in Block A.,Others
Microcontroller kit not working in Block A.,ECE
Window glass is broken in Room 101.,Maintenance
Wall has cracks in Block A.,Maintenance
Oscilloscope not working in Lab 1.,ECE
Function generator faulty in Room 204.,ECE
Hostel WiFi not working in Lab 1.,Hostel
Lab equipment is faulty in Room 204.,ECE
Library internet not working in Lab 2.,Library
Dustbins are overflowing in Block B.,Cleaning
Room lock is broken in Admin Block.,Hostel
Mess food quality is poor in Lab 1.,Hostel
Light is flickering in Room 101.,Electrical
Dustbins are overflowing in Second Floor.,Cleaning
Floor needs mopping in Admin Block.,Cleaning
Drinking water cooler not working in Block A.,Hostel
Microcontroller kit not working in First Floor.,ECE
System is running very slow in Room 101.,CSE
Drinking water cooler not working in Lab 1.,Hostel
Classroom is very dirty in Room 204.,Cleaning
Library internet not working in Lab 2.,Library
Internet not working in lab in Room 101.,CSE
No water supply in hostel in Lab 2.,Hostel
Software installation required in Admin Block.,CSE
General enquiry not resolved in Lab 1.,Others
Staircase is dusty in Second Floor.,Cleaning
Library computer not working in Block B.,Library
Fan is not working in Second Floor.,Electrical
Tube light not working in Room 204.,Electrical
Digital trainer board failed in Lab 1.,ECE
Book return portal not working in First Floor.,Library
Room lock is broken in Admin Block.,Hostel
Bonafide certificate delayed in Second Floor.,Others
Keyboard not working in Room 204.,CSE
Fan not working in hostel room in Lab 2.,Hostel
Bonafide certificate delayed in Admin Block.,Others
Light is flickering in First Floor.,Electrical
Library internet not working in Admin Block.,Library
Insufficient seating in library in Room 101.,Library
Dustbins are overflowing in Block B.,Cleaning
Generator backup failed in Room 204.,Electrical
Fan is not working in Room 101.,Electrical
Hostel room needs cleaning in Room 101.,Hostel
Book return portal not working in Second Floor.,Library
Arduino board not detected in Room 204.,ECE
Library AC not working in First Floor.,Library
Insufficient seating in library in Room 101.,Library
Bad smell in corridor in Block A.,Cleaning
Bathroom is dirty in Block A.,Hostel
Library AC not working in Room 204.,Library
Wall has cracks in Lab 2.,Maintenance
Monitor display is blank in First Floor.,CSE
Power socket not working in Block A.,Electrical
Door lock is broken in Lab 2.,Maintenance
Room lock is broken in Admin Block.,Hostel
Power outage in classroom in Lab 1.,Electrical
Water leaking from ceiling in Lab 2.,Maintenance
Staircase is dusty in Lab 2.,Cleaning
General enquiry not resolved in Lab 2.,Others
Library AC not working in Block B.,Library
Garbage not collected in Admin Block.,Cleaning
Campus area is dirty in Second Floor.,Cleaning
Website login problem in Block B.,Others
Insufficient seating in library in Lab 2.,Library
Wall has cracks in Room 101.,Maintenance
Fan not working in hostel room in Room 101.,Hostel
Required book is unavailable in Second Floor.,Library
Roof seepage issue in Room 101.,Maintenance
Reading room is noisy in Block A.,Library
Hall ticket not generated in Room 204.,Others
Washroom needs cleaning in First Floor.,Cleaning
Tap is leaking in Second Floor.,Maintenance
Bus pass issue in Block B.,Others
Generator backup failed in Lab 2.,Electrical
Lab equipment is faulty in Admin Block.,ECE
General enquiry not resolved in Second Floor.,Others
Generator backup failed in Second Floor.,Electrical
Arduino board not detected in Lab 2.,ECE
Hall ticket not generated in Lab 1.,Others
Washroom needs cleaning in Block B.,Cleaning
Function generator faulty in Lab 2.,ECE
Fan is not working in Block B.,Electrical
Wall has cracks in Block B.,Maintenance
Roof seepage issue in Block B.,Maintenance
Hostel WiFi not working in Block B.,Hostel
Breadboard is damaged in Lab 2.,ECE
Broken classroom bench in Lab 1.,Maintenance
Software installation required in Lab 2.,CSE
Campus area is dirty in Room 204.,Cleaning
No water supply in hostel in Room 101.,Hostel
Required book is unavailable in Lab 2.,Library
Library AC not working in First Floor.,Library
Washroom needs cleaning in Lab 2.,Cleaning
Signal generator issue in Lab 1.,ECE
Room lock is broken in Second Floor.,Hostel
Fee payment portal not working in Lab 2.,Others
Bus pass issue in Room 101.,Others
Mouse is not responding in Room 204.,CSE
Fan is not working in Lab 2.,Electrical
Switch board is damaged in Room 204.,Electrical
Book return portal not working in First Floor.,Library
ID card not issued in Room 204.,Others
Website login problem in Lab 2.,Others
Software installation required in Room 204.,CSE
System is running very slow in Room 101.,CSE
Classroom is very dirty in Lab 1.,Cleaning
Campus area is dirty in Admin Block.,Cleaning
Mouse is not responding in Block B.,CSE
Monitor display is blank in Room 204.,CSE
Bad smell in corridor in Block A.,Cleaning
Hostel WiFi not working in First Floor.,Hostel
Generator backup failed in Second Floor.,Electrical
Plumbing problem in Room 204.,Maintenance
Fee payment portal not working in Admin Block.,Others
Bathroom is dirty in Room 204.,Hostel
Arduino board not detected in Room 101.,ECE
Water leaking from ceiling in Lab 1.,Maintenance
Bonafide certificate delayed in Admin Block.,Others
Scholarship not received in First Floor.,Others
No water supply in hostel in Lab 1.,Hostel
System is running very slow in Block B.,CSE
Printer not working in Second Floor.,CSE
Fan is not working in First Floor.,Electrical
Tap is leaking in Lab 1.,Maintenance
Generator backup failed in Block B.,Electrical
Power socket not working in Lab 1.,Electrical
Breadboard is damaged in Second Floor.,ECE
Dustbins are overflowing in Block B.,Cleaning
Library computer not working in Block B.,Library
Hostel room needs cleaning in Second Floor.,Hostel
Website login problem in Admin Block.,Others
Bus pass issue in Admin Block.,Others
Broken classroom bench in First Floor.,Maintenance
Digital trainer board failed in Second Floor.,ECE
Hostel WiFi not working in Block A.,Hostel
Book return portal not working in Admin Block.,Library
Lab equipment is faulty in Second Floor.,ECE
Signal generator issue in Lab 2.,ECE
Tube light not working in Room 101.,Electrical
Hostel room needs cleaning in Block B.,Hostel
Bus pass issue in Room 101.,Others
ID card not issued in Lab 1.,Others
Bonafide certificate delayed in Block B.,Others
Function generator faulty in Admin Block.,ECE
Power socket not working in Block B.,Electrical
Bad smell in corridor in Second Floor.,Cleaning
Fee payment portal not working in Room 101.,Others
Monitor display is blank in Lab 1.,CSE
Fan is not working in Second Floor.,Electrical
Hostel WiFi not working in Second Floor.,Hostel
Website login problem in Lab 1.,Others
Software installation required in Lab 2.,CSE
Drinking water cooler not working in Lab 2.,Hostel
Function generator faulty in Block A.,ECE
Required book is unavailable in Block A.,Library
Book return portal not working in Room 101.,Library
Mess food quality is poor in Admin Block.,Hostel
Dustbins are overflowing in Admin Block.,Cleaning
Window glass is broken in Block B.,Maintenance
Computer not starting in Block A.,CSE
Loose electrical wiring in Room 204.,Electrical
Computer not starting in Admin Block.,CSE
Website login problem in Admin Block.,Others
Staircase is dusty in Block A.,Cleaning
Washroom needs cleaning in Admin Block.,Cleaning
Arduino board not detected in Admin Block.,ECE
Fee payment portal not working in Room 101.,Others
Classroom is very dirty in Lab 1.,Cleaning
Fan is not working in Block B.,Electrical
Signal generator issue in Block B.,ECE
Bonafide certificate delayed in Room 204.,Others
Roof seepage issue in Admin Block.,Maintenance
Breadboard is damaged in Room 101.,ECE
Power socket not working in Room 204.,Electrical
Mess food quality is poor in Room 101.,Hostel
Hostel room needs cleaning in Lab 1.,Hostel
Campus area is dirty in Room 101.,Cleaning
Washroom needs cleaning in Room 101.,Cleaning
Hostel WiFi not working in Room 204.,Hostel
Website login problem in Block B.,Others
Scholarship not received in Room 204.,Others
Signal generator issue in Second Floor.,ECE
Dustbins are overflowing in Admin Block.,Cleaning
Power socket not working in Room 204.,Electrical
Library internet not working in Lab 2.,Library
Oscilloscope not working in Admin Block.,ECE
Lab equipment is faulty in Room 101.,ECE
Oscilloscope not working in Room 204.,ECE
Hostel WiFi not working in Block B.,Hostel
Library internet not working in Block A.,Library
Digital trainer board failed in Room 101.,ECE
Arduino board not detected in Block B.,ECE
Book return portal not working in Second Floor.,Library
Switch board is damaged in Room 204.,Electrical
Switch board is damaged in Block B.,Electrical
Power outage in classroom in Lab 1.,Electrical
Light is flickering in Room 204.,Electrical
Bad smell in corridor in Room 101.,Cleaning
Microcontroller kit not working in Block A.,ECE
Hall ticket not generated in Room 204.,Others
Book return portal not working in Room 204.,Library
Plumbing problem in Second Floor.,Maintenance
Oscilloscope not working in Lab 2.,ECE
Library AC not working in Second Floor.,Library
Window glass is broken in Admin Block.,Maintenance
Required book is unavailable in First Floor.,Library
Garbage not collected in Lab 2.,Cleaning
Room lock is broken in Block A.,Hostel
Function generator faulty in Second Floor.,ECE
Mouse is not responding in Block A.,CSE
Computer not starting in Second Floor.,CSE
Light is flickering in Room 204.,Electrical
Library AC not working in Lab 2.,Library
Scholarship not received in Block A.,Others
Power outage in classroom in Block B.,Electrical
Tap is leaking in Room 101.,Maintenance
Book return portal not working in Admin Block.,Library
Signal generator issue in Lab 1.,ECE
Washroom needs cleaning in Lab 2.,Cleaning
Broken classroom bench in Second Floor.,Maintenance
Insufficient seating in library in Lab 2.,Library
Digital trainer board failed in Lab 2.,ECE
Tube light not working in Second Floor.,Electrical
Light is flickering in Second Floor.,Electrical
Required book is unavailable in Second Floor.,Library
Switch board is damaged in Room 204.,Electrical
Classroom is very dirty in Second Floor.,Cleaning
Garbage not collected in Second Floor.,Cleaning
Signal generator issue in Block A.,ECE
Tap is leaking in Block A.,Maintenance
Campus area is dirty in Block B.,Cleaning
No water supply in hostel in Block A.,Hostel
Microcontroller kit not working in Room 101.,ECE
Digital trainer board failed in Admin Block.,ECE
Water leaking from ceiling in Second Floor.,Maintenance
Required book is unavailable in Room 101.,Library
Library internet not working in Block A.,Library
Signal generator issue in Lab 1.,ECE
Hostel WiFi not working in Room 204.,Hostel
Website login problem in Lab 2.,Others
Website login problem in Lab 2.,Others
Plumbing problem in Room 101.,Maintenance
Tap is leaking in Block B.,Maintenance
Website login problem in Second Floor.,Others
Switch board is damaged in Room 204.,Electrical
Power socket not working in Second Floor.,Electrical
Fee payment portal not working in Second Floor.,Others
Loose electrical wiring in Block B.,Electrical
Keyboard not working in Room 204.,CSE
Fan not working in hostel room in Room 101.,Hostel
Garbage not collected in Second Floor.,Cleaning
Staircase is dusty in Admin Block.,Cleaning
Drinking water cooler not working in First Floor.,Hostel
Floor needs mopping in Lab 2.,Cleaning
Bad smell in corridor in Room 204.,Cleaning
Computer not starting in Lab 2.,CSE
Dustbins are overflowing in First Floor.,Cleaning
Library computer not working in Block A.,Library
Bathroom is dirty in Room 204.,Hostel
Tap is leaking in Lab 2.,Maintenance
Classroom is very dirty in First Floor.,Cleaning
Website login problem in Block A.,Others
Hall ticket not generated in Admin Block.,Others
Insufficient seating in library in Admin Block.,Library
General enquiry not resolved in Admin Block.,Others
Insufficient seating in library in Room 101.,Library
No water supply in hostel in Room 204.,Hostel
Mouse is not responding in Second Floor.,CSE
Hostel room needs cleaning in Lab 2.,Hostel
Tap is leaking in Lab 1.,Maintenance
Water leaking from ceiling in Block B.,Maintenance
Mouse is not responding in Admin Block.,CSE
Function generator faulty in Lab 1.,ECE
Door lock is broken in Room 204.,Maintenance
Campus area is dirty in Room 101.,Cleaning
Mouse is not responding in Lab 2.,CSE
Window glass is broken in Second Floor.,Maintenance
Loose electrical wiring in Block B.,Electrical
Garbage not collected in Admin Block.,Cleaning
No water supply in hostel in Lab 1.,Hostel
System is running very slow in Second Floor.,CSE
Roof seepage issue in First Floor.,Maintenance
Dustbins are overflowing in Room 101.,Cleaning
Hostel WiFi not working in Block A.,Hostel
No water supply in hostel in Lab 1.,Hostel
Scholarship not received in Room 204.,Others
Microcontroller kit not working in Room 101.,ECE
System is running very slow in Room 101.,CSE
Staircase is dusty in Admin Block.,Cleaning
Room lock is broken in Lab 1.,Hostel
Website login problem in Room 204.,Others
Light is flickering in Admin Block.,Electrical
Microcontroller kit not working in Room 204.,ECE
Microcontroller kit not working in Lab 1.,ECE
Printer not working in Room 204.,CSE
Insufficient seating in library in Second Floor.,Library
Washroom needs cleaning in Lab 2.,Cleaning
Generator backup failed in Admin Block.,Electrical
Microcontroller kit not working in Lab 1.,ECE
Drinking water cooler not working in Block B.,Hostel
Tube light not working in Lab 1.,Electrical
Reading room is noisy in Block B.,Library
Library computer not working in Block B.,Library
Loose electrical wiring in First Floor.,Electrical
Floor needs mopping in Lab 2.,Cleaning
Insufficient seating in library in Admin Block.,Library
No water supply in hostel in Lab 2.,Hostel
Broken classroom bench in Room 204.,Maintenance
Power socket not working in Block B.,Electrical
Water leaking from ceiling in First Floor.,Maintenance
Software installation required in Room 101.,CSE
Book issue system not working in Lab 2.,Library
Bonafide certificate delayed in Block A.,Others
Function generator faulty in First Floor.,ECE
Generator backup failed in Lab 2.,Electrical
Generator backup failed in Room 204.,Electrical
Signal generator issue in Block A.,ECE
Loose electrical wiring in Room 101.,Electrical
Book issue system not working in Block B.,Library
Fan is not working in Second Floor.,Electrical
Internet not working in lab in Block B.,CSE
Website login problem in Lab 1.,Others
ID card not issued in Lab 2.,Others
Window glass is broken in Second Floor.,Maintenance
No water supply in hostel in Admin Block.,Hostel
Digital trainer board failed in Lab 1.,ECE
Generator backup failed in First Floor.,Electrical
Door lock is broken in Block B.,Maintenance
Breadboard is damaged in Room 101.,ECE
Oscilloscope not working in Lab 2.,ECE
Printer not working in Lab 2.,CSE
Wall has cracks in Room 204.,Maintenance
Water leaking from ceiling in Second Floor.,Maintenance
Fan is not working in Room 204.,Electrical
Bathroom is dirty in Lab 2.,Hostel
Roof seepage issue in Block B.,Maintenance
Oscilloscope not working in Room 101.,ECE
Floor needs mopping in Admin Block.,Cleaning
General enquiry not resolved in Block A.,Others
Software installation required in Block A.,CSE
Classroom is very dirty in Lab 1.,Cleaning
Loose electrical wiring in Block B.,Electrical
Scholarship not received in Room 101.,Others
Fan not working in hostel room in Block B.,Hostel
Library computer not working in Second Floor.,Library
Fan not working in hostel room in Lab 1.,Hostel
Required book is unavailable in Second Floor.,Library
Required book is unavailable in Room 101.,Library
Function generator faulty in Lab 2.,ECE
General enquiry not resolved in First Floor.,Others
Mess food quality is poor in Block B.,Hostel
Hall ticket not generated in Second Floor.,Others
Insufficient seating in library in Block A.,Library
Staircase is dusty in Room 101.,Cleaning
Software installation required in Block A.,CSE
Tube light not working in Lab 2.,Electrical
General enquiry not resolved in Lab 2.,Others
Fan not working in hostel room in Block A.,Hostel
Washroom needs cleaning in Block B.,Cleaning
Loose electrical wiring in Second Floor.,Electrical
Website login problem in First Floor.,Others
Window glass is broken in Admin Block.,Maintenance
Arduino board not detected in Room 204.,ECE
Water leaking from ceiling in Block A.,Maintenance
Door lock is broken in Room 204.,Maintenance
Library AC not working in Room 204.,Library
Tube light not working in Lab 1.,Electrical
Tap is leaking in Block B.,Maintenance
Floor needs mopping in Admin Block.,Cleaning
Water leaking from ceiling in Admin Block.,Maintenance
Dustbins are overflowing in Second Floor.,Cleaning
Fan not working in hostel room in Admin Block.,Hostel
Staircase is dusty in First Floor.,Cleaning
Bonafide certificate delayed in First Floor.,Others
Software installation required in Room 101.,CSE
Hall ticket not generated in Lab 2.,Others
Library AC not working in Lab 2.,Library
Fan not working in hostel room in Lab 1.,Hostel
Library internet not working in Room 204.,Library
Bathroom is dirty in Second Floor.,Hostel
Computer not starting in Lab 2.,CSE
Water leaking from ceiling in Admin Block.,Maintenance
Mess food quality is poor in Block B.,Hostel
Bad smell in corridor in Admin Block.,Cleaning
Floor needs mopping in Room 204.,Cleaning
Floor needs mopping in Lab 1.,Cleaning
Reading room is noisy in First Floor.,Library
Floor needs mopping in Block B.,Cleaning
Garbage not collected in Block A.,Cleaning
Scholarship not received in Block A.,Others
Keyboard not working in Admin Block.,CSE
Bad smell in corridor in Admin Block.,Cleaning
Software installation required in First Floor.,CSE
Lab equipment is faulty in Block B.,ECE
Generator backup failed in First Floor.,Electrical
Lab equipment is faulty in Room 101.,ECE
ID card not issued in Block B.,Others
Computer not starting in Lab 2.,CSE
Fan is not working in Second Floor.,Electrical
Internet not working in lab in Room 204.,CSE
Dustbins are overflowing in Room 204.,Cleaning
Bonafide certificate delayed in Block B.,Others
Window glass is broken in Block B.,Maintenance
Reading room is noisy in Lab 2.,Library
Loose electrical wiring in Room 204.,Electrical
ID card not issued in Block B.,Others
Washroom needs cleaning in Room 204.,Cleaning
Printer not working in Admin Block.,CSE
General enquiry not resolved in Block A.,Others
Internet not working in lab in Second Floor.,CSE
Breadboard is damaged in Block B.,ECE
No water supply in hostel in Lab 1.,Hostel
Hostel WiFi not working in First Floor.,Hostel
Computer not starting in First Floor.,CSE
Monitor display is blank in Admin Block.,CSE
Drinking water cooler not working in Second Floor.,Hostel
Book return portal not working in Block B.,Library
Signal generator issue in Lab 1.,ECE
Library AC not working in Admin Block.,Library
Computer not starting in Block A.,CSE
Broken classroom bench in Room 101.,Maintenance
Tap is leaking in Block B.,Maintenance
Internet not working in lab in Lab 2.,CSE
Broken classroom bench in Room 204.,Maintenance
Hostel room needs cleaning in Room 204.,Hostel
Water leaking from ceiling in Second Floor.,Maintenance
Fan not working in hostel room in Block A.,Hostel
Loose electrical wiring in First Floor.,Electrical
Floor needs mopping in Room 101.,Cleaning
Classroom is very dirty in Admin Block.,Cleaning
Library computer not working in Room 204.,Library
Bus pass issue in Second Floor.,Others
System is running very slow in Room 204.,CSE
No water supply in hostel in Room 101.,Hostel
Website login problem in Lab 1.,Others
Dustbins are overflowing in Admin Block.,Cleaning
Arduino board not detected in Room 101.,ECE
Loose electrical wiring in Block B.,Electrical
Printer not working in Second Floor.,CSE
Generator backup failed in Lab 1.,Electrical
Bad smell in corridor in Lab 2.,Cleaning
Computer not starting in Block B.,CSE
Microcontroller kit not working in Admin Block.,ECE
Campus area is dirty in Block A.,Cleaning
Scholarship not received in Block A.,Others
Required book is unavailable in Block A.,Library
Internet not working in lab in Second Floor.,CSE
Power socket not working in Room 101.,Electrical
Drinking water cooler not working in First Floor.,Hostel
Window glass is broken in First Floor.,Maintenance
Bad smell in corridor in Lab 2.,Cleaning
Insufficient seating in library in Admin Block.,Library
General enquiry not resolved in First Floor.,Others
Mouse is not responding in Block A.,CSE
Power outage in classroom in Second Floor.,Electrical
Website login problem in Room 101.,Others
Printer not working in First Floor.,CSE
Power outage in classroom in Block A.,Electrical
Digital trainer board failed in Lab 2.,ECE
Dustbins are overflowing in Lab 2.,Cleaning
Keyboard not working in Second Floor.,CSE
Scholarship not received in Block B.,Others
Garbage not collected in Block B.,Cleaning
Plumbing problem in Block A.,Maintenance
Plumbing problem in Lab 1.,Maintenance
Broken classroom bench in Admin Block.,Maintenance
Internet not working in lab in Room 204.,CSE
Wall has cracks in Room 204.,Maintenance
Fee payment portal not working in Lab 1.,Others
Room lock is broken in Lab 2.,Hostel
Water leaking from ceiling in Second Floor.,Maintenance
Roof seepage issue in Room 204.,Maintenance
Floor needs mopping in First Floor.,Cleaning
Drinking water cooler not working in First Floor.,Hostel
Breadboard is damaged in Second Floor.,ECE
Library AC not working in Lab 2.,Library
Library AC not working in Lab 1.,Library
Breadboard is damaged in Block B.,ECE
General enquiry not resolved in Admin Block.,Others
Website login problem in Block A.,Others
Scholarship not received in Block A.,Others
Door lock is broken in Block B.,Maintenance
Signal generator issue in Lab 1.,ECE
Function generator faulty in Second Floor.,ECE
Library computer not working in Room 204.,Library
Arduino board not detected in Block A.,ECE
Floor needs mopping in Lab 2.,Cleaning
Fan not working in hostel room in Room 204.,Hostel
Reading room is noisy in Lab 1.,Library
Website login problem in Block A.,Others
Bad smell in corridor in Lab 2.,Cleaning
Reading room is noisy in Block A.,Library
Function generator faulty in Block A.,ECE
Dustbins are overflowing in Room 204.,Cleaning
Dustbins are overflowing in Room 101.,Cleaning
Water leaking from ceiling in Block A.,Maintenance
Arduino board not detected in Block A.,ECE
Drinking water cooler not working in Room 101.,Hostel
Website login problem in Room 101.,Others
Hostel room needs cleaning in Block A.,Hostel
Plumbing problem in Block B.,Maintenance
Switch board is damaged in First Floor.,Electrical
Keyboard not working in First Floor.,CSE
Arduino board not detected in Admin Block.,ECE
Bad smell in corridor in Block A.,Cleaning
Scholarship not received in Admin Block.,Others
Washroom needs cleaning in Lab 1.,Cleaning
Signal generator issue in Block A.,ECE
Dustbins are overflowing in First Floor.,Cleaning
Arduino board not detected in Lab 1.,ECE
Hostel room needs cleaning in Admin Block.,Hostel
Bad smell in corridor in Room 101.,Cleaning
Hostel WiFi not working in Second Floor.,Hostel
Lab equipment is faulty in Block A.,ECE
No water supply in hostel in Room 204.,Hostel
Dustbins are overflowing in Room 204.,Cleaning
General enquiry not resolved in Lab 1.,Others
Power socket not working in Room 101.,Electrical
Monitor display is blank in Admin Block.,CSE
Water leaking from ceiling in Lab 2.,Maintenance
Generator backup failed in Lab 1.,Electrical
Bus pass issue in Block B.,Others
Book issue system not working in Lab 2.,Library
Computer not starting in Second Floor.,CSE
Internet not working in lab in Lab 2.,CSE
Fan is not working in Admin Block.,Electrical
Printer not working in Room 204.,CSE
Printer not working in Block A.,CSE
Power socket not working in Admin Block.,Electrical
ID card not issued in Room 204.,Others
Internet not working in lab in Lab 2.,CSE
Library internet not working in Block B.,Library
Microcontroller kit not working in Block B.,ECE
Tap is leaking in First Floor.,Maintenance
Power socket not working in Admin Block.,Electrical
No water supply in hostel in Room 101.,Hostel
Broken classroom bench in Block A.,Maintenance
Software installation required in Lab 2.,CSE
Insufficient seating in library in Block A.,Library
Staircase is dusty in Lab 1.,Cleaning
Generator backup failed in First Floor.,Electrical
Power socket not working in Room 204.,Electrical
Mess food quality is poor in Lab 1.,Hostel
Roof seepage issue in Room 204.,Maintenance
General enquiry not resolved in Room 204.,Others
Hall ticket not generated in Admin Block.,Others
Water leaking from ceiling in Room 204.,Maintenance
Reading room is noisy in Block B.,Library
Bonafide certificate delayed in Block B.,Others
Required book is unavailable in Room 204.,Library
Lab equipment is faulty in Room 204.,ECE
Tube light not working in Block B.,Electrical
Window glass is broken in Second Floor.,Maintenance
Library AC not working in First Floor.,Library
Bus pass issue in Second Floor.,Others
Hall ticket not generated in Lab 1.,Others
Broken classroom bench in Second Floor.,Maintenance
Staircase is dusty in Admin Block.,Cleaning
Plumbing problem in Block B.,Maintenance
Room lock is broken in Block A.,Hostel
Switch board is damaged in Block B.,Electrical
Microcontroller kit not working in Room 101.,ECE
Lab equipment is faulty in Lab 2.,ECE
Fee payment portal not working in First Floor.,Others
Garbage not collected in Lab 1.,Cleaning
Tap is leaking in Admin Block.,Maintenance
ID card not issued in Lab 1.,Others
Switch board is damaged in Block B.,Electrical
Floor needs mopping in Second Floor.,Cleaning
Digital trainer board failed in First Floor.,ECE
Arduino board not detected in Room 204.,ECE
Internet not working in lab in Room 204.,CSE
Fan not working in hostel room in Lab 2.,Hostel
Library computer not working in Block B.,Library
Wall has cracks in Lab 2.,Maintenance
Library AC not working in Lab 2.,Library
Light is flickering in Block A.,Electrical
Tap is leaking in Room 204.,Maintenance
System is running very slow in Room 101.,CSE
Classroom is very dirty in Lab 1.,Cleaning
Classroom is very dirty in Block A.,Cleaning
Room lock is broken in Room 101.,Hostel
Broken classroom bench in Admin Block.,Maintenance
Arduino board not detected in First Floor.,ECE
Garbage not collected in Block B.,Cleaning
Garbage not collected in Admin Block.,Cleaning
Breadboard is damaged in Lab 1.,ECE
System is running very slow in Lab 2.,CSE
Digital trainer board failed in Room 101.,ECE
Drinking water cooler not working in Second Floor.,Hostel
Function generator faulty in Lab 1.,ECE
Library computer not working in Block A.,Library
Broken classroom bench in Block A.,Maintenance
Bus pass issue in Block A.,Others
Book issue system not working in Block A.,Library
Microcontroller kit not working in Lab 1.,ECE
Water leaking from ceiling in Room 204.,Maintenance
Generator backup failed in Second Floor.,Electrical
Dustbins are overflowing in Lab 2.,Cleaning
Power socket not working in Lab 2.,Electrical
Book return portal not working in Block A.,Library
Required book is unavailable in Block A.,Library
Hall ticket not generated in Room 204.,Others
Washroom needs cleaning in Second Floor.,Cleaning
Bus pass issue in Lab 2.,Others
Campus area is dirty in Block B.,Cleaning
Bonafide certificate delayed in Lab 1.,Others
Drinking water cooler not working in Lab 2.,Hostel
Bad smell in corridor in Block A.,Cleaning
Switch board is damaged in First Floor.,Electrical
Library computer not working in Lab 1.,Library
Tube light not working in Block A.,Electrical
Room lock is broken in Second Floor.,Hostel
Staircase is dusty in Block A.,Cleaning
Book issue system not working in Room 101.,Library
Window glass is broken in Lab 2.,Maintenance
Microcontroller kit not working in Admin Block.,ECE
Power socket not working in Room 101.,Electrical
Light is flickering in Block B.,Electrical
Drinking water cooler not working in Admin Block.,Hostel
Lab equipment is faulty in First Floor.,ECE
Tube light not working in Room 204.,Electrical
Classroom is very dirty in First Floor.,Cleaning
Website login problem in Second Floor.,Others
Fan not working in hostel room in Admin Block.,Hostel
Oscilloscope not working in Room 204.,ECE
Lab equipment is faulty in Room 204.,ECE
Breadboard is damaged in Room 204.,ECE
Software installation required in Admin Block.,CSE
Mess food quality is poor in Lab 1.,Hostel
Lab equipment is faulty in Room 204.,ECE
Broken classroom bench in Lab 2.,Maintenance
Classroom is very dirty in Lab 2.,Cleaning
ID card not issued in Lab 1.,Others
Staircase is dusty in Room 101.,Cleaning
Monitor display is blank in Lab 2.,CSE
Monitor display is blank in Lab 2.,CSE
Fan not working in hostel room in Lab 1.,Hostel
Door lock is broken in Lab 2.,Maintenance
Oscilloscope not working in Room 204.,ECE
Water leaking from ceiling in Lab 2.,Maintenance
Mess food quality is poor in Room 101.,Hostel
Generator backup failed in Room 101.,Electrical
No water supply in hostel in Second Floor.,Hostel
ID card not issued in First Floor.,Others
Bonafide certificate delayed in Room 204.,Others
Microcontroller kit not working in First Floor.,ECE
Door lock is broken in Room 204.,Maintenance
Floor needs mopping in Second Floor.,Cleaning
Water leaking from ceiling in Lab 1.,Maintenance
Library computer not working in Block B.,Library
Loose electrical wiring in Room 101.,Electrical
Computer not starting in Second Floor.,CSE
Switch board is damaged in Second Floor.,Electrical
Wall has cracks in Second Floor.,Maintenance
Website login problem in Block B.,Others
Fan is not working in Lab 1.,Electrical
Tube light not working in Lab 2.,Electrical
Fee payment portal not working in Block A.,Others
Library computer not working in Block A.,Library
Bathroom is dirty in Room 204.,Hostel
Hostel room needs cleaning in Lab 2.,Hostel
Keyboard not working in Admin Block.,CSE
Floor needs mopping in Admin Block.,Cleaning
Hall ticket not generated in Block A.,Others
Hall ticket not generated in Admin Block.,Others
Function generator faulty in Second Floor.,ECE
Door lock is broken in Block B.,Maintenance
Fan is not working in Lab 1.,Electrical
Internet not working in lab in First Floor.,CSE
Bad smell in corridor in Admin Block.,Cleaning
Monitor display is blank in First Floor.,CSE
Power socket not working in Block B.,Electrical
Light is flickering in Second Floor.,Electrical
Staircase is dusty in Lab 2.,Cleaning
Bus pass issue in Lab 2.,Others
Function generator faulty in Lab 2.,ECE
Washroom needs cleaning in Lab 2.,Cleaning
Lab equipment is faulty in Admin Block.,ECE
Drinking water cooler not working in Block B.,Hostel
No water supply in hostel in Admin Block.,Hostel
Switch board is damaged in Room 101.,Electrical
Mouse is not responding in Room 101.,CSE
Hostel WiFi not working in Block A.,Hostel
Light is flickering in Block A.,Electrical
ID card not issued in Block B.,Others
Room lock is broken in Block B.,Hostel
Power socket not working in Block A.,Electrical
Switch board is damaged in Admin Block.,Electrical
Library computer not working in Room 204.,Library
Classroom is very dirty in Lab 1.,Cleaning
Fee payment portal not working in Room 101.,Others
Tube light not working in Admin Block.,Electrical
Insufficient seating in library in Lab 1.,Library
General enquiry not resolved in Lab 2.,Others
Library internet not working in Block A.,Library
Monitor display is blank in Lab 1.,CSE
Website login problem in Block B.,Others
Website login problem in Block A.,Others
Drinking water cooler not working in First Floor.,Hostel
Keyboard not working in Block A.,CSE
Fee payment portal not working in Room 101.,Others
Printer not working in Room 204.,CSE
Broken classroom bench in Lab 2.,Maintenance
Insufficient seating in library in Second Floor.,Library
Software installation required in Block B.,CSE
Broken classroom bench in Admin Block.,Maintenance
Fee payment portal not working in Lab 2.,Others
Plumbing problem in First Floor.,Maintenance
Tube light not working in Room 101.,Electrical
System is running very slow in Admin Block.,CSE
Scholarship not received in Block B.,Others
Broken classroom bench in Lab 2.,Maintenance
Breadboard is damaged in Block B.,ECE
Dustbins are overflowing in Lab 1.,Cleaning
Door lock is broken in Block B.,Maintenance
Reading room is noisy in Admin Block.,Library
No water supply in hostel in Second Floor.,Hostel
Loose electrical wiring in Block B.,Electrical
Website login problem in Second Floor.,Others
Mess food quality is poor in Admin Block.,Hostel
Room lock is broken in Block A.,Hostel
Plumbing problem in Block A.,Maintenance
Book issue system not working in Block B.,Library
Power outage in classroom in Lab 1.,Electrical
General enquiry not resolved in Room 101.,Others
Insufficient seating in library in Second Floor.,Library
Plumbing problem in First Floor.,Maintenance
Tap is leaking in Room 204.,Maintenance
Bus pass issue in Lab 2.,Others
Campus area is dirty in Admin Block.,Cleaning
Bad smell in corridor in Lab 2.,Cleaning
Website login problem in Block B.,Others
Water leaking from ceiling in Lab 1.,Maintenance
Hall ticket not generated in Admin Block.,Others
Internet not working in lab in Block B.,CSE
Roof seepage issue in First Floor.,Maintenance
Required book is unavailable in Admin Block.,Library
Library AC not working in First Floor.,Library
Arduino board not detected in Room 204.,ECE
Bad smell in corridor in Room 204.,Cleaning
Computer not starting in Lab 2.,CSE
Oscilloscope not working in Lab 1.,ECE
Reading room is noisy in First Floor.,Library
Bathroom is dirty in Block A.,Hostel
Library computer not working in Lab 1.,Library
Insufficient seating in library in Room 101.,Library
Window glass is broken in Room 204.,Maintenance
Washroom needs cleaning in Lab 1.,Cleaning
Keyboard not working in First Floor.,CSE
Bathroom is dirty in Second Floor.,Hostel
Required book is unavailable in Room 101.,Library
Insufficient seating in library in Block A.,Library
Fee payment portal not working in Block A.,Others
Required book is unavailable in First Floor.,Library
Room lock is broken in Lab 2.,Hostel
Broken classroom bench in Block A.,Maintenance
Generator backup failed in Lab 2.,Electrical
Digital trainer board failed in Room 204.,ECE
Book return portal not working in Room 204.,Library
Mess food quality is poor in Admin Block.,Hostel
Breadboard is damaged in Room 204.,ECE
Switch board is damaged in Block B.,Electrical
Hall ticket not generated in Second Floor.,Others
Hostel WiFi not working in Admin Block.,Hostel
General enquiry not resolved in Lab 1.,Others
Book issue system not working in Lab 1.,Library
No water supply in hostel in Lab 2.,Hostel
Window glass is broken in First Floor.,Maintenance
Window glass is broken in Lab 2.,Maintenance
Door lock is broken in Lab 1.,Maintenance
Switch board is damaged in Second Floor.,Electrical
Library internet not working in Lab 1.,Library
Room lock is broken in Room 204.,Hostel
Window glass is broken in Room 101.,Maintenance
Roof seepage issue in Second Floor.,Maintenance
Signal generator issue in Block B.,ECE
Monitor display is blank in Lab 1.,CSE
Campus area is dirty in Admin Block.,Cleaning
Lab equipment is faulty in First Floor.,ECE
Power outage in classroom in First Floor.,Electrical
Library computer not working in Room 204.,Library
Computer not starting in Lab 1.,CSE
Garbage not collected in Room 101.,Cleaning
Loose electrical wiring in Room 101.,Electrical
Switch board is damaged in First Floor.,Electrical
Classroom is very dirty in Lab 2.,Cleaning
Door lock is broken in Block B.,Maintenance
Broken classroom bench in Lab 1.,Maintenance
Insufficient seating in library in Room 204.,Library
Library internet not working in Second Floor.,Library
Dustbins are overflowing in Block A.,Cleaning
Monitor display is blank in Admin Block.,CSE
Internet not working in lab in Lab 1.,CSE
Roof seepage issue in First Floor.,Maintenance
Mess food quality is poor in Room 101.,Hostel
Signal generator issue in Block B.,ECE
No water supply in hostel in Lab 2.,Hostel
Bus pass issue in Lab 1.,Others
Plumbing problem in Second Floor.,Maintenance
Library AC not working in Room 204.,Library
Bus pass issue in Room 101.,Others
Plumbing problem in Block A.,Maintenance
Power outage in classroom in Second Floor.,Electrical
Tap is leaking in Lab 1.,Maintenance
Bonafide certificate delayed in Lab 2.,Others
Required book is unavailable in Room 101.,Library
Power socket not working in Room 204.,Electrical
Water leaking from ceiling in Block B.,Maintenance
Dustbins are overflowing in Second Floor.,Cleaning
Door lock is broken in Admin Block.,Maintenance
Bad smell in corridor in Lab 1.,Cleaning
Internet not working in lab in Lab 2.,CSE
Oscilloscope not working in Block A.,ECE
Printer not working in Lab 1.,CSE
Website login problem in First Floor.,Others
Floor needs mopping in Second Floor.,Cleaning
Book issue system not working in Block A.,Library
Breadboard is damaged in Lab 2.,ECE
Monitor display is blank in Block B.,CSE
Bathroom is dirty in Second Floor.,Hostel
Monitor display is blank in Block B.,CSE
Campus area is dirty in First Floor.,Cleaning
ID card not issued in First Floor.,Others
Monitor display is blank in Lab 2.,CSE
Insufficient seating in library in Admin Block.,Library
Internet not working in lab in Room 101.,CSE
Hall ticket not generated in Lab 1.,Others
Tube light not working in Admin Block.,Electrical
Plumbing problem in Admin Block.,Maintenance
Printer not working in First Floor.,CSE
Washroom needs cleaning in Second Floor.,Cleaning
No water supply in hostel in Lab 1.,Hostel
General enquiry not resolved in Lab 2.,Others
Printer not working in Room 204.,CSE
Door lock is broken in Second Floor.,Maintenance
Door lock is broken in Block B.,Maintenance
Digital trainer board failed in Lab 1.,ECE
Bus pass issue in Block B.,Others
Power socket not working in Room 204.,Electrical
Arduino board not detected in Room 101.,ECE
Washroom needs cleaning in Block A.,Cleaning
Monitor display is blank in Room 101.,CSE
Library AC not working in First Floor.,Library
Insufficient seating in library in Room 204.,Library
Internet not working in lab in Block A.,CSE
Software installation required in Room 204.,CSE
Mess food quality is poor in Second Floor.,Hostel
Monitor display is blank in Second Floor.,CSE
Internet not working in lab in Room 101.,CSE
Library internet not working in Block B.,Library
Door lock is broken in Lab 1.,Maintenance
Signal generator issue in Second Floor.,ECE
Tube light not working in Block B.,Electrical
No water supply in hostel in Admin Block.,Hostel
Hostel WiFi not working in Block B.,Hostel
Oscilloscope not working in Lab 2.,ECE
Loose electrical wiring in Block B.,Electrical
ID card not issued in Block B.,Others
Reading room is noisy in Room 204.,Library
Arduino board not detected in Room 204.,ECE
Fee payment portal not working in Room 101.,Others
Window glass is broken in Block A.,Maintenance
ID card not issued in Admin Block.,Others
Signal generator issue in Block A.,ECE
Mouse is not responding in Lab 2.,CSE
Power outage in classroom in Admin Block.,Electrical
Mess food quality is poor in Room 101.,Hostel
Signal generator issue in Admin Block.,ECE
Light is flickering in Block A.,Electrical
Lab equipment is faulty in Second Floor.,ECE
Signal generator issue in Room 204.,ECE
Library AC not working in First Floor.,Library
Power outage in classroom in Room 101.,Electrical
Fan not working in hostel room in First Floor.,Hostel
Digital trainer board failed in Block A.,ECE
Internet not working in lab in Block B.,CSE
Campus area is dirty in Block A.,Cleaning
Signal generator issue in Room 204.,ECE
Generator backup failed in Block B.,Electrical
System is running very slow in Second Floor.,CSE
Software installation required in Second Floor.,CSE
Washroom needs cleaning in First Floor.,Cleaning
Hostel room needs cleaning in Admin Block.,Hostel
Floor needs mopping in Admin Block.,Cleaning
Fan not working in hostel room in Block B.,Hostel
Generator backup failed in Lab 1.,Electrical
Tap is leaking in Admin Block.,Maintenance
Library AC not working in Lab 2.,Library
Hall ticket not generated in Block A.,Others
Monitor display is blank in Lab 1.,CSE
Tap is leaking in Room 101.,Maintenance
Microcontroller kit not working in Room 101.,ECE
Campus area is dirty in Admin Block.,Cleaning
Software installation required in Block A.,CSE
Mess food quality is poor in Admin Block.,Hostel
Monitor display is blank in Second Floor.,CSE
Oscilloscope not working in Room 101.,ECE
Tap is leaking in Lab 2.,Maintenance
Required book is unavailable in Lab 2.,Library
System is running very slow in Room 101.,CSE
ID card not issued in Block B.,Others
Mouse is not responding in First Floor.,CSE
Signal generator issue in Lab 1.,ECE
Drinking water cooler not working in Block A.,Hostel
Signal generator issue in Room 101.,ECE
Library AC not working in First Floor.,Library
Book issue system not working in Second Floor.,Library
Tube light not working in Room 101.,Electrical
Fan not working in hostel room in First Floor.,Hostel
Oscilloscope not working in Room 204.,ECE
Bonafide certificate delayed in Second Floor.,Others
Function generator faulty in Room 101.,ECE
Fan is not working in Room 204.,Electrical
Plumbing problem in Block A.,Maintenance
Generator backup failed in Block A.,Electrical
Computer not starting in Second Floor.,CSE
No water supply in hostel in Block B.,Hostel
Dustbins are overflowing in Admin Block.,Cleaning
Computer not starting in Lab 2.,CSE
Bathroom is dirty in Room 204.,Hostel
Computer not starting in Room 204.,CSE
System is running very slow in Block A.,CSE
Required book is unavailable in Lab 2.,Library
Website login problem in Room 101.,Others
Room lock is broken in Room 101.,Hostel
Website login problem in Second Floor.,Others
Tube light not working in Admin Block.,Electrical
No water supply in hostel in Block A.,Hostel
Printer not working in Block B.,CSE
Garbage not collected in Room 204.,Cleaning
Water leaking from ceiling in First Floor.,Maintenance
Printer not working in Second Floor.,CSE
Campus area is dirty in Lab 1.,Cleaning
Monitor display is blank in Lab 1.,CSE
Mess food quality is poor in Block B.,Hostel
No water supply in hostel in Block B.,Hostel
Internet not working in lab in Admin Block.,CSE
Loose electrical wiring in Block B.,Electrical
ID card not issued in First Floor.,Others
Oscilloscope not working in First Floor.,ECE
Switch board is damaged in Room 204.,Electrical
Book return portal not working in Second Floor.,Library
Digital trainer board failed in Room 101.,ECE
Staircase is dusty in Room 204.,Cleaning
Fan not working in hostel room in Second Floor.,Hostel
Monitor display is blank in Admin Block.,CSE
Required book is unavailable in First Floor.,Library
Hostel WiFi not working in Room 101.,Hostel
Bathroom is dirty in Room 101.,Hostel
Insufficient seating in library in Room 204.,Library
Hall ticket not generated in Block A.,Others
Computer not starting in Room 101.,CSE
Hostel room needs cleaning in Lab 2.,Hostel
Bathroom is dirty in Block A.,Hostel
Dustbins are overflowing in Room 204.,Cleaning
Staircase is dusty in Admin Block.,Cleaning
Library internet not working in Room 101.,Library
Signal generator issue in Lab 2.,ECE
Hall ticket not generated in Room 204.,Others
Classroom is very dirty in Admin Block.,Cleaning
ID card not issued in Admin Block.,Others
No water supply in hostel in Admin Block.,Hostel
Arduino board not detected in First Floor.,ECE
Room lock is broken in Block A.,Hostel
Water leaking from ceiling in First Floor.,Maintenance
Bathroom is dirty in Second Floor.,Hostel
Library computer not working in Lab 1.,Library
Mess food quality is poor in Room 204.,Hostel
Tube light not working in Block A.,Electrical
Bonafide certificate delayed in First Floor.,Others
Plumbing problem in First Floor.,Maintenance
Book issue system not working in Lab 1.,Library
Plumbing problem in Block A.,Maintenance
Tube light not working in First Floor.,Electrical
Library AC not working in Second Floor.,Library
Signal generator issue in Block A.,ECE
Roof seepage issue in Second Floor.,Maintenance
Tap is leaking in Lab 1.,Maintenance
Loose electrical wiring in Admin Block.,Electrical
Light is flickering in Lab 2.,Electrical
Garbage not collected in Admin Block.,Cleaning
System is running very slow in Block B.,CSE
System is running very slow in Admin Block.,CSE
Signal generator issue in Block A.,ECE
Tube light not working in Room 101.,Electrical
Mess food quality is poor in Block A.,Hostel
Website login problem in Admin Block.,Others
Fee payment portal not working in Lab 1.,Others
Breadboard is damaged in Room 204.,ECE
Breadboard is damaged in Room 101.,ECE
Power socket not working in First Floor.,Electrical
ID card not issued in Block B.,Others
Hall ticket not generated in Admin Block.,Others
Book return portal not working in Second Floor.,Library
Campus area is dirty in First Floor.,Cleaning
Switch board is damaged in Lab 2.,Electrical
System is running very slow in Room 204.,CSE
Hostel room needs cleaning in Lab 1.,Hostel
Internet not working in lab in Block A.,CSE
Window glass is broken in Second Floor.,Maintenance
Hall ticket not generated in Lab 1.,Others
Classroom is very dirty in Block A.,Cleaning
Function generator faulty in Room 204.,ECE
Breadboard is damaged in Lab 2.,ECE
Computer not starting in Lab 1.,CSE
Printer not working in Lab 1.,CSE
Book return portal not working in Block B.,Library
Microcontroller kit not working in Block B.,ECE
Bad smell in corridor in Room 101.,Cleaning
Computer not starting in Room 101.,CSE
Wall has cracks in Block B.,Maintenance
Water leaking from ceiling in Block B.,Maintenance
Scholarship not received in First Floor.,Others
Generator backup failed in Block A.,Electrical
Bad smell in corridor in Room 101.,Cleaning
Monitor display is blank in Lab 2.,CSE
Bonafide certificate delayed in Lab 1.,Others
Broken classroom bench in Room 101.,Maintenance
Bad smell in corridor in Lab 1.,Cleaning
Loose electrical wiring in Room 101.,Electrical
ID card not issued in Lab 2.,Others
Mess food quality is poor in Block B.,Hostel
Lab equipment is faulty in Block A.,ECE
Roof seepage issue in Second Floor.,Maintenance
Fan not working in hostel room in Lab 1.,Hostel
Fan is not working in Block B.,Electrical
Roof seepage issue in Block A.,Maintenance
Mess food quality is poor in Block A.,Hostel
Internet not working in lab in Lab 2.,CSE
Wall has cracks in First Floor.,Maintenance
Library computer not working in First Floor.,Library
Library internet not working in Second Floor.,Library
Drinking water cooler not working in Second Floor.,Hostel
Required book is unavailable in Room 204.,Library
Plumbing problem in Block A.,Maintenance
No water supply in hostel in Room 101.,Hostel
Loose electrical wiring in Room 101.,Electrical
Breadboard is damaged in Block B.,ECE
Staircase is dusty in Block B.,Cleaning
Breadboard is damaged in Block B.,ECE
Book issue system not working in Second Floor.,Library
Bad smell in corridor in Block A.,Cleaning
Door lock is broken in First Floor.,Maintenance
Fee payment portal not working in Room 101.,Others
Floor needs mopping in Block B.,Cleaning
Oscilloscope not working in Lab 2.,ECE
Power outage in classroom in Second Floor.,Electrical
General enquiry not resolved in Room 204.,Others
Website login problem in Room 101.,Others
Oscilloscope not working in Room 204.,ECE
Tap is leaking in Second Floor.,Maintenance
Insufficient seating in library in Room 204.,Library
Broken classroom bench in Admin Block.,Maintenance
Garbage not collected in Second Floor.,Cleaning
Classroom is very dirty in Block B.,Cleaning
Dustbins are overflowing in Block B.,Cleaning
Tap is leaking in Lab 2.,Maintenance
Software installation required in Room 101.,CSE
Library AC not working in Room 204.,Library
Power outage in classroom in First Floor.,Electrical
Loose electrical wiring in Block A.,Electrical
Lab equipment is faulty in Block B.,ECE
Hall ticket not generated in First Floor.,Others
Door lock is broken in First Floor.,Maintenance
Water leaking from ceiling in Admin Block.,Maintenance
Tap is leaking in Admin Block.,Maintenance
Washroom needs cleaning in Room 204.,Cleaning
Bathroom is dirty in First Floor.,Hostel
Monitor display is blank in Block B.,CSE
Plumbing problem in Block A.,Maintenance
Function generator faulty in Room 204.,ECE
Room lock is broken in Block A.,Hostel
Washroom needs cleaning in Lab 1.,Cleaning
Washroom needs cleaning in Admin Block.,Cleaning
Water leaking from ceiling in Lab 1.,Maintenance
Fan is not working in Room 204.,Electrical
Monitor display is blank in Room 101.,CSE
Roof seepage issue in Block B.,Maintenance
Keyboard not working in Lab 2.,CSE
Campus area is dirty in Lab 2.,Cleaning
Tap is leaking in Room 101.,Maintenance
Microcontroller kit not working in Room 204.,ECE
Fan not working in hostel room in Lab 1.,Hostel
Fee payment portal not working in Room 204.,Others
Power outage in classroom in Block A.,Electrical
Power outage in classroom in Lab 2.,Electrical
Printer not working in Lab 1.,CSE
Bathroom is dirty in Block B.,Hostel
Hostel room needs cleaning in First Floor.,Hostel
Room lock is broken in Second Floor.,Hostel
Library internet not working in Block B.,Library
Fan is not working in Block B.,Electrical
Insufficient seating in library in Admin Block.,Library
Water leaking from ceiling in Room 101.,Maintenance
Power socket not working in Room 204.,Electrical
Broken classroom bench in Room 101.,Maintenance
Mouse is not responding in Room 101.,CSE
Keyboard not working in Block B.,CSE
Power outage in classroom in Lab 2.,Electrical
Bathroom is dirty in Lab 2.,Hostel
No water supply in hostel in Second Floor.,Hostel
Book issue system not working in Room 101.,Library
Fee payment portal not working in Second Floor.,Others
Hostel WiFi not working in Room 101.,Hostel
Digital trainer board failed in Block B.,ECE
Mess food quality is poor in Lab 2.,Hostel
Breadboard is damaged in Block A.,ECE
Mouse is not responding in Block A.,CSE
Campus area is dirty in Second Floor.,Cleaning
Function generator faulty in First Floor.,ECE
General enquiry not resolved in Lab 1.,Others
Mouse is not responding in Second Floor.,CSE
Tap is leaking in Lab 1.,Maintenance
Floor needs mopping in Room 204.,Cleaning
Function generator faulty in Room 204.,ECE
Classroom is very dirty in Room 204.,Cleaning
Monitor display is blank in Admin Block.,CSE
Loose electrical wiring in Room 204.,Electrical
Washroom needs cleaning in Lab 1.,Cleaning
Digital trainer board failed in Lab 2.,ECE
Classroom is very dirty in First Floor.,Cleaning
Breadboard is damaged in Second Floor.,ECE
Mess food quality is poor in Room 204.,Hostel
Dustbins are overflowing in First Floor.,Cleaning
Bonafide certificate delayed in Room 101.,Others
Function generator faulty in Second Floor.,ECE
Software installation required in Room 204.,CSE
Tube light not working in Second Floor.,Electrical
General enquiry not resolved in Admin Block.,Others
Library AC not working in Room 204.,Library
Loose electrical wiring in First Floor.,Electrical
No water supply in hostel in Admin Block.,Hostel
Computer not starting in Second Floor.,CSE
Plumbing problem in Room 101.,Maintenance
General enquiry not resolved in Second Floor.,Others
Water leaking from ceiling in Block B.,Maintenance
Fan not working in hostel room in Lab 2.,Hostel
Tube light not working in Room 204.,Electrical
Window glass is broken in Room 204.,Maintenance
Signal generator issue in Lab 1.,ECE
Library internet not working in Second Floor.,Library
Broken classroom bench in First Floor.,Maintenance
Hostel room needs cleaning in Admin Block.,Hostel
Broken classroom bench in Admin Block.,Maintenance
Light is flickering in First Floor.,Electrical
Digital trainer board failed in Lab 2.,ECE
Power socket not working in Room 101.,Electrical
Internet not working in lab in Second Floor.,CSE
Digital trainer board failed in Room 204.,ECE
Garbage not collected in Lab 2.,Cleaning
Bad smell in corridor in Lab 2.,Cleaning
Plumbing problem in Room 204.,Maintenance
Fan not working in hostel room in Admin Block.,Hostel
Drinking water cooler not working in Block A.,Hostel
Monitor display is blank in First Floor.,CSE
Printer not working in Room 101.,CSE
Staircase is dusty in Second Floor.,Cleaning
Digital trainer board failed in Block A.,ECE
Bonafide certificate delayed in Lab 1.,Others
Library computer not working in First Floor.,Library
Switch board is damaged in First Floor.,Electrical
Hall ticket not generated in Lab 2.,Others
Loose electrical wiring in Admin Block.,Electrical
Staircase is dusty in Lab 1.,Cleaning
Signal generator issue in Lab 1.,ECE
Light is flickering in Second Floor.,Electrical
Computer not starting in Room 204.,CSE
Door lock is broken in Admin Block.,Maintenance
Bathroom is dirty in Admin Block.,Hostel
Scholarship not received in Lab 1.,Others
Mouse is not responding in Lab 2.,CSE
System is running very slow in Lab 2.,CSE
Window glass is broken in Admin Block.,Maintenance
Drinking water cooler not working in Block B.,Hostel
Oscilloscope not working in Lab 2.,ECE
Broken classroom bench in Room 101.,Maintenance
Lab equipment is faulty in Room 204.,ECE
Generator backup failed in Lab 1.,Electrical
Loose electrical wiring in Admin Block.,Electrical
Roof seepage issue in Second Floor.,Maintenance
Fee payment portal not working in First Floor.,Others
Scholarship not received in Second Floor.,Others
Bonafide certificate delayed in Lab 1.,Others
Fan not working in hostel room in Block B.,Hostel
Monitor display is blank in Block A.,CSE
Drinking water cooler not working in Block B.,Hostel
Keyboard not working in Lab 1.,CSE
Bad smell in corridor in Block B.,Cleaning
Plumbing problem in Block B.,Maintenance
Room lock is broken in Lab 2.,Hostel
Bad smell in corridor in Block B.,Cleaning
No water supply in hostel in Block B.,Hostel
Monitor display is blank in Admin Block.,CSE
Book issue system not working in Block B.,Library
Hall ticket not generated in Block B.,Others
Power outage in classroom in Room 101.,Electrical
Lab equipment is faulty in Lab 1.,ECE
Scholarship not received in Room 101.,Others
Campus area is dirty in Block A.,Cleaning
Floor needs mopping in Lab 2.,Cleaning
Light is flickering in Block A.,Electrical
Roof seepage issue in First Floor.,Maintenance
Staircase is dusty in Room 101.,Cleaning
Classroom is very dirty in Lab 1.,Cleaning
Bus pass issue in Block A.,Others
Book issue system not working in First Floor.,Library
General enquiry not resolved in Lab 2.,Others
Signal generator issue in Block B.,ECE
Library AC not working in Block B.,Library
Website login problem in Lab 2.,Others
Digital trainer board failed in Room 204.,ECE
Generator backup failed in Block B.,Electrical
Oscilloscope not working in Room 204.,ECE
Mess food quality is poor in Block A.,Hostel
Lab equipment is faulty in Room 101.,ECE
Oscilloscope not working in Lab 2.,ECE
Door lock is broken in Lab 1.,Maintenance
Internet not working in lab in Block A.,CSE
Staircase is dusty in Room 101.,Cleaning
Library AC not working in Room 204.,Library
Classroom is very dirty in Lab 1.,Cleaning
Bus pass issue in Second Floor.,Others
Campus area is dirty in Lab 2.,Cleaning
Dustbins are overflowing in Block B.,Cleaning
Garbage not collected in Room 101.,Cleaning
Book issue system not working in Block B.,Library
Classroom is very dirty in Admin Block.,Cleaning
Drinking water cooler not working in Room 101.,Hostel
Water leaking from ceiling in Room 204.,Maintenance
Scholarship not received in Admin Block.,Others
Washroom needs cleaning in Room 101.,Cleaning
Mess food quality is poor in Lab 2.,Hostel
Printer not working in Admin Block.,CSE
Door lock is broken in Room 101.,Maintenance
System is running very slow in First Floor.,CSE
Loose electrical wiring in Lab 1.,Electrical
Printer not working in Room 101.,CSE
Library internet not working in Lab 1.,Library
Library computer not working in Block B.,Library
General enquiry not resolved in First Floor.,Others
Fan is not working in Lab 1.,Electrical
Loose electrical wiring in First Floor.,Electrical
Bathroom is dirty in Lab 2.,Hostel
Power outage in classroom in First Floor.,Electrical
Internet not working in lab in Block A.,CSE
Library computer not working in Lab 1.,Library
Bus pass issue in Room 204.,Others
Tap is leaking in Room 101.,Maintenance
Reading room is noisy in Admin Block.,Library
Arduino board not detected in Block B.,ECE
Light is flickering in Second Floor.,Electrical
Oscilloscope not working in Admin Block.,ECE
Reading room is noisy in Room 101.,Library
Plumbing problem in First Floor.,Maintenance
Signal generator issue in First Floor.,ECE
Fan is not working in Block A.,Electrical
Broken classroom bench in Block A.,Maintenance
Mouse is not responding in Lab 1.,CSE
Digital trainer board failed in Block B.,ECE
Tap is leaking in Admin Block.,Maintenance
Bad smell in corridor in Block A.,Cleaning
Website login problem in Admin Block.,Others
Broken classroom bench in First Floor.,Maintenance
Bus pass issue in First Floor.,Others
Microcontroller kit not working in Block A.,ECE
No water supply in hostel in Second Floor.,Hostel
Required book is unavailable in Block B.,Library
Required book is unavailable in First Floor.,Library
Breadboard is damaged in Admin Block.,ECE
Lab equipment is faulty in Second Floor.,ECE
Water leaking from ceiling in Admin Block.,Maintenance
Library internet not working in Admin Block.,Library
Power socket not working in Admin Block.,Electrical
Keyboard not working in Block A.,CSE
Hostel WiFi not working in Lab 2.,Hostel
Required book is unavailable in First Floor.,Library
Loose electrical wiring in Room 101.,Electrical
Required book is unavailable in First Floor.,Library
Hostel WiFi not working in First Floor.,Hostel
Signal generator issue in Room 101.,ECE
General enquiry not resolved in Lab 1.,Others
Loose electrical wiring in Room 204.,Electrical
Book issue system not working in Admin Block.,Library
Wall has cracks in Lab 2.,Maintenance
General enquiry not resolved in Room 204.,Others
Door lock is broken in Lab 1.,Maintenance
Light is flickering in First Floor.,Electrical
Software installation required in Room 101.,CSE
Hostel room needs cleaning in Lab 2.,Hostel
Software installation required in Lab 1.,CSE
Software installation required in Lab 2.,CSE
Switch board is damaged in Lab 2.,Electrical
Tube light not working in Second Floor.,Electrical
Website login problem in Room 204.,Others
Fan not working in hostel room in Second Floor.,Hostel
General enquiry not resolved in Lab 2.,Others
Fee payment portal not working in Room 204.,Others
Keyboard not working in Block B.,CSE
Floor needs mopping in Block B.,Cleaning
Hostel room needs cleaning in First Floor.,Hostel
No water supply in hostel in Lab 2.,Hostel
Required book is unavailable in Admin Block.,Library
Drinking water cooler not working in First Floor.,Hostel
Printer not working in First Floor.,CSE
Printer not working in Lab 1.,CSE
Room lock is broken in Room 204.,Hostel
Mess food quality is poor in Block A.,Hostel
General enquiry not resolved in Room 101.,Others
Arduino board not detected in Second Floor.,ECE
Monitor display is blank in Block A.,CSE
No water supply in hostel in Admin Block.,Hostel
Fee payment portal not working in Lab 1.,Others
Bad smell in corridor in Block A.,Cleaning
Fan is not working in Block B.,Electrical
Door lock is broken in Lab 1.,Maintenance
Bus pass issue in Block B.,Others
Monitor display is blank in Block B.,CSE
Microcontroller kit not working in Room 204.,ECE
Signal generator issue in Block A.,ECE
Microcontroller kit not working in Admin Block.,ECE
No water supply in hostel in Lab 2.,Hostel
Classroom is very dirty in Lab 2.,Cleaning
Library internet not working in Room 101.,Library
Library computer not working in Lab 2.,Library
Book issue system not working in First Floor.,Library
Dustbins are overflowing in First Floor.,Cleaning
Scholarship not received in Admin Block.,Others
Library computer not working in Second Floor.,Library
Washroom needs cleaning in Block B.,Cleaning
Mouse is not responding in Block B.,CSE
Campus area is dirty in Block A.,Cleaning
Keyboard not working in Lab 2.,CSE
Classroom is very dirty in Block A.,Cleaning
Tube light not working in Second Floor.,Electrical
Hostel WiFi not working in Lab 1.,Hostel
Book issue system not working in Admin Block.,Library
Oscilloscope not working in Admin Block.,ECE
Internet not working in lab in Room 204.,CSE
Washroom needs cleaning in Block A.,Cleaning
Hostel room needs cleaning in Lab 2.,Hostel
Library internet not working in Admin Block.,Library
Switch board is damaged in Admin Block.,Electrical
Library computer not working in Lab 2.,Library
Hostel room needs cleaning in Admin Block.,Hostel
Tube light not working in Lab 1.,Electrical
Fee payment portal not working in Block A.,Others
Insufficient seating in library in Room 101.,Library
Insufficient seating in library in Lab 2.,Library
Software installation required in Room 204.,CSE
Digital trainer board failed in Room 101.,ECE
Garbage not collected in Admin Block.,Cleaning
Fan not working in hostel room in Second Floor.,Hostel
Oscilloscope not working in Second Floor.,ECE
Library AC not working in Admin Block.,Library
Reading room is noisy in Block A.,Library
Loose electrical wiring in Second Floor.,Electrical
Tap is leaking in Lab 2.,Maintenance
Fee payment portal not working in Room 101.,Others
Hostel room needs cleaning in Block B.,Hostel
Fee payment portal not working in Lab 2.,Others
ID card not issued in Block A.,Others
Broken classroom bench in Room 204.,Maintenance
Classroom is very dirty in Second Floor.,Cleaning
Scholarship not received in Second Floor.,Others
Classroom is very dirty in Room 204.,Cleaning
Printer not working in First Floor.,CSE
Bus pass issue in Room 204.,Others
Digital trainer board failed in Admin Block.,ECE
Digital trainer board failed in Lab 1.,ECE
Required book is unavailable in Block B.,Library
Generator backup failed in Admin Block.,Electrical
Broken classroom bench in Room 101.,Maintenance
Digital trainer board failed in Admin Block.,ECE
Wall has cracks in Block B.,Maintenance
System is running very slow in Block A.,CSE
Microcontroller kit not working in Block A.,ECE
Oscilloscope not working in Block B.,ECE
Bus pass issue in Room 101.,Others
Library AC not working in Lab 1.,Library
Staircase is dusty in Lab 1.,Cleaning
Dustbins are overflowing in Room 101.,Cleaning
Book issue system not working in Second Floor.,Library
Function generator faulty in Block B.,ECE
General enquiry not resolved in Admin Block.,Others
General enquiry not resolved in Room 204.,Others
Roof seepage issue in Block A.,Maintenance
Insufficient seating in library in Admin Block.,Library
Printer not working in Room 204.,CSE
Hostel room needs cleaning in Block B.,Hostel
Signal generator issue in Room 101.,ECE
Washroom needs cleaning in Room 101.,Cleaning
Light is flickering in Lab 2.,Electrical
Hall ticket not generated in Admin Block.,Others
Washroom needs cleaning in Room 101.,Cleaning
Power outage in classroom in Room 101.,Electrical
Digital trainer board failed in Second Floor.,ECE
Washroom needs cleaning in Admin Block.,Cleaning
Drinking water cooler not working in Room 101.,Hostel
Oscilloscope not working in Room 204.,ECE
Roof seepage issue in Lab 2.,Maintenance
Reading room is noisy in Lab 1.,Library
Power socket not working in Second Floor.,Electrical
Dustbins are overflowing in Block A.,Cleaning
Required book is unavailable in Lab 1.,Library
Campus area is dirty in Room 204.,Cleaning
Water leaking from ceiling in Lab 2.,Maintenance
Loose electrical wiring in Block B.,Electrical
Plumbing problem in Room 101.,Maintenance
Website login problem in First Floor.,Others
Digital trainer board failed in Lab 1.,ECE
Hall ticket not generated in Block B.,Others
No water supply in hostel in Lab 1.,Hostel
Bus pass issue in First Floor.,Others
Floor needs mopping in Room 204.,Cleaning
Drinking water cooler not working in Lab 1.,Hostel
System is running very slow in Second Floor.,CSE
Campus area is dirty in First Floor.,Cleaning
Tap is leaking in Room 101.,Maintenance
Mouse is not responding in Lab 1.,CSE
Drinking water cooler not working in Room 101.,Hostel
Door lock is broken in Lab 2.,Maintenance
Room lock is broken in First Floor.,Hostel
Wall has cracks in Room 101.,Maintenance
Washroom needs cleaning in First Floor.,Cleaning
Garbage not collected in Admin Block.,Cleaning
Library AC not working in Block B.,Library
Insufficient seating in library in Block B.,Library
Digital trainer board failed in First Floor.,ECE
Printer not working in Lab 1.,CSE
Garbage not collected in Block A.,Cleaning
System is running very slow in Lab 1.,CSE
No water supply in hostel in Second Floor.,Hostel
Staircase is dusty in Block A.,Cleaning
Fan is not working in Room 204.,Electrical
Tube light not working in Lab 1.,Electrical
Hostel room needs cleaning in Block A.,Hostel
Staircase is dusty in Second Floor.,Cleaning
Book return portal not working in Admin Block.,Library
Tube light not working in Lab 2.,Electrical
Floor needs mopping in First Floor.,Cleaning
Digital trainer board failed in Second Floor.,ECE
Breadboard is damaged in Room 204.,ECE
Window glass is broken in Lab 1.,Maintenance
Computer not starting in Lab 2.,CSE
Switch board is damaged in Room 101.,Electrical
Mouse is not responding in Second Floor.,CSE
Monitor display is blank in Room 101.,CSE
Hostel room needs cleaning in Lab 1.,Hostel
Room lock is broken in Room 101.,Hostel
Plumbing problem in Lab 1.,Maintenance
Hall ticket not generated in Block A.,Others
Tap is leaking in First Floor.,Maintenance
Dustbins are overflowing in Room 101.,Cleaning
Classroom is very dirty in First Floor.,Cleaning
Power outage in classroom in Room 204.,Electrical
Staircase is dusty in Second Floor.,Cleaning
System is running very slow in Room 204.,CSE
Library internet not working in Block A.,Library
Lab equipment is faulty in Second Floor.,ECE
Bus pass issue in Admin Block.,Others
Required book is unavailable in Block B.,Library
System is running very slow in Second Floor.,CSE
Website login problem in First Floor.,Others
Library computer not working in Second Floor.,Library
Bus pass issue in Room 204.,Others
Microcontroller kit not working in Room 204.,ECE
Fee payment portal not working in Lab 1.,Others
Keyboard not working in Room 204.,CSE
Microcontroller kit not working in Block A.,ECE
Dustbins are overflowing in Block A.,Cleaning
Garbage not collected in Second Floor.,Cleaning
Switch board is damaged in Room 204.,Electrical
General enquiry not resolved in Lab 1.,Others
Hostel room needs cleaning in Lab 2.,Hostel
Tube light not working in First Floor.,Electrical
Drinking water cooler not working in Block B.,Hostel
Light is flickering in Lab 2.,Electrical
Reading room is noisy in Lab 2.,Library
Bonafide certificate delayed in Lab 1.,Others
Printer not working in Admin Block.,CSE
ID card not issued in Lab 1.,Others
ID card not issued in Room 204.,Others
Keyboard not working in Admin Block.,CSE
Fan not working in hostel room in Block B.,Hostel
Fan not working in hostel room in Block B.,Hostel
Garbage not collected in Room 101.,Cleaning
Dustbins are overflowing in Room 204.,Cleaning
Scholarship not received in Second Floor.,Others
Generator backup failed in Room 204.,Electrical
Washroom needs cleaning in Admin Block.,Cleaning
Tap is leaking in Room 101.,Maintenance
Book return portal not working in First Floor.,Library
Mouse is not responding in Admin Block.,CSE
Arduino board not detected in Room 204.,ECE
Washroom needs cleaning in Lab 1.,Cleaning
No water supply in hostel in Second Floor.,Hostel
Library computer not working in Block A.,Library
Hall ticket not generated in First Floor.,Others
ID card not issued in Block B.,Others
Broken classroom bench in Lab 2.,Maintenance
Arduino board not detected in Block B.,ECE
Tube light not working in Admin Block.,Electrical
Library computer not working in Admin Block.,Library
Bonafide certificate delayed in Lab 2.,Others
Power socket not working in Room 204.,Electrical
Printer not working in Block A.,CSE
Plumbing problem in First Floor.,Maintenance
Drinking water cooler not working in First Floor.,Hostel
Computer not starting in First Floor.,CSE
Mess food quality is poor in Lab 2.,Hostel
Arduino board not detected in Lab 2.,ECE
No water supply in hostel in Room 101.,Hostel
Fan not working in hostel room in Lab 1.,Hostel
Breadboard is damaged in First Floor.,ECE
Plumbing problem in Block A.,Maintenance
ID card not issued in Block A.,Others
Door lock is broken in Lab 2.,Maintenance
Bathroom is dirty in Block B.,Hostel
Tube light not working in Room 204.,Electrical
Internet not working in lab in Admin Block.,CSE
No water supply in hostel in First Floor.,Hostel
Bathroom is dirty in Lab 1.,Hostel
Keyboard not working in Block A.,CSE
Digital trainer board failed in First Floor.,ECE
Wall has cracks in Second Floor.,Maintenance
Bad smell in corridor in Second Floor.,Cleaning
Staircase is dusty in Room 204.,Cleaning
Plumbing problem in Second Floor.,Maintenance
Mess food quality is poor in Room 204.,Hostel
Hall ticket not generated in Room 204.,Others
Microcontroller kit not working in Room 204.,ECE
Bad smell in corridor in Lab 2.,Cleaning
Drinking water cooler not working in First Floor.,Hostel
Switch board is damaged in First Floor.,Electrical
Hostel WiFi not working in Admin Block.,Hostel
Printer not working in First Floor.,CSE
Roof seepage issue in First Floor.,Maintenance
Plumbing problem in Room 101.,Maintenance
Broken classroom bench in First Floor.,Maintenance
Oscilloscope not working in Lab 2.,ECE
Computer not starting in Second Floor.,CSE
Roof seepage issue in Second Floor.,Maintenance
Bad smell in corridor in Lab 2.,Cleaning
Power socket not working in Block A.,Electrical
Library internet not working in Lab 1.,Library
Library internet not working in Admin Block.,Library
Bathroom is dirty in First Floor.,Hostel
General enquiry not resolved in Admin Block.,Others
Switch board is damaged in Lab 1.,Electrical
Fan not working in hostel room in Block A.,Hostel
Book issue system not working in Room 101.,Library
Drinking water cooler not working in Room 204.,Hostel
Book issue system not working in Lab 1.,Library
Broken classroom bench in Block A.,Maintenance
Internet not working in lab in Room 204.,CSE
Function generator faulty in Lab 2.,ECE
Printer not working in Room 101.,CSE
Generator backup failed in Block A.,Electrical
Staircase is dusty in Block A.,Cleaning
Book issue system not working in Second Floor.,Library
Garbage not collected in Admin Block.,Cleaning
Generator backup failed in Lab 1.,Electrical
Monitor display is blank in Second Floor.,CSE
Mouse is not responding in First Floor.,CSE
Insufficient seating in library in Block A.,Library
Computer not starting in Lab 2.,CSE
Plumbing problem in Lab 2.,Maintenance
Drinking water cooler not working in Room 101.,Hostel
Light is flickering in Lab 2.,Electrical
Garbage not collected in Block B.,Cleaning
Library AC not working in Lab 1.,Library
Washroom needs cleaning in Room 204.,Cleaning
Broken classroom bench in First Floor.,Maintenance
No water supply in hostel in Admin Block.,Hostel
Arduino board not detected in Block A.,ECE
Monitor display is blank in Block B.,CSE
Garbage not collected in Room 204.,Cleaning
Fan not working in hostel room in Lab 1.,Hostel
Broken classroom bench in Block B.,Maintenance
Window glass is broken in Lab 1.,Maintenance
Keyboard not working in Room 204.,CSE
Power outage in classroom in Block A.,Electrical
Insufficient seating in library in Room 101.,Library
Wall has cracks in Room 204.,Maintenance
Digital trainer board failed in Lab 1.,ECE
Drinking water cooler not working in Lab 2.,Hostel
Bus pass issue in First Floor.,Others
Staircase is dusty in First Floor.,Cleaning
Power socket not working in Block A.,Electrical
Classroom is very dirty in Lab 2.,Cleaning
Plumbing problem in Block B.,Maintenance
Microcontroller kit not working in Admin Block.,ECE
Library computer not working in Room 101.,Library
Bus pass issue in Room 101.,Others
Lab equipment is faulty in Room 101.,ECE
Campus area is dirty in Room 204.,Cleaning
Mess food quality is poor in Block B.,Hostel
Microcontroller kit not working in Room 204.,ECE
Light is flickering in Lab 2.,Electrical
Plumbing problem in Lab 1.,Maintenance
Window glass is broken in Block A.,Maintenance
Bad smell in corridor in Block A.,Cleaning
Library computer not working in First Floor.,Library
Generator backup failed in First Floor.,Electrical
Book issue system not working in Second Floor.,Library
Light is flickering in Block A.,Electrical
Door lock is broken in Second Floor.,Maintenance
Bad smell in corridor in Second Floor.,Cleaning
Classroom is very dirty in First Floor.,Cleaning
Digital trainer board failed in First Floor.,ECE
Classroom is very dirty in Lab 2.,Cleaning
Room lock is broken in Admin Block.,Hostel
Switch board is damaged in Room 204.,Electrical
Internet not working in lab in Lab 2.,CSE
Dustbins are overflowing in Room 204.,Cleaning
Hall ticket not generated in First Floor.,Others
Washroom needs cleaning in Lab 1.,Cleaning
Lab equipment is faulty in Block B.,ECE
Reading room is noisy in Room 204.,Library
System is running very slow in Block A.,CSE
Hostel WiFi not working in First Floor.,Hostel
Dustbins are overflowing in Room 101.,Cleaning
Website login problem in Room 204.,Others
Website login problem in Second Floor.,Others
Switch board is damaged in Room 101.,Electrical
Book return portal not working in Second Floor.,Library
No water supply in hostel in Block B.,Hostel
Printer not working in First Floor.,CSE
Hall ticket not generated in First Floor.,Others
Plumbing problem in Room 204.,Maintenance
Switch board is damaged in Block B.,Electrical
Room lock is broken in Lab 2.,Hostel
Bathroom is dirty in Room 101.,Hostel
Staircase is dusty in Room 204.,Cleaning
Bad smell in corridor in Room 101.,Cleaning
Switch board is damaged in Admin Block.,Electrical
Software installation required in Room 101.,CSE
Breadboard is damaged in Room 101.,ECE
Scholarship not received in Block A.,Others
Computer not starting in Block B.,CSE
Insufficient seating in library in Room 204.,Library
Bonafide certificate delayed in Block A.,Others
Oscilloscope not working in First Floor.,ECE
Oscilloscope not working in Block A.,ECE
Room lock is broken in Room 204.,Hostel
Washroom needs cleaning in Room 204.,Cleaning
Plumbing problem in Lab 1.,Maintenance
Function generator faulty in Room 101.,ECE
Dustbins are overflowing in Room 204.,Cleaning
Hostel WiFi not working in Block B.,Hostel
Reading room is noisy in Block A.,Library
Required book is unavailable in Second Floor.,Library
No water supply in hostel in Room 204.,Hostel
Internet not working in lab in Room 204.,CSE
Drinking water cooler not working in First Floor.,Hostel
System is running very slow in Room 204.,CSE
Required book is unavailable in Admin Block.,Library
Scholarship not received in Lab 1.,Others
Book return portal not working in Block B.,Library
Insufficient seating in library in Block B.,Library
Insufficient seating in library in Lab 1.,Library
Oscilloscope not working in First Floor.,ECE
Fan is not working in Block B.,Electrical
Window glass is broken in Block B.,Maintenance
Library internet not working in Lab 2.,Library
Light is flickering in Room 204.,Electrical
Switch board is damaged in Lab 1.,Electrical
Required book is unavailable in Block A.,Library
Loose electrical wiring in Room 101.,Electrical
Plumbing problem in Lab 2.,Maintenance
Tap is leaking in Admin Block.,Maintenance
System is running very slow in Block A.,CSE
Plumbing problem in Block B.,Maintenance
Software installation required in Block B.,CSE
Plumbing problem in Room 101.,Maintenance
Plumbing problem in Room 204.,Maintenance
Library AC not working in Block A.,Library
Plumbing problem in Room 204.,Maintenance
Generator backup failed in Admin Block.,Electrical
System is running very slow in Admin Block.,CSE
System is running very slow in Lab 2.,CSE
Fee payment portal not working in Room 101.,Others
No water supply in hostel in Block A.,Hostel
Library computer not working in Lab 2.,Library
No water supply in hostel in Block A.,Hostel
Mess food quality is poor in Lab 2.,Hostel
Roof seepage issue in Block A.,Maintenance
Tap is leaking in Admin Block.,Maintenance
Digital trainer board failed in First Floor.,ECE
Oscilloscope not working in Second Floor.,ECE
Door lock is broken in Room 101.,Maintenance
Tap is leaking in Room 101.,Maintenance
Reading room is noisy in Lab 1.,Library
Wall has cracks in Lab 1.,Maintenance
Insufficient seating in library in Room 204.,Library
Washroom needs cleaning in Room 101.,Cleaning
Light is flickering in Block B.,Electrical
Broken classroom bench in Second Floor.,Maintenance
Digital trainer board failed in Room 101.,ECE
Loose electrical wiring in First Floor.,Electrical
Scholarship not received in Block A.,Others
Fan not working in hostel room in First Floor.,Hostel
Campus area is dirty in Block A.,Cleaning
Door lock is broken in Admin Block.,Maintenance
Website login problem in Admin Block.,Others
Washroom needs cleaning in Block B.,Cleaning
Hostel WiFi not working in Second Floor.,Hostel
Hostel WiFi not working in Lab 1.,Hostel
System is running very slow in Second Floor.,CSE
Garbage not collected in Block B.,Cleaning
Tap is leaking in Block B.,Maintenance
Generator backup failed in Admin Block.,Electrical
Tap is leaking in First Floor.,Maintenance
Digital trainer board failed in Room 101.,ECE
Tap is leaking in Lab 1.,Maintenance
Microcontroller kit not working in Room 204.,ECE
Library AC not working in Second Floor.,Library
Bathroom is dirty in Lab 2.,Hostel
Tube light not working in Room 101.,Electrical
Insufficient seating in library in Block A.,Library
Book issue system not working in Second Floor.,Library
Insufficient seating in library in Block A.,Library
System is running very slow in Lab 1.,CSE
Software installation required in Room 101.,CSE
Bus pass issue in Room 101.,Others
Signal generator issue in Room 101.,ECE
Broken classroom bench in Block B.,Maintenance
Software installation required in Block A.,CSE
Bad smell in corridor in Block A.,Cleaning
Hall ticket not generated in Room 204.,Others
Arduino board not detected in Second Floor.,ECE
Signal generator issue in Block A.,ECE
Internet not working in lab in Admin Block.,CSE
Washroom needs cleaning in Room 204.,Cleaning
Power outage in classroom in Lab 2.,Electrical
Scholarship not received in Block A.,Others
Software installation required in Block B.,CSE
Website login problem in Lab 1.,Others
Washroom needs cleaning in Lab 2.,Cleaning
Roof seepage issue in Lab 2.,Maintenance
Fan is not working in Block A.,Electrical
Washroom needs cleaning in Block B.,Cleaning
Wall has cracks in Admin Block.,Maintenance
System is running very slow in Room 204.,CSE
Generator backup failed in First Floor.,Electrical
Campus area is dirty in Block B.,Cleaning
Campus area is dirty in Second Floor.,Cleaning
Computer not starting in Lab 2.,CSE
Fan not working in hostel room in Block B.,Hostel
Arduino board not detected in Second Floor.,ECE
Insufficient seating in library in Lab 2.,Library
Book issue system not working in Admin Block.,Library
Classroom is very dirty in Admin Block.,Cleaning
Arduino board not detected in Room 101.,ECE
Generator backup failed in Lab 2.,Electrical
Keyboard not working in Lab 1.,CSE
Website login problem in Second Floor.,Others
Drinking water cooler not working in Block B.,Hostel
Tap is leaking in Admin Block.,Maintenance
Library internet not working in Lab 1.,Library
Required book is unavailable in First Floor.,Library
Reading room is noisy in Room 101.,Library
Hostel WiFi not working in Admin Block.,Hostel
Tap is leaking in Room 204.,Maintenance
Oscilloscope not working in Block A.,ECE
Arduino board not detected in Lab 2.,ECE
Generator backup failed in Second Floor.,Electrical
Washroom needs cleaning in Block A.,Cleaning
Library computer not working in Lab 2.,Library
Mouse is not responding in Block B.,CSE
Library internet not working in Admin Block.,Library
Bus pass issue in Lab 2.,Others
Book issue system not working in Block B.,Library
Bonafide certificate delayed in Lab 2.,Others
Tap is leaking in Block B.,Maintenance
Signal generator issue in Block B.,ECE
Library AC not working in Block A.,Library
Internet not working in lab in Lab 1.,CSE
Broken classroom bench in Room 204.,Maintenance
Power socket not working in Second Floor.,Electrical
Breadboard is damaged in Second Floor.,ECE
Fee payment portal not working in Room 204.,Others
Microcontroller kit not working in Block A.,ECE
Drinking water cooler not working in Room 101.,Hostel
Fee payment portal not working in Room 204.,Others
Dustbins are overflowing in Second Floor.,Cleaning
Internet not working in lab in Lab 1.,CSE
Computer not starting in Lab 1.,CSE
Internet not working in lab in Block A.,CSE
No water supply in hostel in First Floor.,Hostel
Scholarship not received in Room 204.,Others
Campus area is dirty in Lab 2.,Cleaning
Loose electrical wiring in Block A.,Electrical
Computer not starting in Block B.,CSE
Printer not working in Second Floor.,CSE
Required book is unavailable in Room 101.,Library
Oscilloscope not working in Second Floor.,ECE
Signal generator issue in Room 204.,ECE
Washroom needs cleaning in Block B.,Cleaning
Bus pass issue in Admin Block.,Others
Oscilloscope not working in Lab 2.,ECE
Library computer not working in Lab 2.,Library
Website login problem in Lab 2.,Others
Fee payment portal not working in Block B.,Others
Campus area is dirty in Admin Block.,Cleaning
Bad smell in corridor in Block B.,Cleaning
Library AC not working in Block B.,Library
Washroom needs cleaning in Lab 1.,Cleaning
Fee payment portal not working in Lab 1.,Others
Floor needs mopping in Room 204.,Cleaning
Signal generator issue in Admin Block.,ECE
Fee payment portal not working in Second Floor.,Others
Software installation required in Room 204.,CSE
Hostel room needs cleaning in Room 101.,Hostel
Monitor display is blank in Admin Block.,CSE
Printer not working in Block A.,CSE
Scholarship not received in First Floor.,Others
Digital trainer board failed in Admin Block.,ECE
Breadboard is damaged in First Floor.,ECE
Bathroom is dirty in Block B.,Hostel
Room lock is broken in Lab 2.,Hostel
Insufficient seating in library in Lab 1.,Library
Switch board is damaged in First Floor.,Electrical
Window glass is broken in Block B.,Maintenance
Garbage not collected in Lab 1.,Cleaning
Water leaking from ceiling in Room 204.,Maintenance
System is running very slow in Lab 2.,CSE
Hostel WiFi not working in Block A.,Hostel
Arduino board not detected in Lab 1.,ECE
Mouse is not responding in Block A.,CSE
Water leaking from ceiling in Block B.,Maintenance
Campus area is dirty in Block A.,Cleaning
Mouse is not responding in Room 101.,CSE
Internet not working in lab in Admin Block.,CSE
Bad smell in corridor in Second Floor.,Cleaning
Room lock is broken in Admin Block.,Hostel
Book issue system not working in Room 204.,Library
Oscilloscope not working in Lab 2.,ECE
Oscilloscope not working in Admin Block.,ECE
Digital trainer board failed in First Floor.,ECE
Lab equipment is faulty in Room 204.,ECE
Bus pass issue in Second Floor.,Others
Digital trainer board failed in Block A.,ECE
Dustbins are overflowing in Lab 1.,Cleaning
Function generator faulty in Lab 2.,ECE
Window glass is broken in Block B.,Maintenance
Mouse is not responding in Room 204.,CSE
Switch board is damaged in Admin Block.,Electrical
Digital trainer board failed in Second Floor.,ECE
Water leaking from ceiling in Block B.,Maintenance
Library computer not working in Block A.,Library
Switch board is damaged in Lab 2.,Electrical
Oscilloscope not working in Room 204.,ECE
Campus area is dirty in First Floor.,Cleaning
Fan is not working in Second Floor.,Electrical
Fan not working in hostel room in Block A.,Hostel
Monitor display is blank in Block B.,CSE
Breadboard is damaged in Lab 1.,ECE
Signal generator issue in First Floor.,ECE
Hall ticket not generated in Block A.,Others
Lab equipment is faulty in Block B.,ECE
Computer not starting in Room 204.,CSE
Library AC not working in Room 204.,Library
Function generator faulty in First Floor.,ECE
Keyboard not working in Room 101.,CSE
Library internet not working in Lab 2.,Library
Lab equipment is faulty in Admin Block.,ECE
Dustbins are overflowing in Second Floor.,Cleaning
Bathroom is dirty in Lab 2.,Hostel
Power outage in classroom in Lab 1.,Electrical
Digital trainer board failed in Room 204.,ECE
Tube light not working in Room 204.,Electrical
Water leaking from ceiling in Room 101.,Maintenance
Water leaking from ceiling in First Floor.,Maintenance
Printer not working in Room 101.,CSE
Washroom needs cleaning in Block B.,Cleaning
Website login problem in Block A.,Others
Function generator faulty in Lab 1.,ECE
Fan is not working in Lab 1.,Electrical
Dustbins are overflowing in Second Floor.,Cleaning
Hall ticket not generated in Block B.,Others
Lab equipment is faulty in Lab 2.,ECE
Tap is leaking in Room 204.,Maintenance
Switch board is damaged in Block A.,Electrical
Light is flickering in Second Floor.,Electrical
Function generator faulty in Lab 1.,ECE
Printer not working in Block A.,CSE
Website login problem in Lab 2.,Others
Power outage in classroom in Second Floor.,Electrical
Floor needs mopping in Block B.,Cleaning
Washroom needs cleaning in Block A.,Cleaning
Lab equipment is faulty in Room 204.,ECE
Plumbing problem in Room 204.,Maintenance
Website login problem in Room 204.,Others
Wall has cracks in Admin Block.,Maintenance
Microcontroller kit not working in Second Floor.,ECE
Switch board is damaged in Block A.,Electrical
Light is flickering in Block B.,Electrical
Printer not working in Room 204.,CSE
Lab equipment is faulty in Lab 2.,ECE
Staircase is dusty in Room 204.,Cleaning
Fan not working in hostel room in Second Floor.,Hostel
Broken classroom bench in Second Floor.,Maintenance
Hostel room needs cleaning in Room 101.,Hostel
Power socket not working in First Floor.,Electrical
Tube light not working in Block B.,Electrical
Hall ticket not generated in Admin Block.,Others
Bus pass issue in Room 204.,Others
Book return portal not working in Lab 1.,Library
Plumbing problem in Lab 1.,Maintenance
Roof seepage issue in Block B.,Maintenance
Room lock is broken in Block B.,Hostel
Website login problem in Second Floor.,Others
Signal generator issue in Block A.,ECE
Water leaking from ceiling in Lab 2.,Maintenance
Hall ticket not generated in Block B.,Others
Door lock is broken in Admin Block.,Maintenance
Signal generator issue in Block B.,ECE
Required book is unavailable in First Floor.,Library
Breadboard is damaged in Lab 1.,ECE
Library internet not working in Second Floor.,Library
Signal generator issue in First Floor.,ECE
Loose electrical wiring in Second Floor.,Electrical
Arduino board not detected in Lab 1.,ECE
Power socket not working in Lab 2.,Electrical
Computer not starting in Block A.,CSE
Hostel WiFi not working in Room 101.,Hostel
Software installation required in Lab 1.,CSE
Mouse is not responding in Lab 2.,CSE
Hall ticket not generated in First Floor.,Others
Drinking water cooler not working in Admin Block.,Hostel
Bad smell in corridor in Room 204.,Cleaning
Bathroom is dirty in Admin Block.,Hostel
Power socket not working in Room 101.,Electrical
Mess food quality is poor in Block A.,Hostel
Monitor display is blank in First Floor.,CSE
Lab equipment is faulty in Lab 2.,ECE
Function generator faulty in Room 101.,ECE
System is running very slow in Room 204.,CSE
Function generator faulty in Second Floor.,ECE
Arduino board not detected in Block B.,ECE
General enquiry not resolved in Block A.,Others
Internet not working in lab in Room 204.,CSE
Microcontroller kit not working in Lab 1.,ECE
Computer not starting in Second Floor.,CSE
Keyboard not working in Block A.,CSE
Digital trainer board failed in Block B.,ECE
Drinking water cooler not working in Lab 1.,Hostel
Floor needs mopping in Second Floor.,Cleaning
Hall ticket not generated in Lab 1.,Others
Switch board is damaged in Room 204.,Electrical
Breadboard is damaged in Admin Block.,ECE
Library computer not working in Room 204.,Library
Arduino board not detected in Admin Block.,ECE
Hostel room needs cleaning in Lab 1.,Hostel
Window glass is broken in Lab 2.,Maintenance
ID card not issued in Second Floor.,Others
Internet not working in lab in Room 204.,CSE
Water leaking from ceiling in Admin Block.,Maintenance
Function generator faulty in Admin Block.,ECE
Plumbing problem in First Floor.,Maintenance
No water supply in hostel in Lab 1.,Hostel
System is running very slow in Block A.,CSE
Roof seepage issue in Block A.,Maintenance
Staircase is dusty in Block B.,Cleaning
Generator backup failed in Second Floor.,Electrical
Bonafide certificate delayed in Block A.,Others
No water supply in hostel in Second Floor.,Hostel
ID card not issued in Block B.,Others
Staircase is dusty in Block A.,Cleaning
Fan is not working in Lab 2.,Electrical
Broken classroom bench in Room 101.,Maintenance
Required book is unavailable in Lab 2.,Library
Drinking water cooler not working in Room 204.,Hostel
Insufficient seating in library in Admin Block.,Library
Signal generator issue in Block B.,ECE
Computer not starting in Room 101.,CSE
Campus area is dirty in Lab 1.,Cleaning
Washroom needs cleaning in Lab 1.,Cleaning
No water supply in hostel in Room 204.,Hostel
Water leaking from ceiling in Lab 1.,Maintenance
Plumbing problem in Admin Block.,Maintenance
Broken classroom bench in Lab 2.,Maintenance
Hostel WiFi not working in Admin Block.,Hostel
Campus area is dirty in First Floor.,Cleaning
Bonafide certificate delayed in First Floor.,Others
Software installation required in First Floor.,CSE
Generator backup failed in Block B.,Electrical
Room lock is broken in Block B.,Hostel
Campus area is dirty in Block A.,Cleaning
System is running very slow in Second Floor.,CSE
Hostel WiFi not working in Lab 2.,Hostel
No water supply in hostel in Room 101.,Hostel
Drinking water cooler not working in Room 204.,Hostel
Staircase is dusty in Room 204.,Cleaning
Wall has cracks in Block B.,Maintenance
Computer not starting in First Floor.,CSE
Monitor display is blank in First Floor.,CSE
Library computer not working in Block A.,Library
Signal generator issue in Block B.,ECE
System is running very slow in Lab 2.,CSE
General enquiry not resolved in Admin Block.,Others
Door lock is broken in Lab 2.,Maintenance
Staircase is dusty in Lab 2.,Cleaning
Wall has cracks in Admin Block.,Maintenance
Computer not starting in Admin Block.,CSE
Library computer not working in Lab 2.,Library
Library computer not working in First Floor.,Library
Lab equipment is faulty in Lab 2.,ECE
Keyboard not working in Block B.,CSE
Classroom is very dirty in Admin Block.,Cleaning
Fee payment portal not working in Admin Block.,Others
Fan is not working in Second Floor.,Electrical
Required book is unavailable in Lab 1.,Library
Dustbins are overflowing in First Floor.,Cleaning
Power outage in classroom in Admin Block.,Electrical
Microcontroller kit not working in Second Floor.,ECE
Digital trainer board failed in Block B.,ECE
Mess food quality is poor in First Floor.,Hostel
Function generator faulty in Second Floor.,ECE
Generator backup failed in Room 101.,Electrical
Classroom is very dirty in Block B.,Cleaning
Book issue system not working in Second Floor.,Library
Mess food quality is poor in Second Floor.,Hostel
Bus pass issue in Block B.,Others
Internet not working in lab in Admin Block.,CSE
Lab equipment is faulty in Second Floor.,ECE
Tube light not working in First Floor.,Electrical
Internet not working in lab in Block B.,CSE
Internet not working in lab in Block A.,CSE
Book issue system not working in Lab 1.,Library
Insufficient seating in library in Lab 2.,Library
Room lock is broken in Room 204.,Hostel
Tap is leaking in Block B.,Maintenance
Washroom needs cleaning in Lab 1.,Cleaning
General enquiry not resolved in Second Floor.,Others
Software installation required in Block B.,CSE
Monitor display is blank in Lab 1.,CSE
Washroom needs cleaning in Lab 2.,Cleaning
Fan is not working in Lab 2.,Electrical
Water leaking from ceiling in Block B.,Maintenance
Printer not working in Admin Block.,CSE
Floor needs mopping in Block A.,Cleaning
Roof seepage issue in Lab 1.,Maintenance
Microcontroller kit not working in Lab 2.,ECE
Fan not working in hostel room in First Floor.,Hostel
Mouse is not responding in First Floor.,CSE
Switch board is damaged in First Floor.,Electrical
Loose electrical wiring in Room 204.,Electrical
Window glass is broken in Block A.,Maintenance
General enquiry not resolved in Admin Block.,Others
Website login problem in Lab 2.,Others
Hostel WiFi not working in Room 101.,Hostel
Drinking water cooler not working in First Floor.,Hostel
Power socket not working in Block B.,Electrical
Water leaking from ceiling in Block B.,Maintenance
Switch board is damaged in Admin Block.,Electrical
Wall has cracks in Lab 1.,Maintenance
Roof seepage issue in Admin Block.,Maintenance
Door lock is broken in First Floor.,Maintenance
Bad smell in corridor in Second Floor.,Cleaning
Signal generator issue in Room 101.,ECE
Printer not working in Lab 1.,CSE
Wall has cracks in Room 204.,Maintenance
Campus area is dirty in First Floor.,Cleaning
Drinking water cooler not working in Room 101.,Hostel
Internet not working in lab in First Floor.,CSE
Bad smell in corridor in Block A.,Cleaning
Scholarship not received in First Floor.,Others
Book issue system not working in Lab 1.,Library
Garbage not collected in Room 101.,Cleaning
Bonafide certificate delayed in Admin Block.,Others
Website login problem in First Floor.,Others
Oscilloscope not working in Second Floor.,ECE
Hostel room needs cleaning in Room 101.,Hostel
Bonafide certificate delayed in Lab 1.,Others
Book return portal not working in Lab 2.,Library
Bad smell in corridor in Room 101.,Cleaning
Fan is not working in Block B.,Electrical
Fee payment portal not working in Room 101.,Others
Scholarship not received in Room 204.,Others
Insufficient seating in library in First Floor.,Library
Hostel WiFi not working in Block A.,Hostel
Signal generator issue in Room 204.,ECE
Microcontroller kit not working in First Floor.,ECE
Door lock is broken in Lab 1.,Maintenance
Water leaking from ceiling in Block B.,Maintenance
Bonafide certificate delayed in Room 101.,Others
Insufficient seating in library in Lab 1.,Library
Fan is not working in Room 204.,Electrical
Library computer not working in Lab 2.,Library
Bad smell in corridor in First Floor.,Cleaning
Arduino board not detected in Second Floor.,ECE
Broken classroom bench in Block A.,Maintenance
Monitor display is blank in Admin Block.,CSE
Plumbing problem in Room 101.,Maintenance
Power outage in classroom in Room 204.,Electrical
Bad smell in corridor in Room 204.,Cleaning
Oscilloscope not working in First Floor.,ECE
Signal generator issue in First Floor.,ECE
Library internet not working in Admin Block.,Library
Reading room is noisy in Room 101.,Library
Digital trainer board failed in Lab 1.,ECE
Hall ticket not generated in Block B.,Others
System is running very slow in Room 204.,CSE
Generator backup failed in Block A.,Electrical
Mess food quality is poor in First Floor.,Hostel
Microcontroller kit not working in Lab 1.,ECE
Required book is unavailable in Lab 1.,Library
Hostel room needs cleaning in Admin Block.,Hostel
Campus area is dirty in Block A.,Cleaning
Light is flickering in Lab 2.,Electrical
Mouse is not responding in Room 204.,CSE
Hall ticket not generated in Room 204.,Others
Book issue system not working in Admin Block.,Library
Bathroom is dirty in Block A.,Hostel
Computer not starting in Second Floor.,CSE
Book issue system not working in Admin Block.,Library
Floor needs mopping in Second Floor.,Cleaning
Power outage in classroom in Block A.,Electrical
Printer not working in Block A.,CSE
Hall ticket not generated in Block B.,Others
Mess food quality is poor in Lab 2.,Hostel
Garbage not collected in Room 204.,Cleaning
Broken classroom bench in Second Floor.,Maintenance
Signal generator issue in Block B.,ECE
Breadboard is damaged in Room 101.,ECE
No water supply in hostel in Room 101.,Hostel
Classroom is very dirty in Block B.,Cleaning
Dustbins are overflowing in Block B.,Cleaning
Arduino board not detected in Room 101.,ECE
Bus pass issue in Room 101.,Others
Library AC not working in Room 204.,Library
Classroom is very dirty in Block B.,Cleaning
Window glass is broken in Room 204.,Maintenance
ID card not issued in Room 101.,Others
Light is flickering in Admin Block.,Electrical
Garbage not collected in Room 204.,Cleaning
Scholarship not received in Room 101.,Others
Roof seepage issue in First Floor.,Maintenance
Scholarship not received in Second Floor.,Others
Microcontroller kit not working in Block B.,ECE
Drinking water cooler not working in Lab 2.,Hostel
Scholarship not received in Lab 1.,Others
Bad smell in corridor in Admin Block.,Cleaning
General enquiry not resolved in Lab 1.,Others
Reading room is noisy in Lab 2.,Library
Drinking water cooler not working in Admin Block.,Hostel
Hostel WiFi not working in Block B.,Hostel
Book return portal not working in Room 101.,Library
Mess food quality is poor in Room 101.,Hostel
Water leaking from ceiling in Lab 1.,Maintenance
Computer not starting in Admin Block.,CSE
Broken classroom bench in Room 101.,Maintenance
Library internet not working in Block B.,Library
Hostel WiFi not working in Block B.,Hostel
Reading room is noisy in Block B.,Library
Oscilloscope not working in Second Floor.,ECE
Washroom needs cleaning in Lab 2.,Cleaning
Door lock is broken in Lab 2.,Maintenance
Drinking water cooler not working in Room 101.,Hostel
Garbage not collected in First Floor.,Cleaning
Window glass is broken in Room 101.,Maintenance
Oscilloscope not working in Admin Block.,ECE
Door lock is broken in Lab 1.,Maintenance
Reading room is noisy in First Floor.,Library
Power outage in classroom in Block A.,Electrical
Floor needs mopping in Lab 1.,Cleaning
System is running very slow in Block B.,CSE
Library internet not working in Lab 2.,Library
Light is flickering in First Floor.,Electrical
Bus pass issue in Block B.,Others
Power outage in classroom in Lab 1.,Electrical
Book issue system not working in Room 204.,Library
Website login problem in Admin Block.,Others
ID card not issued in Lab 2.,Others
Website login problem in Lab 2.,Others
Door lock is broken in First Floor.,Maintenance
Insufficient seating in library in Room 101.,Library
Hall ticket not generated in First Floor.,Others
Power outage in classroom in First Floor.,Electrical
Monitor display is blank in Second Floor.,CSE
Garbage not collected in Lab 1.,Cleaning
Oscilloscope not working in Room 204.,ECE
Monitor display is blank in Admin Block.,CSE
Lab equipment is faulty in Second Floor.,ECE
Oscilloscope not working in Block A.,ECE
Digital trainer board failed in First Floor.,ECE
Mouse is not responding in Lab 2.,CSE
Classroom is very dirty in Block B.,Cleaning
Roof seepage issue in Second Floor.,Maintenance
Door lock is broken in Block B.,Maintenance
Lab equipment is faulty in Room 101.,ECE
Keyboard not working in Block B.,CSE
Fee payment portal not working in Lab 1.,Others
Tap is leaking in Room 204.,Maintenance
Hall ticket not generated in Block A.,Others
Generator backup failed in Block A.,Electrical
Dustbins are overflowing in Block B.,Cleaning
Monitor display is blank in Block B.,CSE
Microcontroller kit not working in Lab 1.,ECE
Power socket not working in Block B.,Electrical
Library AC not working in Lab 2.,Library
Scholarship not received in Block A.,Others
Required book is unavailable in First Floor.,Library
Digital trainer board failed in Lab 2.,ECE
Microcontroller kit not working in Room 101.,ECE
Hall ticket not generated in Block A.,Others
Reading room is noisy in Block B.,Library
Generator backup failed in First Floor.,Electrical
Light is flickering in First Floor.,Electrical
Library computer not working in Room 101.,Library
Hostel room needs cleaning in Block A.,Hostel
Room lock is broken in Lab 2.,Hostel
Breadboard is damaged in Block A.,ECE
Hall ticket not generated in Block B.,Others
Plumbing problem in Block A.,Maintenance
Generator backup failed in Room 204.,Electrical
Mess food quality is poor in Room 101.,Hostel
Water leaking from ceiling in Second Floor.,Maintenance
Function generator faulty in First Floor.,ECE
Hostel WiFi not working in Lab 1.,Hostel
General enquiry not resolved in Admin Block.,Others
Floor needs mopping in Lab 2.,Cleaning
General enquiry not resolved in First Floor.,Others
Water leaking from ceiling in Second Floor.,Maintenance
Breadboard is damaged in Lab 1.,ECE
Generator backup failed in Admin Block.,Electrical
No water supply in hostel in Lab 1.,Hostel
Light is flickering in Lab 1.,Electrical
Microcontroller kit not working in First Floor.,ECE
Printer not working in Block A.,CSE
Room lock is broken in Block B.,Hostel
Computer not starting in Block A.,CSE
Library computer not working in Second Floor.,Library
Power socket not working in Block B.,Electrical
Required book is unavailable in Lab 2.,Library
Breadboard is damaged in Lab 1.,ECE
Bonafide certificate delayed in Lab 1.,Others
Arduino board not detected in Block A.,ECE
Wall has cracks in Room 101.,Maintenance
Campus area is dirty in Room 204.,Cleaning
Mess food quality is poor in Admin Block.,Hostel
Light is flickering in Room 204.,Electrical
Campus area is dirty in Lab 2.,Cleaning
Mess food quality is poor in First Floor.,Hostel
Wall has cracks in Admin Block.,Maintenance
Hostel WiFi not working in Block B.,Hostel
Plumbing problem in Lab 2.,Maintenance
Fan not working in hostel room in Lab 2.,Hostel
Window glass is broken in Room 204.,Maintenance
Website login problem in First Floor.,Others
Campus area is dirty in Second Floor.,Cleaning
Bathroom is dirty in Block B.,Hostel
Computer not starting in Room 101.,CSE
Floor needs mopping in Block B.,Cleaning
Power socket not working in Admin Block.,Electrical
Loose electrical wiring in Admin Block.,Electrical
Book issue system not working in Lab 1.,Library
Mess food quality is poor in Block A.,Hostel
Water leaking from ceiling in Lab 2.,Maintenance
Bad smell in corridor in Block A.,Cleaning
Computer not starting in Block A.,CSE
Tap is leaking in Lab 2.,Maintenance
Signal generator issue in Second Floor.,ECE
General enquiry not resolved in Room 101.,Others
Reading room is noisy in Room 204.,Library
Roof seepage issue in Block A.,Maintenance
Library internet not working in Second Floor.,Library
Garbage not collected in Block A.,Cleaning
Room lock is broken in Block B.,Hostel
Bus pass issue in Block B.,Others
Oscilloscope not working in Room 204.,ECE
Washroom needs cleaning in Lab 1.,Cleaning
Function generator faulty in Lab 1.,ECE
Book issue system not working in Block B.,Library
Tap is leaking in Block B.,Maintenance
Computer not starting in Lab 2.,CSE
System is running very slow in First Floor.,CSE
Bad smell in corridor in Lab 1.,Cleaning
Tube light not working in Admin Block.,Electrical
Book return portal not working in Room 204.,Library
Breadboard is damaged in Room 204.,ECE
Classroom is very dirty in Block A.,Cleaning
Power socket not working in Block A.,Electrical
Signal generator issue in Lab 1.,ECE
Roof seepage issue in Admin Block.,Maintenance
Plumbing problem in Block A.,Maintenance
Mouse is not responding in Admin Block.,CSE
General enquiry not resolved in Lab 2.,Others
Bathroom is dirty in Lab 2.,Hostel
Breadboard is damaged in First Floor.,ECE
Generator backup failed in Block B.,Electrical
Bad smell in corridor in First Floor.,Cleaning
ID card not issued in Room 101.,Others
Plumbing problem in Room 101.,Maintenance
Signal generator issue in Block B.,ECE
Required book is unavailable in Second Floor.,Library
System is running very slow in Room 101.,CSE
Loose electrical wiring in Second Floor.,Electrical
Computer not starting in Block A.,CSE
Library computer not working in Second Floor.,Library
Library AC not working in Lab 1.,Library
Printer not working in Admin Block.,CSE
Insufficient seating in library in Second Floor.,Library
Software installation required in Room 101.,CSE
Bus pass issue in Block A.,Others
Campus area is dirty in Lab 2.,Cleaning
Dustbins are overflowing in Admin Block.,Cleaning
Switch board is damaged in First Floor.,Electrical
Water leaking from ceiling in Block A.,Maintenance
Wall has cracks in Admin Block.,Maintenance
Room lock is broken in Room 101.,Hostel
Roof seepage issue in Second Floor.,Maintenance
Bathroom is dirty in Room 204.,Hostel
Monitor display is blank in First Floor.,CSE
Monitor display is blank in First Floor.,CSE
Bus pass issue in Lab 2.,Others
Fan not working in hostel room in Room 101.,Hostel
Book return portal not working in Room 101.,Library
Required book is unavailable in Admin Block.,Library
Campus area is dirty in Lab 1.,Cleaning
Drinking water cooler not working in Lab 1.,Hostel
Tap is leaking in First Floor.,Maintenance
Broken classroom bench in Lab 1.,Maintenance
Monitor display is blank in Room 101.,CSE
Mouse is not responding in Room 101.,CSE
Switch board is damaged in Admin Block.,Electrical
Software installation required in Room 101.,CSE
Plumbing problem in Block A.,Maintenance
Reading room is noisy in Room 101.,Library
Staircase is dusty in Lab 2.,Cleaning
Computer not starting in Second Floor.,CSE
Mouse is not responding in Second Floor.,CSE
Light is flickering in Lab 2.,Electrical
Required book is unavailable in Second Floor.,Library
Hostel WiFi not working in Lab 1.,Hostel
Hostel WiFi not working in Lab 1.,Hostel
Dustbins are overflowing in Admin Block.,Cleaning
Fan not working in hostel room in Room 101.,Hostel
Tube light not working in Block B.,Electrical
Insufficient seating in library in Room 204.,Library
Printer not working in Room 204.,CSE
Switch board is damaged in Second Floor.,Electrical
Library internet not working in First Floor.,Library
Mouse is not responding in Second Floor.,CSE
Power outage in classroom in Lab 1.,Electrical
Dustbins are overflowing in First Floor.,Cleaning
Scholarship not received in Room 204.,Others
Staircase is dusty in Admin Block.,Cleaning
Classroom is very dirty in First Floor.,Cleaning
Window glass is broken in Second Floor.,Maintenance
Garbage not collected in Room 101.,Cleaning
Mouse is not responding in Block A.,CSE
Library computer not working in Block B.,Library
Bad smell in corridor in Block B.,Cleaning
Function generator faulty in Block B.,ECE
Water leaking from ceiling in Block B.,Maintenance
Reading room is noisy in Lab 1.,Library
Loose electrical wiring in Admin Block.,Electrical
Computer not starting in Block B.,CSE
Loose electrical wiring in First Floor.,Electrical
Printer not working in Block A.,CSE
ID card not issued in Block B.,Others
Printer not working in Block B.,CSE
Plumbing problem in Admin Block.,Maintenance
Mess food quality is poor in Room 101.,Hostel
Campus area is dirty in Second Floor.,Cleaning
Book issue system not working in Room 204.,Library
Broken classroom bench in Second Floor.,Maintenance
Library internet not working in Room 204.,Library
Hostel WiFi not working in First Floor.,Hostel
Door lock is broken in Second Floor.,Maintenance
Digital trainer board failed in Second Floor.,ECE
Library AC not working in Admin Block.,Library
Keyboard not working in Room 204.,CSE
Monitor display is blank in Block B.,CSE
Door lock is broken in Lab 1.,Maintenance
Tube light not working in Block A.,Electrical
Roof seepage issue in Room 204.,Maintenance
Hostel room needs cleaning in Second Floor.,Hostel
Breadboard is damaged in Lab 2.,ECE
Window glass is broken in Block B.,Maintenance
Reading room is noisy in Admin Block.,Library
Library computer not working in Second Floor.,Library
Software installation required in Room 101.,CSE
Loose electrical wiring in Admin Block.,Electrical
Library computer not working in Lab 1.,Library
System is running very slow in Second Floor.,CSE
Power outage in classroom in Lab 1.,Electrical
Internet not working in lab in Block A.,CSE
Website login problem in Block A.,Others
Library internet not working in First Floor.,Library
Hostel WiFi not working in Admin Block.,Hostel
Staircase is dusty in Second Floor.,Cleaning
Washroom needs cleaning in Block A.,Cleaning
Oscilloscope not working in Lab 1.,ECE
Fan not working in hostel room in Block B.,Hostel
Arduino board not detected in First Floor.,ECE
Book issue system not working in Admin Block.,Library
Bus pass issue in Lab 2.,Others
Library computer not working in Lab 2.,Library
Website login problem in Admin Block.,Others
Fee payment portal not working in Lab 2.,Others
Monitor display is blank in First Floor.,CSE
Scholarship not received in First Floor.,Others
Garbage not collected in Admin Block.,Cleaning
Wall has cracks in Admin Block.,Maintenance
Staircase is dusty in Block B.,Cleaning
Light is flickering in First Floor.,Electrical
Power outage in classroom in First Floor.,Electrical
Dustbins are overflowing in Room 204.,Cleaning
Keyboard not working in Admin Block.,CSE
Plumbing problem in First Floor.,Maintenance
Microcontroller kit not working in Lab 1.,ECE
Dustbins are overflowing in First Floor.,Cleaning
Broken classroom bench in Lab 1.,Maintenance
Drinking water cooler not working in Room 204.,Hostel
Printer not working in Lab 2.,CSE
Wall has cracks in Block B.,Maintenance
Broken classroom bench in Lab 1.,Maintenance
Generator backup failed in Admin Block.,Electrical
Plumbing problem in Second Floor.,Maintenance
Power outage in classroom in First Floor.,Electrical
Floor needs mopping in Room 101.,Cleaning
Power socket not working in Admin Block.,Electrical
Bonafide certificate delayed in Room 204.,Others
Light is flickering in Block B.,Electrical
Water leaking from ceiling in Block B.,Maintenance
Bad smell in corridor in Block A.,Cleaning
Keyboard not working in Second Floor.,CSE
Broken classroom bench in Lab 1.,Maintenance
Campus area is dirty in First Floor.,Cleaning
Digital trainer board failed in Admin Block.,ECE
No water supply in hostel in Room 204.,Hostel
Floor needs mopping in Block B.,Cleaning
Arduino board not detected in Block B.,ECE
Power socket not working in Lab 1.,Electrical
Library internet not working in Block B.,Library
Window glass is broken in Lab 1.,Maintenance
Mess food quality is poor in Room 101.,Hostel
Hostel WiFi not working in Room 101.,Hostel
Door lock is broken in Admin Block.,Maintenance
General enquiry not resolved in Room 101.,Others
Website login problem in Block B.,Others
Software installation required in Second Floor.,CSE
Digital trainer board failed in Room 204.,ECE
Keyboard not working in Lab 2.,CSE
ID card not issued in Block B.,Others
Dustbins are overflowing in Block A.,Cleaning
Hall ticket not generated in Admin Block.,Others
Library computer not working in Second Floor.,Library
Hall ticket not generated in Room 101.,Others
Software installation required in Block A.,CSE
Tap is leaking in Room 204.,Maintenance
Generator backup failed in Room 204.,Electrical
Software installation required in Admin Block.,CSE
System is running very slow in Lab 2.,CSE
Arduino board not detected in Room 204.,ECE
Dustbins are overflowing in Room 101.,Cleaning
ID card not issued in Admin Block.,Others
Loose electrical wiring in Lab 2.,Electrical
Hostel WiFi not working in Room 101.,Hostel
Classroom is very dirty in Room 204.,Cleaning
Hall ticket not generated in Second Floor.,Others
Breadboard is damaged in First Floor.,ECE
Library AC not working in Block B.,Library
Mess food quality is poor in Second Floor.,Hostel
Library internet not working in Block B.,Library
Dustbins are overflowing in Room 101.,Cleaning
No water supply in hostel in Second Floor.,Hostel
Fan not working in hostel room in Lab 1.,Hostel
Switch board is damaged in Second Floor.,Electrical
Generator backup failed in Lab 1.,Electrical
Signal generator issue in Lab 2.,ECE
Garbage not collected in Lab 1.,Cleaning
Generator backup failed in Room 101.,Electrical
Fan not working in hostel room in Second Floor.,Hostel
Signal generator issue in Lab 1.,ECE
Fan not working in hostel room in Admin Block.,Hostel
Campus area is dirty in Lab 1.,Cleaning
Hostel WiFi not working in Block A.,Hostel
Bathroom is dirty in Admin Block.,Hostel
Water leaking from ceiling in Block B.,Maintenance
Library AC not working in Room 101.,Library
Digital trainer board failed in Room 204.,ECE
Classroom is very dirty in Admin Block.,Cleaning
Campus area is dirty in First Floor.,Cleaning
Generator backup failed in First Floor.,Electrical
Power socket not working in First Floor.,Electrical
Reading room is noisy in First Floor.,Library
Hall ticket not generated in Second Floor.,Others
Loose electrical wiring in Block B.,Electrical
Hostel room needs cleaning in Room 101.,Hostel
Bus pass issue in Second Floor.,Others
Software installation required in Lab 2.,CSE
Computer not starting in Second Floor.,CSE
Switch board is damaged in Room 204.,Electrical
Broken classroom bench in Block A.,Maintenance
Book return portal not working in Room 204.,Library
Insufficient seating in library in Second Floor.,Library
Broken classroom bench in Block B.,Maintenance
Light is flickering in Admin Block.,Electrical
Dustbins are overflowing in Room 101.,Cleaning
Printer not working in Block A.,CSE
Book return portal not working in Second Floor.,Library
Mess food quality is poor in First Floor.,Hostel
Bus pass issue in Block B.,Others
Staircase is dusty in Lab 1.,Cleaning
Insufficient seating in library in First Floor.,Library
Website login problem in Block A.,Others
Bonafide certificate delayed in Block B.,Others
ID card not issued in Room 204.,Others
No water supply in hostel in Lab 1.,Hostel
Website login problem in Room 204.,Others
Light is flickering in Lab 2.,Electrical
Roof seepage issue in Lab 1.,Maintenance
Library internet not working in Lab 1.,Library
General enquiry not resolved in Room 204.,Others
Generator backup failed in Admin Block.,Electrical
Monitor display is blank in First Floor.,CSE
Generator backup failed in Admin Block.,Electrical
Printer not working in Admin Block.,CSE
Monitor display is blank in Room 101.,CSE
Reading room is noisy in Room 204.,Library
Printer not working in Lab 2.,CSE
Bus pass issue in Block B.,Others
Mouse is not responding in Block A.,CSE
Breadboard is damaged in Admin Block.,ECE
Internet not working in lab in Room 101.,CSE
Computer not starting in Room 101.,CSE
Microcontroller kit not working in Room 204.,ECE
Book issue system not working in Second Floor.,Library
Window glass is broken in Block B.,Maintenance
Required book is unavailable in Lab 2.,Library
Broken classroom bench in Room 101.,Maintenance
Loose electrical wiring in Second Floor.,Electrical
Broken classroom bench in First Floor.,Maintenance
Fan is not working in Lab 1.,Electrical
Campus area is dirty in Admin Block.,Cleaning
General enquiry not resolved in Room 101.,Others
Window glass is broken in Block A.,Maintenance
Required book is unavailable in Block A.,Library
Fee payment portal not working in Admin Block.,Others
Hostel WiFi not working in Lab 1.,Hostel
Library AC not working in Second Floor.,Library
Library internet not working in Lab 1.,Library
Computer not starting in Lab 1.,CSE
Book issue system not working in First Floor.,Library
Website login problem in Room 204.,Others
Dustbins are overflowing in Block A.,Cleaning
Book issue system not working in Block A.,Library
Power outage in classroom in Admin Block.,Electrical
Book return portal not working in Room 204.,Library
Monitor display is blank in Room 204.,CSE
Insufficient seating in library in Lab 2.,Library
Power socket not working in Block A.,Electrical
Power outage in classroom in Lab 2.,Electrical
Hall ticket not generated in Lab 1.,Others
Arduino board not detected in Admin Block.,ECE
Required book is unavailable in Lab 2.,Library
Book return portal not working in First Floor.,Library
Water leaking from ceiling in Second Floor.,Maintenance
Insufficient seating in library in Block A.,Library
Fee payment portal not working in Second Floor.,Others
Classroom is very dirty in First Floor.,Cleaning
Switch board is damaged in Block A.,Electrical
Bonafide certificate delayed in Admin Block.,Others
Digital trainer board failed in First Floor.,ECE
Tap is leaking in Lab 1.,Maintenance
Power outage in classroom in First Floor.,Electrical
Bonafide certificate delayed in Lab 2.,Others
Function generator faulty in Block B.,ECE
General enquiry not resolved in Block B.,Others
Light is flickering in Lab 2.,Electrical
Campus area is dirty in Block A.,Cleaning
Printer not working in Lab 1.,CSE
Library AC not working in Room 204.,Library
Bonafide certificate delayed in Second Floor.,Others
Classroom is very dirty in Admin Block.,Cleaning
Website login problem in First Floor.,Others
Garbage not collected in Admin Block.,Cleaning
Computer not starting in Admin Block.,CSE
Tap is leaking in Room 101.,Maintenance
Generator backup failed in Room 101.,Electrical
General enquiry not resolved in Second Floor.,Others
Signal generator issue in Second Floor.,ECE
Mouse is not responding in Second Floor.,CSE
Loose electrical wiring in Second Floor.,Electrical
Wall has cracks in Room 101.,Maintenance
Hostel WiFi not working in Lab 1.,Hostel
Bad smell in corridor in Room 204.,Cleaning
Function generator faulty in Lab 1.,ECE
Light is flickering in Block B.,Electrical
Internet not working in lab in Room 101.,CSE
Insufficient seating in library in Admin Block.,Library
Computer not starting in Block B.,CSE
Library AC not working in Block A.,Library
Dustbins are overflowing in Block A.,Cleaning
Hostel room needs cleaning in Room 204.,Hostel
Fee payment portal not working in Lab 1.,Others
Internet not working in lab in Second Floor.,CSE
ID card not issued in Room 101.,Others
Required book is unavailable in Lab 2.,Library
Scholarship not received in Block B.,Others
Tap is leaking in Block B.,Maintenance
Oscilloscope not working in Block B.,ECE
Washroom needs cleaning in Room 101.,Cleaning
Loose electrical wiring in Block B.,Electrical
Book issue system not working in Block A.,Library
Loose electrical wiring in Admin Block.,Electrical
Plumbing problem in Second Floor.,Maintenance
ID card not issued in Room 204.,Others
System is running very slow in Lab 1.,CSE
Digital trainer board failed in First Floor.,ECE
Fan not working in hostel room in Room 204.,Hostel
Water leaking from ceiling in Second Floor.,Maintenance
Function generator faulty in Admin Block.,ECE
Library computer not working in Second Floor.,Library
Generator backup failed in Room 101.,Electrical
Website login problem in Block B.,Others
Bathroom is dirty in Admin Block.,Hostel
Staircase is dusty in Block B.,Cleaning
Bad smell in corridor in Room 204.,Cleaning
No water supply in hostel in Room 101.,Hostel
No water supply in hostel in Lab 2.,Hostel
Mess food quality is poor in Block B.,Hostel
Hall ticket not generated in Block B.,Others
Bus pass issue in Second Floor.,Others
Window glass is broken in Admin Block.,Maintenance
Computer not starting in Block B.,CSE
Oscilloscope not working in Block A.,ECE
Roof seepage issue in Admin Block.,Maintenance
Reading room is noisy in Room 101.,Library
Lab equipment is faulty in Lab 2.,ECE
System is running very slow in First Floor.,CSE
Library AC not working in First Floor.,Library
Lab equipment is faulty in Second Floor.,ECE
Keyboard not working in Room 101.,CSE
Window glass is broken in Room 204.,Maintenance
Fan is not working in Room 204.,Electrical
Digital trainer board failed in Second Floor.,ECE
Required book is unavailable in First Floor.,Library
Campus area is dirty in Block A.,Cleaning
Tap is leaking in Block A.,Maintenance
Fan not working in hostel room in Block B.,Hostel
ID card not issued in Lab 2.,Others
Roof seepage issue in Lab 1.,Maintenance
Garbage not collected in Room 101.,Cleaning
Scholarship not received in Block A.,Others
Floor needs mopping in Room 101.,Cleaning
Power socket not working in Room 101.,Electrical
Bathroom is dirty in Lab 1.,Hostel
Light is flickering in Lab 2.,Electrical
Book issue system not working in Lab 1.,Library
Book issue system not working in Room 101.,Library
Room lock is broken in Block A.,Hostel
Hostel WiFi not working in Block B.,Hostel
Power outage in classroom in Block B.,Electrical
Room lock is broken in Block A.,Hostel
Room lock is broken in First Floor.,Hostel
Bad smell in corridor in Lab 1.,Cleaning
Loose electrical wiring in Room 204.,Electrical
Door lock is broken in Room 204.,Maintenance
Power socket not working in Lab 1.,Electrical
Library internet not working in Second Floor.,Library
Digital trainer board failed in First Floor.,ECE
Power socket not working in Lab 2.,Electrical
Switch board is damaged in Second Floor.,Electrical
Mouse is not responding in Block A.,CSE
Roof seepage issue in Lab 2.,Maintenance
Broken classroom bench in Room 101.,Maintenance
Wall has cracks in Second Floor.,Maintenance
Generator backup failed in Room 101.,Electrical
No water supply in hostel in Lab 2.,Hostel
Function generator faulty in Lab 1.,ECE
Hostel WiFi not working in Room 101.,Hostel
Breadboard is damaged in Lab 2.,ECE
Staircase is dusty in Second Floor.,Cleaning
Lab equipment is faulty in Admin Block.,ECE
Water leaking from ceiling in Admin Block.,Maintenance
ID card not issued in Admin Block.,Others
Function generator faulty in Lab 2.,ECE
Function generator faulty in First Floor.,ECE
Power socket not working in First Floor.,Electrical
Internet not working in lab in Room 101.,CSE
Software installation required in Lab 2.,CSE
Website login problem in Second Floor.,Others
Broken classroom bench in Admin Block.,Maintenance
Computer not starting in Lab 1.,CSE
Fan not working in hostel room in Admin Block.,Hostel
Hall ticket not generated in Block B.,Others
Roof seepage issue in Lab 2.,Maintenance
Keyboard not working in Block A.,CSE
Door lock is broken in Room 101.,Maintenance
Plumbing problem in Room 204.,Maintenance
Wall has cracks in Second Floor.,Maintenance
Drinking water cooler not working in Block B.,Hostel
Book return portal not working in Lab 2.,Library
Wall has cracks in Block A.,Maintenance
Loose electrical wiring in Lab 1.,Electrical
Digital trainer board failed in Admin Block.,ECE
Power socket not working in Block B.,Electrical
Scholarship not received in Block B.,Others
Campus area is dirty in Block B.,Cleaning
Window glass is broken in Room 204.,Maintenance
Water leaking from ceiling in Admin Block.,Maintenance
Oscilloscope not working in Admin Block.,ECE
Monitor display is blank in Second Floor.,CSE
Fan is not working in Lab 2.,Electrical
Lab equipment is faulty in Room 204.,ECE
Floor needs mopping in Room 101.,Cleaning
Hostel WiFi not working in Block B.,Hostel
Mess food quality is poor in Block B.,Hostel
Window glass is broken in Second Floor.,Maintenance
Mess food quality is poor in Second Floor.,Hostel
Mouse is not responding in Second Floor.,CSE
Door lock is broken in Block B.,Maintenance
Function generator faulty in Admin Block.,ECE
Keyboard not working in Second Floor.,CSE
Reading room is noisy in First Floor.,Library
Room lock is broken in Room 204.,Hostel
Library AC not working in Block A.,Library
Bad smell in corridor in Second Floor.,Cleaning
General enquiry not resolved in Lab 1.,Others
Tube light not working in Lab 1.,Electrical
No water supply in hostel in Block A.,Hostel
Insufficient seating in library in Lab 1.,Library
Software installation required in Block A.,CSE
Insufficient seating in library in Admin Block.,Library
Book return portal not working in Room 101.,Library
Microcontroller kit not working in Lab 1.,ECE
ID card not issued in First Floor.,Others
Room lock is broken in First Floor.,Hostel
Window glass is broken in Room 101.,Maintenance
ID card not issued in Admin Block.,Others
Window glass is broken in First Floor.,Maintenance
Keyboard not working in Lab 1.,CSE
Drinking water cooler not working in Lab 1.,Hostel
ID card not issued in Room 204.,Others
Monitor display is blank in Lab 2.,CSE
Generator backup failed in Room 204.,Electrical
Mess food quality is poor in Room 101.,Hostel
Website login problem in Room 101.,Others
Keyboard not working in Admin Block.,CSE
Required book is unavailable in Room 101.,Library
Hostel room needs cleaning in Lab 1.,Hostel
Room lock is broken in Admin Block.,Hostel
Oscilloscope not working in First Floor.,ECE
Library internet not working in Block B.,Library
Keyboard not working in First Floor.,CSE
Fan not working in hostel room in Admin Block.,Hostel
Breadboard is damaged in Block A.,ECE
Breadboard is damaged in Block B.,ECE
General enquiry not resolved in Second Floor.,Others
Staircase is dusty in Lab 1.,Cleaning
Window glass is broken in Room 204.,Maintenance
Broken classroom bench in Room 101.,Maintenance
Library AC not working in Block B.,Library
Loose electrical wiring in Lab 1.,Electrical
Classroom is very dirty in Lab 2.,Cleaning
Signal generator issue in First Floor.,ECE
Book issue system not working in Lab 2.,Library
Washroom needs cleaning in Lab 2.,Cleaning
Drinking water cooler not working in Lab 2.,Hostel
Power socket not working in Block A.,Electrical
Wall has cracks in Block A.,Maintenance
Library AC not working in Room 101.,Library
Light is flickering in Second Floor.,Electrical
Staircase is dusty in Room 204.,Cleaning
Book return portal not working in Block B.,Library
Window glass is broken in First Floor.,Maintenance
Water leaking from ceiling in Second Floor.,Maintenance
Reading room is noisy in Lab 1.,Library
Loose electrical wiring in First Floor.,Electrical
Power socket not working in Lab 2.,Electrical
Power socket not working in Admin Block.,Electrical
Hostel WiFi not working in Room 101.,Hostel
Window glass is broken in Block B.,Maintenance
Garbage not collected in Block B.,Cleaning
Mess food quality is poor in Lab 1.,Hostel
Oscilloscope not working in First Floor.,ECE
Drinking water cooler not working in Block B.,Hostel
Tap is leaking in First Floor.,Maintenance
System is running very slow in Second Floor.,CSE
Generator backup failed in Admin Block.,Electrical
Reading room is noisy in Block A.,Library
Window glass is broken in Room 204.,Maintenance
Microcontroller kit not working in Block A.,ECE
Signal generator issue in Second Floor.,ECE
Tube light not working in Block A.,Electrical
Bonafide certificate delayed in Lab 2.,Others
Campus area is dirty in First Floor.,Cleaning
Software installation required in Room 204.,CSE
Bonafide certificate delayed in Lab 1.,Others
ID card not issued in First Floor.,Others
Library AC not working in Second Floor.,Library
Fan not working in hostel room in Lab 2.,Hostel
Bus pass issue in Second Floor.,Others
Mess food quality is poor in Block B.,Hostel
No water supply in hostel in Room 101.,Hostel
Lab equipment is faulty in Lab 2.,ECE
Digital trainer board failed in Block B.,ECE
Bad smell in corridor in Admin Block.,Cleaning
General enquiry not resolved in Room 101.,Others
Wall has cracks in Second Floor.,Maintenance
Reading room is noisy in Lab 2.,Library
Loose electrical wiring in First Floor.,Electrical
Dustbins are overflowing in Lab 1.,Cleaning
Dustbins are overflowing in Room 204.,Cleaning
Computer not starting in Lab 2.,CSE
Power socket not working in First Floor.,Electrical
Keyboard not working in Block A.,CSE
Hostel room needs cleaning in Admin Block.,Hostel
Fan is not working in First Floor.,Electrical
Software installation required in First Floor.,CSE
Required book is unavailable in Block A.,Library
Water leaking from ceiling in Lab 1.,Maintenance
Scholarship not received in Room 204.,Others
Function generator faulty in Lab 2.,ECE
Classroom is very dirty in Room 204.,Cleaning
Printer not working in Block A.,CSE
Fan is not working in Block B.,Electrical
Printer not working in Lab 2.,CSE
Bad smell in corridor in Block B.,Cleaning
Scholarship not received in Block A.,Others
No water supply in hostel in Lab 2.,Hostel
Software installation required in First Floor.,CSE
Oscilloscope not working in Lab 2.,ECE
No water supply in hostel in Second Floor.,Hostel
Tube light not working in Block B.,Electrical
Mouse is not responding in Block A.,CSE
Printer not working in Block B.,CSE
Garbage not collected in Lab 1.,Cleaning
Switch board is damaged in Second Floor.,Electrical
Mess food quality is poor in Block B.,Hostel
Function generator faulty in Lab 2.,ECE
Loose electrical wiring in Room 101.,Electrical
Required book is unavailable in Second Floor.,Library
Oscilloscope not working in Admin Block.,ECE
Broken classroom bench in Room 204.,Maintenance
Printer not working in First Floor.,CSE
Generator backup failed in Block B.,Electrical
Book issue system not working in Block B.,Library
Window glass is broken in Room 204.,Maintenance
Bus pass issue in First Floor.,Others
Dustbins are overflowing in Room 204.,Cleaning
Internet not working in lab in Admin Block.,CSE
ID card not issued in Room 204.,Others
Floor needs mopping in Lab 2.,Cleaning
Library internet not working in Room 101.,Library
Book issue system not working in Second Floor.,Library
Mouse is not responding in Lab 2.,CSE
Arduino board not detected in Lab 1.,ECE
Broken classroom bench in Room 204.,Maintenance
Arduino board not detected in Second Floor.,ECE
Monitor display is blank in Second Floor.,CSE
Campus area is dirty in Admin Block.,Cleaning
Book return portal not working in First Floor.,Library
Microcontroller kit not working in Room 204.,ECE
Room lock is broken in First Floor.,Hostel
Dustbins are overflowing in Room 101.,Cleaning
Internet not working in lab in Room 101.,CSE
Breadboard is damaged in Lab 2.,ECE
Printer not working in Lab 1.,CSE
Bad smell in corridor in Block A.,Cleaning
Fan is not working in Second Floor.,Electrical
Software installation required in Admin Block.,CSE
Library internet not working in First Floor.,Library
Microcontroller kit not working in Admin Block.,ECE
Tube light not working in First Floor.,Electrical
Mouse is not responding in Block A.,CSE
Bonafide certificate delayed in Block A.,Others
Fee payment portal not working in Lab 1.,Others
Drinking water cooler not working in Room 204.,Hostel
Digital trainer board failed in Room 204.,ECE
Library internet not working in Room 101.,Library
Software installation required in Block A.,CSE
Software installation required in Room 204.,CSE
Broken classroom bench in First Floor.,Maintenance
Plumbing problem in First Floor.,Maintenance
Library internet not working in First Floor.,Library
Floor needs mopping in Lab 1.,Cleaning
Washroom needs cleaning in Lab 2.,Cleaning
Hostel WiFi not working in Lab 1.,Hostel
Campus area is dirty in Block B.,Cleaning
Internet not working in lab in Block B.,CSE
Switch board is damaged in Second Floor.,Electrical
Generator backup failed in Lab 2.,Electrical
General enquiry not resolved in Block A.,Others
Roof seepage issue in Block B.,Maintenance
Floor needs mopping in Admin Block.,Cleaning
Scholarship not received in Block B.,Others
Required book is unavailable in Block A.,Library
Campus area is dirty in Admin Block.,Cleaning
Door lock is broken in Lab 1.,Maintenance
Bad smell in corridor in Block A.,Cleaning
Required book is unavailable in Lab 1.,Library
Scholarship not received in Room 204.,Others
Door lock is broken in Room 204.,Maintenance
Computer not starting in Admin Block.,CSE
Arduino board not detected in First Floor.,ECE
Library AC not working in First Floor.,Library
Insufficient seating in library in Lab 1.,Library
Garbage not collected in Block B.,Cleaning
Window glass is broken in Second Floor.,Maintenance
Printer not working in Block B.,CSE
Computer not starting in First Floor.,CSE
Mouse is not responding in Lab 2.,CSE
Dustbins are overflowing in Lab 1.,Cleaning
Hall ticket not generated in Lab 2.,Others
ID card not issued in Second Floor.,Others
Internet not working in lab in Block A.,CSE
No water supply in hostel in Lab 1.,Hostel
Mouse is not responding in Block B.,CSE
Printer not working in Block A.,CSE
Hostel WiFi not working in Block A.,Hostel
Printer not working in First Floor.,CSE
Generator backup failed in Admin Block.,Electrical
Generator backup failed in Block B.,Electrical
Broken classroom bench in Block B.,Maintenance
Internet not working in lab in Admin Block.,CSE
Garbage not collected in Admin Block.,Cleaning
Breadboard is damaged in Block A.,ECE
Software installation required in Block B.,CSE
Bathroom is dirty in Room 101.,Hostel
Window glass is broken in Block A.,Maintenance
Mouse is not responding in Lab 2.,CSE
Bus pass issue in Lab 1.,Others
Computer not starting in Admin Block.,CSE
Wall has cracks in Admin Block.,Maintenance
Drinking water cooler not working in First Floor.,Hostel
Hostel room needs cleaning in Lab 2.,Hostel
Mouse is not responding in Lab 1.,CSE
Broken classroom bench in Admin Block.,Maintenance
Bathroom is dirty in Room 101.,Hostel
Microcontroller kit not working in Block B.,ECE
Roof seepage issue in Admin Block.,Maintenance
Power socket not working in First Floor.,Electrical
General enquiry not resolved in Admin Block.,Others
Book return portal not working in Lab 2.,Library
Website login problem in Lab 2.,Others
Fee payment portal not working in Block B.,Others
Digital trainer board failed in Lab 2.,ECE
Light is flickering in Room 101.,Electrical
Water leaking from ceiling in Admin Block.,Maintenance
Garbage not collected in Lab 1.,Cleaning
Signal generator issue in Admin Block.,ECE
Light is flickering in Block A.,Electrical
Microcontroller kit not working in Room 204.,ECE
Generator backup failed in First Floor.,Electrical
Software installation required in Second Floor.,CSE
Library computer not working in Second Floor.,Library
Loose electrical wiring in Room 101.,Electrical
Door lock is broken in Room 101.,Maintenance
System is running very slow in Lab 2.,CSE
Required book is unavailable in First Floor.,Library
Library computer not working in Block A.,Library
Hostel WiFi not working in Lab 2.,Hostel
Mouse is not responding in Room 204.,CSE
Required book is unavailable in Lab 2.,Library
Printer not working in Block A.,CSE
Fee payment portal not working in Lab 1.,Others
Switch board is damaged in Lab 1.,Electrical
No water supply in hostel in Lab 2.,Hostel
ID card not issued in Lab 2.,Others
Dustbins are overflowing in Second Floor.,Cleaning
Function generator faulty in Block A.,ECE
Generator backup failed in Second Floor.,Electrical
Printer not working in Room 204.,CSE
Fan is not working in Second Floor.,Electrical
Internet not working in lab in Room 101.,CSE
Wall has cracks in First Floor.,Maintenance
Reading room is noisy in Admin Block.,Library
Bad smell in corridor in Room 204.,Cleaning
System is running very slow in Lab 2.,CSE
Drinking water cooler not working in Lab 1.,Hostel
Lab equipment is faulty in Lab 2.,ECE
Insufficient seating in library in Second Floor.,Library
Door lock is broken in Lab 1.,Maintenance
Bathroom is dirty in Second Floor.,Hostel
Broken classroom bench in Admin Block.,Maintenance
Room lock is broken in Room 101.,Hostel
Window glass is broken in Room 101.,Maintenance
Room lock is broken in Room 204.,Hostel
Internet not working in lab in Room 101.,CSE
Required book is unavailable in Lab 1.,Library
Power outage in classroom in Lab 2.,Electrical
Arduino board not detected in First Floor.,ECE
General enquiry not resolved in Lab 2.,Others
Microcontroller kit not working in Room 204.,ECE
Monitor display is blank in Room 204.,CSE
Internet not working in lab in Lab 1.,CSE
Fan not working in hostel room in First Floor.,Hostel
Library computer not working in Lab 1.,Library
Lab equipment is faulty in Admin Block.,ECE
Classroom is very dirty in First Floor.,Cleaning
Power outage in classroom in Room 101.,Electrical
Tap is leaking in Lab 1.,Maintenance
Drinking water cooler not working in Room 101.,Hostel
Power socket not working in Admin Block.,Electrical
Switch board is damaged in Lab 2.,Electrical
Scholarship not received in Lab 2.,Others
Bonafide certificate delayed in Lab 2.,Others
Oscilloscope not working in Room 101.,ECE
Roof seepage issue in Room 204.,Maintenance
Tap is leaking in Second Floor.,Maintenance
Tube light not working in First Floor.,Electrical
Hostel WiFi not working in Lab 1.,Hostel
Library internet not working in Second Floor.,Library
Book return portal not working in Lab 1.,Library
Dustbins are overflowing in Lab 1.,Cleaning
Library computer not working in Lab 1.,Library
Generator backup failed in Lab 2.,Electrical
Hostel WiFi not working in Lab 1.,Hostel
Tap is leaking in Room 101.,Maintenance
Light is flickering in Room 204.,Electrical
Signal generator issue in Block A.,ECE
Window glass is broken in Admin Block.,Maintenance
Floor needs mopping in Block A.,Cleaning
Required book is unavailable in Lab 1.,Library
Library computer not working in Room 101.,Library
No water supply in hostel in First Floor.,Hostel
Bathroom is dirty in Lab 2.,Hostel
Light is flickering in Block A.,Electrical
Function generator faulty in Lab 2.,ECE
Water leaking from ceiling in Block A.,Maintenance
Monitor display is blank in Second Floor.,CSE
Library AC not working in Block B.,Library
Switch board is damaged in Admin Block.,Electrical
System is running very slow in Lab 1.,CSE
Door lock is broken in Block B.,Maintenance
Oscilloscope not working in Block A.,ECE
Wall has cracks in Lab 2.,Maintenance
ID card not issued in Lab 2.,Others
Library internet not working in First Floor.,Library
Oscilloscope not working in Lab 1.,ECE
Room lock is broken in Room 101.,Hostel
Digital trainer board failed in Room 101.,ECE
General enquiry not resolved in Lab 2.,Others
Insufficient seating in library in Lab 1.,Library
System is running very slow in Room 204.,CSE
Tap is leaking in Room 101.,Maintenance
Book return portal not working in First Floor.,Library
Switch board is damaged in Second Floor.,Electrical
Floor needs mopping in Second Floor.,Cleaning
Insufficient seating in library in Lab 2.,Library
Mess food quality is poor in Admin Block.,Hostel
ID card not issued in First Floor.,Others
No water supply in hostel in Room 204.,Hostel
Oscilloscope not working in Admin Block.,ECE
Bathroom is dirty in First Floor.,Hostel
Water leaking from ceiling in Block B.,Maintenance
Reading room is noisy in First Floor.,Library
Bathroom is dirty in Block B.,Hostel
Campus area is dirty in Block B.,Cleaning
Campus area is dirty in Lab 2.,Cleaning
Insufficient seating in library in Admin Block.,Library
Library AC not working in Admin Block.,Library
ID card not issued in Room 204.,Others
Drinking water cooler not working in First Floor.,Hostel
Generator backup failed in Room 101.,Electrical
Staircase is dusty in First Floor.,Cleaning
Garbage not collected in Lab 1.,Cleaning
Dustbins are overflowing in Block A.,Cleaning
Book return portal not working in Room 204.,Library
Library computer not working in Block A.,Library
Arduino board not detected in Room 101.,ECE
Arduino board not detected in Block A.,ECE
Fan is not working in Room 204.,Electrical
Scholarship not received in Block A.,Others
Scholarship not received in Room 101.,Others
Arduino board not detected in Room 204.,ECE
Bathroom is dirty in Block B.,Hostel
Library internet not working in Admin Block.,Library
Switch board is damaged in Block B.,Electrical
Monitor display is blank in Block A.,CSE
Water leaking from ceiling in Block B.,Maintenance
Monitor display is blank in Lab 1.,CSE
Keyboard not working in Admin Block.,CSE
Tap is leaking in Lab 2.,Maintenance
Door lock is broken in Room 204.,Maintenance
Drinking water cooler not working in Room 204.,Hostel
Wall has cracks in Second Floor.,Maintenance
Printer not working in Room 204.,CSE
ID card not issued in Lab 1.,Others
Function generator faulty in Block B.,ECE
Digital trainer board failed in Room 204.,ECE
Oscilloscope not working in Room 101.,ECE
Scholarship not received in Room 101.,Others
Keyboard not working in Admin Block.,CSE
Computer not starting in Admin Block.,CSE
Drinking water cooler not working in Second Floor.,Hostel
Keyboard not working in Block B.,CSE
Printer not working in Second Floor.,CSE
Plumbing problem in Room 204.,Maintenance
Breadboard is damaged in Lab 2.,ECE
Mess food quality is poor in Lab 2.,Hostel
Staircase is dusty in Room 204.,Cleaning
Fan not working in hostel room in Block A.,Hostel
Digital trainer board failed in Lab 2.,ECE
Drinking water cooler not working in Room 204.,Hostel
Bad smell in corridor in Room 101.,Cleaning
Hostel WiFi not working in Lab 2.,Hostel
System is running very slow in Room 204.,CSE
Digital trainer board failed in Lab 2.,ECE
Keyboard not working in Block B.,CSE
Bad smell in corridor in Block B.,Cleaning
Function generator faulty in First Floor.,ECE
Signal generator issue in Block A.,ECE
Internet not working in lab in Block A.,CSE
Room lock is broken in Block B.,Hostel
Light is flickering in Second Floor.,Electrical
Staircase is dusty in Room 101.,Cleaning
ID card not issued in Block A.,Others
Book return portal not working in Block A.,Library
Keyboard not working in Block B.,CSE
General enquiry not resolved in Block A.,Others
Staircase is dusty in Lab 1.,Cleaning
Mouse is not responding in Lab 1.,CSE
Required book is unavailable in Block A.,Library
ID card not issued in Lab 2.,Others
Washroom needs cleaning in Block A.,Cleaning
Washroom needs cleaning in Lab 1.,Cleaning
Internet not working in lab in Admin Block.,CSE
Generator backup failed in Room 101.,Electrical
Monitor display is blank in First Floor.,CSE
Microcontroller kit not working in Block B.,ECE
Book issue system not working in Room 204.,Library
Mouse is not responding in Room 204.,CSE
Wall has cracks in Admin Block.,Maintenance
Loose electrical wiring in Room 101.,Electrical
Oscilloscope not working in Block A.,ECE
Washroom needs cleaning in Lab 2.,Cleaning
ID card not issued in Room 204.,Others
Monitor display is blank in Room 101.,CSE
Internet not working in lab in Room 204.,CSE
Scholarship not received in Block B.,Others
Drinking water cooler not working in Room 101.,Hostel
Classroom is very dirty in Admin Block.,Cleaning
Campus area is dirty in Lab 1.,Cleaning
Room lock is broken in First Floor.,Hostel
Fan is not working in Admin Block.,Electrical
Signal generator issue in Admin Block.,ECE
Library computer not working in Block B.,Library
Roof seepage issue in Block B.,Maintenance
System is running very slow in Second Floor.,CSE
Hall ticket not generated in Admin Block.,Others
Garbage not collected in Block A.,Cleaning
Library computer not working in Second Floor.,Library
Insufficient seating in library in First Floor.,Library
Hall ticket not generated in Lab 2.,Others
Website login problem in Block A.,Others
Washroom needs cleaning in First Floor.,Cleaning
Digital trainer board failed in Lab 1.,ECE
Water leaking from ceiling in Admin Block.,Maintenance
Signal generator issue in Block B.,ECE
Drinking water cooler not working in Second Floor.,Hostel
Breadboard is damaged in Room 101.,ECE
Required book is unavailable in Lab 1.,Library
Signal generator issue in Block B.,ECE
Staircase is dusty in Block A.,Cleaning
Bad smell in corridor in Block B.,Cleaning
Tap is leaking in First Floor.,Maintenance
Roof seepage issue in First Floor.,Maintenance
Function generator faulty in Admin Block.,ECE
Bathroom is dirty in Room 101.,Hostel
Window glass is broken in Second Floor.,Maintenance
Campus area is dirty in Room 204.,Cleaning
Plumbing problem in Room 204.,Maintenance
Loose electrical wiring in Lab 1.,Electrical
No water supply in hostel in Lab 1.,Hostel
Plumbing problem in Block A.,Maintenance
Fan not working in hostel room in Block B.,Hostel
Drinking water cooler not working in Lab 1.,Hostel
Bad smell in corridor in First Floor.,Cleaning
Power outage in classroom in Block B.,Electrical
Light is flickering in Room 204.,Electrical
General enquiry not resolved in Lab 1.,Others
Printer not working in Room 101.,CSE
Room lock is broken in Lab 2.,Hostel
Digital trainer board failed in Room 101.,ECE
Broken classroom bench in Lab 2.,Maintenance
No water supply in hostel in Second Floor.,Hostel
Scholarship not received in Lab 2.,Others
Classroom is very dirty in Block B.,Cleaning
Door lock is broken in Lab 2.,Maintenance
Book issue system not working in Admin Block.,Library
Loose electrical wiring in Admin Block.,Electrical
No water supply in hostel in First Floor.,Hostel
Classroom is very dirty in Lab 2.,Cleaning
Library internet not working in Admin Block.,Library
Roof seepage issue in Room 101.,Maintenance
Bus pass issue in First Floor.,Others
Garbage not collected in Room 204.,Cleaning
Signal generator issue in Lab 1.,ECE
Required book is unavailable in Room 101.,Library
Washroom needs cleaning in Block B.,Cleaning
Tap is leaking in Admin Block.,Maintenance
Mouse is not responding in Room 101.,CSE
Floor needs mopping in Admin Block.,Cleaning
Plumbing problem in First Floor.,Maintenance
Lab equipment is faulty in Lab 2.,ECE
Wall has cracks in Room 204.,Maintenance
Computer not starting in Room 204.,CSE
Switch board is damaged in Lab 2.,Electrical
ID card not issued in Block B.,Others
Hostel WiFi not working in Room 101.,Hostel
Floor needs mopping in Room 204.,Cleaning
Bad smell in corridor in Lab 1.,Cleaning
Power outage in classroom in First Floor.,Electrical
Tube light not working in Block B.,Electrical
Loose electrical wiring in First Floor.,Electrical
Mouse is not responding in Block A.,CSE
Library internet not working in Admin Block.,Library
Tube light not working in Block B.,Electrical
No water supply in hostel in Admin Block.,Hostel
Staircase is dusty in Lab 1.,Cleaning
Window glass is broken in Block B.,Maintenance
Digital trainer board failed in Lab 2.,ECE
Bonafide certificate delayed in Lab 1.,Others
Signal generator issue in Room 101.,ECE
Hostel room needs cleaning in First Floor.,Hostel
Required book is unavailable in Room 204.,Library
Door lock is broken in Block B.,Maintenance
Fan is not working in Admin Block.,Electrical
Bathroom is dirty in Lab 2.,Hostel
Roof seepage issue in Room 101.,Maintenance
Bad smell in corridor in Admin Block.,Cleaning
Garbage not collected in Second Floor.,Cleaning
Roof seepage issue in First Floor.,Maintenance
Generator backup failed in Lab 2.,Electrical
Fan not working in hostel room in Block B.,Hostel
Bathroom is dirty in Second Floor.,Hostel
Insufficient seating in library in Second Floor.,Library
Staircase is dusty in Block B.,Cleaning
Breadboard is damaged in Block A.,ECE
Power outage in classroom in First Floor.,Electrical
Hostel WiFi not working in Room 204.,Hostel
Fan is not working in First Floor.,Electrical
Light is flickering in Admin Block.,Electrical
Fee payment portal not working in Block B.,Others
Insufficient seating in library in Second Floor.,Library
Loose electrical wiring in Room 101.,Electrical
Plumbing problem in Lab 2.,Maintenance
Printer not working in Lab 2.,CSE
Room lock is broken in Room 204.,Hostel
Internet not working in lab in First Floor.,CSE
Library computer not working in Block A.,Library
Oscilloscope not working in Block B.,ECE
Breadboard is damaged in Lab 1.,ECE
Book issue system not working in Admin Block.,Library
Scholarship not received in Admin Block.,Others
Oscilloscope not working in Lab 2.,ECE
Garbage not collected in Second Floor.,Cleaning
Room lock is broken in First Floor.,Hostel
Drinking water cooler not working in First Floor.,Hostel
Power outage in classroom in Room 101.,Electrical
Scholarship not received in First Floor.,Others
Breadboard is damaged in Admin Block.,ECE
Drinking water cooler not working in Second Floor.,Hostel
ID card not issued in Second Floor.,Others
Roof seepage issue in Second Floor.,Maintenance
Generator backup failed in Block A.,Electrical
Room lock is broken in Room 101.,Hostel
Breadboard is damaged in Admin Block.,ECE
Reading room is noisy in Block A.,Library
Mouse is not responding in Admin Block.,CSE
Door lock is broken in Room 101.,Maintenance
Staircase is dusty in First Floor.,Cleaning
Hall ticket not generated in Lab 1.,Others
Power socket not working in Block A.,Electrical
Required book is unavailable in Admin Block.,Library
Book return portal not working in Second Floor.,Library
Software installation required in Room 101.,CSE
Book return portal not working in Room 101.,Library
Required book is unavailable in Block B.,Library
Staircase is dusty in Block B.,Cleaning
Internet not working in lab in Room 204.,CSE
Roof seepage issue in Second Floor.,Maintenance
Power socket not working in Room 204.,Electrical
Wall has cracks in Lab 1.,Maintenance
Power socket not working in Lab 2.,Electrical
Staircase is dusty in Admin Block.,Cleaning
Reading room is noisy in Block B.,Library
Function generator faulty in Room 101.,ECE
Window glass is broken in Second Floor.,Maintenance
Library computer not working in Second Floor.,Library
Room lock is broken in Admin Block.,Hostel
No water supply in hostel in Admin Block.,Hostel
Lab equipment is faulty in Admin Block.,ECE
Website login problem in Block A.,Others
Water leaking from ceiling in Second Floor.,Maintenance
Arduino board not detected in Admin Block.,ECE
System is running very slow in Room 101.,CSE
No water supply in hostel in Admin Block.,Hostel
Staircase is dusty in Block A.,Cleaning
Reading room is noisy in Room 204.,Library
Plumbing problem in Lab 2.,Maintenance
Campus area is dirty in Block B.,Cleaning
Power socket not working in Admin Block.,Electrical
Website login problem in First Floor.,Others
Software installation required in Lab 2.,CSE
Lab equipment is faulty in Second Floor.,ECE
Printer not working in Block B.,CSE
Power socket not working in First Floor.,Electrical
Plumbing problem in Block A.,Maintenance
Library AC not working in Block A.,Library
Power socket not working in Block A.,Electrical
Garbage not collected in Block A.,Cleaning
Book return portal not working in Admin Block.,Library
Tube light not working in Room 204.,Electrical
Room lock is broken in Block A.,Hostel
Insufficient seating in library in Block A.,Library
Roof seepage issue in Lab 2.,Maintenance
Plumbing problem in Room 204.,Maintenance
Library computer not working in Room 101.,Library
Roof seepage issue in Block B.,Maintenance
Garbage not collected in First Floor.,Cleaning
Floor needs mopping in First Floor.,Cleaning
Loose electrical wiring in Room 204.,Electrical
Insufficient seating in library in Block A.,Library
Tube light not working in Lab 1.,Electrical
Printer not working in Block A.,CSE
Scholarship not received in First Floor.,Others
Mess food quality is poor in Room 204.,Hostel
Signal generator issue in Room 101.,ECE
General enquiry not resolved in Lab 2.,Others
Function generator faulty in Block B.,ECE
Drinking water cooler not working in Admin Block.,Hostel
Function generator faulty in Block A.,ECE
Oscilloscope not working in Lab 1.,ECE
Keyboard not working in Lab 1.,CSE
Insufficient seating in library in Block A.,Library
Wall has cracks in Lab 2.,Maintenance
Broken classroom bench in Room 204.,Maintenance
Arduino board not detected in Room 204.,ECE
Scholarship not received in Admin Block.,Others
Book return portal not working in Second Floor.,Library
Arduino board not detected in Room 101.,ECE
Book issue system not working in Block A.,Library
Room lock is broken in Second Floor.,Hostel
Library computer not working in Block B.,Library
Staircase is dusty in Block B.,Cleaning
Campus area is dirty in Room 204.,Cleaning
Library computer not working in Second Floor.,Library
Keyboard not working in Block B.,CSE
Insufficient seating in library in Room 204.,Library
Reading room is noisy in Lab 1.,Library
Library internet not working in Room 204.,Library
Campus area is dirty in First Floor.,Cleaning
Breadboard is damaged in Room 204.,ECE
Scholarship not received in Lab 1.,Others
Bus pass issue in Lab 2.,Others
Roof seepage issue in Room 101.,Maintenance
ID card not issued in Lab 1.,Others
Washroom needs cleaning in First Floor.,Cleaning
Required book is unavailable in Room 204.,Library
Garbage not collected in First Floor.,Cleaning
Mouse is not responding in First Floor.,CSE
Book return portal not working in Room 101.,Library
Fan not working in hostel room in Room 204.,Hostel
Monitor display is blank in Block B.,CSE
Keyboard not working in Second Floor.,CSE
Bonafide certificate delayed in Room 204.,Others
General enquiry not resolved in Block A.,Others
Washroom needs cleaning in Lab 2.,Cleaning
Generator backup failed in Second Floor.,Electrical
Software installation required in Admin Block.,CSE
Plumbing problem in Second Floor.,Maintenance
Breadboard is damaged in Lab 2.,ECE
Fee payment portal not working in First Floor.,Others
Breadboard is damaged in First Floor.,ECE
ID card not issued in Block A.,Others
Door lock is broken in First Floor.,Maintenance
Software installation required in Lab 1.,CSE
Fan not working in hostel room in Lab 2.,Hostel
Fan not working in hostel room in First Floor.,Hostel
Tube light not working in Second Floor.,Electrical
Software installation required in Second Floor.,CSE
Library computer not working in First Floor.,Library
Broken classroom bench in Second Floor.,Maintenance
Bad smell in corridor in Block B.,Cleaning
Garbage not collected in Room 101.,Cleaning
Tube light not working in Room 101.,Electrical
Printer not working in Lab 1.,CSE
Oscilloscope not working in Block A.,ECE
Washroom needs cleaning in Lab 2.,Cleaning
Lab equipment is faulty in Admin Block.,ECE
Tube light not working in First Floor.,Electrical
Library internet not working in Room 101.,Library
Staircase is dusty in First Floor.,Cleaning
Printer not working in First Floor.,CSE
Library computer not working in Room 204.,Library
Internet not working in lab in Second Floor.,CSE
Hostel WiFi not working in Block B.,Hostel
Signal generator issue in Lab 1.,ECE
Staircase is dusty in Block B.,Cleaning
Book return portal not working in Lab 2.,Library
Breadboard is damaged in Room 101.,ECE
Campus area is dirty in First Floor.,Cleaning
Light is flickering in Room 101.,Electrical
Fan is not working in Admin Block.,Electrical
Digital trainer board failed in Room 101.,ECE
Garbage not collected in First Floor.,Cleaning
Broken classroom bench in First Floor.,Maintenance
Book return portal not working in Room 204.,Library
Fee payment portal not working in First Floor.,Others
Power socket not working in Room 204.,Electrical
Campus area is dirty in First Floor.,Cleaning
Power outage in classroom in Room 204.,Electrical
Lab equipment is faulty in Room 204.,ECE
Hostel WiFi not working in Block B.,Hostel
Door lock is broken in First Floor.,Maintenance
Staircase is dusty in Block A.,Cleaning
Wall has cracks in Lab 1.,Maintenance
Lab equipment is faulty in Room 204.,ECE
No water supply in hostel in Second Floor.,Hostel
Library AC not working in Room 204.,Library
Function generator faulty in Room 101.,ECE
Library AC not working in First Floor.,Library
Plumbing problem in Block A.,Maintenance
Power outage in classroom in Second Floor.,Electrical
Wall has cracks in Room 204.,Maintenance
Reading room is noisy in Second Floor.,Library
Window glass is broken in Lab 2.,Maintenance
Book issue system not working in Lab 2.,Library
Website login problem in Block A.,Others
Power outage in classroom in Room 101.,Electrical
Room lock is broken in Room 204.,Hostel
Microcontroller kit not working in Lab 2.,ECE
Door lock is broken in Block B.,Maintenance
Internet not working in lab in Block A.,CSE
Fee payment portal not working in First Floor.,Others
Lab equipment is faulty in Admin Block.,ECE
Bad smell in corridor in Block A.,Cleaning
Door lock is broken in Second Floor.,Maintenance
Door lock is broken in Lab 1.,Maintenance
Power socket not working in Admin Block.,Electrical
Broken classroom bench in Lab 2.,Maintenance
System is running very slow in Lab 2.,CSE
Power socket not working in Room 204.,Electrical
Lab equipment is faulty in Room 204.,ECE
Internet not working in lab in Room 101.,CSE
Bus pass issue in Second Floor.,Others
Library AC not working in Second Floor.,Library
Loose electrical wiring in Lab 1.,Electrical
Floor needs mopping in Second Floor.,Cleaning
Plumbing problem in First Floor.,Maintenance
Power outage in classroom in Lab 2.,Electrical
Computer not starting in Second Floor.,CSE
Printer not working in Room 204.,CSE
General enquiry not resolved in Admin Block.,Others
Room lock is broken in Lab 1.,Hostel
ID card not issued in Room 204.,Others
Breadboard is damaged in Lab 2.,ECE
Room lock is broken in Lab 1.,Hostel
Fan is not working in First Floor.,Electrical
Breadboard is damaged in Room 204.,ECE
Breadboard is damaged in Lab 1.,ECE
Bad smell in corridor in Room 101.,Cleaning
Bathroom is dirty in Block B.,Hostel
Classroom is very dirty in Block B.,Cleaning
Signal generator issue in Block B.,ECE
Room lock is broken in Lab 2.,Hostel
Power outage in classroom in Room 101.,Electrical
Water leaking from ceiling in Lab 2.,Maintenance
Library internet not working in Block A.,Library
Door lock is broken in Block B.,Maintenance
Scholarship not received in Second Floor.,Others
Power socket not working in First Floor.,Electrical
Broken classroom bench in Block A.,Maintenance
Window glass is broken in Block A.,Maintenance
Drinking water cooler not working in Room 101.,Hostel
Breadboard is damaged in Second Floor.,ECE
Plumbing problem in First Floor.,Maintenance
System is running very slow in Lab 1.,CSE
Book return portal not working in Second Floor.,Library
Power outage in classroom in Room 101.,Electrical
Software installation required in Block A.,CSE
Wall has cracks in Block B.,Maintenance
Arduino board not detected in Block B.,ECE
Fan is not working in Second Floor.,Electrical
Mess food quality is poor in Admin Block.,Hostel
Mess food quality is poor in Room 101.,Hostel
Scholarship not received in Block B.,Others
General enquiry not resolved in Block B.,Others
Reading room is noisy in Block B.,Library
Drinking water cooler not working in Block B.,Hostel
Classroom is very dirty in Block A.,Cleaning
Breadboard is damaged in Room 204.,ECE
Library AC not working in Block A.,Library
Fan is not working in Block A.,Electrical
Software installation required in Lab 2.,CSE
Plumbing problem in Block A.,Maintenance
Lab equipment is faulty in Admin Block.,ECE
Monitor display is blank in First Floor.,CSE
Generator backup failed in Room 204.,Electrical
Internet not working in lab in First Floor.,CSE
Loose electrical wiring in Room 101.,Electrical
Required book is unavailable in Room 204.,Library
Hall ticket not generated in Block A.,Others
Library internet not working in Lab 1.,Library
Printer not working in Block A.,CSE
Dustbins are overflowing in First Floor.,Cleaning
Wall has cracks in Second Floor.,Maintenance
Digital trainer board failed in Block B.,ECE
Room lock is broken in Second Floor.,Hostel
Classroom is very dirty in Lab 1.,Cleaning
Washroom needs cleaning in First Floor.,Cleaning
Loose electrical wiring in Admin Block.,Electrical
Power socket not working in Lab 1.,Electrical
Broken classroom bench in Block B.,Maintenance
Room lock is broken in Room 204.,Hostel
Plumbing problem in First Floor.,Maintenance
Required book is unavailable in Lab 1.,Library
Library computer not working in Block A.,Library
Water leaking from ceiling in Admin Block.,Maintenance
Tube light not working in Lab 1.,Electrical
Generator backup failed in Room 101.,Electrical
Generator backup failed in Room 101.,Electrical
Tap is leaking in Admin Block.,Maintenance
Printer not working in Admin Block.,CSE
Signal generator issue in Room 101.,ECE
Water leaking from ceiling in Lab 1.,Maintenance
Campus area is dirty in Lab 1.,Cleaning
Monitor display is blank in Second Floor.,CSE
Printer not working in Admin Block.,CSE
Keyboard not working in Second Floor.,CSE
Broken classroom bench in Block B.,Maintenance
Power outage in classroom in First Floor.,Electrical
Hall ticket not generated in Lab 1.,Others
Library internet not working in Block B.,Library
Breadboard is damaged in Second Floor.,ECE
Book return portal not working in Lab 2.,Library
Bathroom is dirty in Admin Block.,Hostel
Tube light not working in Room 101.,Electrical
Dustbins are overflowing in Room 101.,Cleaning
Bonafide certificate delayed in Second Floor.,Others
Wall has cracks in Block A.,Maintenance
Digital trainer board failed in Block B.,ECE
Book issue system not working in Lab 2.,Library
Broken classroom bench in Admin Block.,Maintenance
Reading room is noisy in First Floor.,Library
Arduino board not detected in First Floor.,ECE
ID card not issued in Lab 1.,Others
Book return portal not working in Block A.,Library
Book issue system not working in Admin Block.,Library
Library AC not working in Lab 2.,Library
Classroom is very dirty in Room 101.,Cleaning
Reading room is noisy in Lab 2.,Library
Lab equipment is faulty in Room 101.,ECE
Oscilloscope not working in Block B.,ECE
Power outage in classroom in Admin Block.,Electrical
Software installation required in Lab 2.,CSE
Function generator faulty in Admin Block.,ECE
Hostel room needs cleaning in Room 204.,Hostel
Scholarship not received in Room 204.,Others
Loose electrical wiring in First Floor.,Electrical
Drinking water cooler not working in Room 204.,Hostel
Dustbins are overflowing in Room 101.,Cleaning
Wall has cracks in Lab 2.,Maintenance
Mess food quality is poor in Room 101.,Hostel
Campus area is dirty in Room 204.,Cleaning
Printer not working in Admin Block.,CSE
Function generator faulty in Block B.,ECE
Arduino board not detected in Block B.,ECE
Hostel room needs cleaning in Block A.,Hostel
Campus area is dirty in Room 101.,Cleaning
Reading room is noisy in Admin Block.,Library
Window glass is broken in First Floor.,Maintenance
Lab equipment is faulty in Room 204.,ECE
Hostel WiFi not working in First Floor.,Hostel
Mess food quality is poor in Room 101.,Hostel
Library AC not working in First Floor.,Library
Wall has cracks in Second Floor.,Maintenance
Printer not working in Block B.,CSE
Library computer not working in Admin Block.,Library
Breadboard is damaged in Second Floor.,ECE
Wall has cracks in Block A.,Maintenance
Library computer not working in Room 101.,Library
Signal generator issue in Second Floor.,ECE
Loose electrical wiring in Room 101.,Electrical
Dustbins are overflowing in Second Floor.,Cleaning
Computer not starting in Lab 1.,CSE
Digital trainer board failed in Block B.,ECE
Generator backup failed in Block B.,Electrical
Power socket not working in Admin Block.,Electrical
Digital trainer board failed in Lab 2.,ECE
Insufficient seating in library in Block B.,Library
Fan not working in hostel room in Lab 1.,Hostel
Tube light not working in Second Floor.,Electrical
Arduino board not detected in Room 101.,ECE
Lab equipment is faulty in Block B.,ECE
Function generator faulty in Lab 1.,ECE
Website login problem in First Floor.,Others
Lab equipment is faulty in Room 204.,ECE
Bathroom is dirty in Block B.,Hostel
Room lock is broken in Lab 2.,Hostel
Switch board is damaged in Admin Block.,Electrical
Function generator faulty in Room 204.,ECE
Generator backup failed in First Floor.,Electrical
General enquiry not resolved in Room 204.,Others
Mess food quality is poor in Room 204.,Hostel
Mouse is not responding in Lab 2.,CSE
Water leaking from ceiling in Admin Block.,Maintenance
Library AC not working in Block A.,Library
Signal generator issue in Block B.,ECE
Software installation required in Room 101.,CSE
Function generator faulty in Lab 1.,ECE
Fee payment portal not working in Lab 2.,Others
Fee payment portal not working in Room 204.,Others
Book issue system not working in Lab 2.,Library
Library computer not working in Room 204.,Library
General enquiry not resolved in Block A.,Others
Room lock is broken in Room 101.,Hostel
ID card not issued in Room 204.,Others
Library computer not working in Admin Block.,Library
Mess food quality is poor in Room 204.,Hostel
Window glass is broken in Lab 2.,Maintenance
ID card not issued in Block B.,Others
No water supply in hostel in Block B.,Hostel
Staircase is dusty in Room 101.,Cleaning
Signal generator issue in Lab 1.,ECE
Website login problem in Second Floor.,Others
Fee payment portal not working in First Floor.,Others
Staircase is dusty in Room 101.,Cleaning
Mouse is not responding in Block B.,CSE
Roof seepage issue in Admin Block.,Maintenance
Classroom is very dirty in Block B.,Cleaning
Power socket not working in Block A.,Electrical
Scholarship not received in Lab 2.,Others
Oscilloscope not working in Block B.,ECE
Broken classroom bench in Admin Block.,Maintenance
Floor needs mopping in Room 101.,Cleaning
Tap is leaking in Admin Block.,Maintenance
Printer not working in Block A.,CSE
Oscilloscope not working in Lab 2.,ECE
Hostel WiFi not working in Block B.,Hostel
Hall ticket not generated in Admin Block.,Others
Dustbins are overflowing in Room 204.,Cleaning
Computer not starting in Room 101.,CSE
Scholarship not received in Lab 1.,Others
Mouse is not responding in Block B.,CSE
Water leaking from ceiling in Block A.,Maintenance
Insufficient seating in library in First Floor.,Library
Signal generator issue in Second Floor.,ECE
Software installation required in First Floor.,CSE
Fan not working in hostel room in Block A.,Hostel
Internet not working in lab in Room 101.,CSE
Scholarship not received in Second Floor.,Others
Hostel WiFi not working in Second Floor.,Hostel
Power socket not working in First Floor.,Electrical
Book return portal not working in Room 204.,Library
General enquiry not resolved in Second Floor.,Others
Website login problem in Block B.,Others
Reading room is noisy in Room 204.,Library
Book issue system not working in Lab 2.,Library
Water leaking from ceiling in Block A.,Maintenance
Breadboard is damaged in Block A.,ECE
Campus area is dirty in First Floor.,Cleaning
Window glass is broken in Lab 1.,Maintenance
Software installation required in Room 101.,CSE
Roof seepage issue in Room 101.,Maintenance
Book return portal not working in Block A.,Library
Library internet not working in Room 204.,Library
Broken classroom bench in Lab 2.,Maintenance
ID card not issued in First Floor.,Others
Power outage in classroom in Block A.,Electrical
Software installation required in Admin Block.,CSE
Plumbing problem in Lab 2.,Maintenance
Reading room is noisy in First Floor.,Library
Oscilloscope not working in Block B.,ECE
Digital trainer board failed in Lab 2.,ECE
Bonafide certificate delayed in Block A.,Others
Tube light not working in First Floor.,Electrical
Roof seepage issue in Block B.,Maintenance
Water leaking from ceiling in Lab 2.,Maintenance
Reading room is noisy in First Floor.,Library
Bus pass issue in Room 204.,Others
Library internet not working in Admin Block.,Library
Book return portal not working in Block A.,Library
Hostel room needs cleaning in Room 204.,Hostel
Hall ticket not generated in Room 101.,Others
No water supply in hostel in Second Floor.,Hostel
Loose electrical wiring in Second Floor.,Electrical
Hostel room needs cleaning in Admin Block.,Hostel
Microcontroller kit not working in Lab 2.,ECE
Water leaking from ceiling in First Floor.,Maintenance
Generator backup failed in Room 204.,Electrical
Fee payment portal not working in Room 204.,Others
Book issue system not working in First Floor.,Library
Campus area is dirty in Room 204.,Cleaning
Microcontroller kit not working in Lab 1.,ECE
Book issue system not working in Block A.,Library
Library internet not working in Lab 2.,Library
Book issue system not working in Room 204.,Library
Fan not working in hostel room in Lab 1.,Hostel
Plumbing problem in Block B.,Maintenance
Generator backup failed in Block B.,Electrical
Tube light not working in Room 101.,Electrical
Computer not starting in Block B.,CSE
Wall has cracks in Second Floor.,Maintenance
Oscilloscope not working in Room 204.,ECE
Door lock is broken in Block A.,Maintenance
Fee payment portal not working in Lab 1.,Others
Required book is unavailable in Room 101.,Library
Broken classroom bench in Lab 1.,Maintenance
Oscilloscope not working in Block A.,ECE
Hostel room needs cleaning in Second Floor.,Hostel
Digital trainer board failed in Block B.,ECE
Loose electrical wiring in Room 204.,Electrical
Dustbins are overflowing in First Floor.,Cleaning
Dustbins are overflowing in Lab 1.,Cleaning
Bad smell in corridor in Room 204.,Cleaning
Mess food quality is poor in Lab 1.,Hostel
Library computer not working in Admin Block.,Library
Bathroom is dirty in Block B.,Hostel
Classroom is very dirty in Lab 1.,Cleaning
Water leaking from ceiling in Lab 2.,Maintenance
Classroom is very dirty in Room 204.,Cleaning
Required book is unavailable in Lab 2.,Library
Hostel room needs cleaning in Admin Block.,Hostel
Monitor display is blank in Block B.,CSE
Internet not working in lab in Lab 1.,CSE
Lab equipment is faulty in Lab 2.,ECE
Internet not working in lab in Block B.,CSE
Bad smell in corridor in First Floor.,Cleaning
Broken classroom bench in Lab 2.,Maintenance
Garbage not collected in Lab 2.,Cleaning
Mess food quality is poor in Second Floor.,Hostel
Breadboard is damaged in Room 101.,ECE
Door lock is broken in Lab 2.,Maintenance
Mess food quality is poor in Lab 2.,Hostel
Broken classroom bench in Admin Block.,Maintenance
Power socket not working in Room 101.,Electrical
Light is flickering in Lab 1.,Electrical
Mouse is not responding in Block B.,CSE
Dustbins are overflowing in Admin Block.,Cleaning
Hall ticket not generated in Block A.,Others
Washroom needs cleaning in Room 101.,Cleaning
Library computer not working in Lab 1.,Library
Function generator faulty in Block B.,ECE
Light is flickering in Lab 2.,Electrical
Mouse is not responding in Room 101.,CSE
Microcontroller kit not working in Room 204.,ECE
Roof seepage issue in Block A.,Maintenance
Library computer not working in Room 101.,Library
System is running very slow in First Floor.,CSE
Library computer not working in Room 101.,Library
Window glass is broken in Room 101.,Maintenance
Fan is not working in Block A.,Electrical
Bad smell in corridor in Block B.,Cleaning
Switch board is damaged in Admin Block.,Electrical
Campus area is dirty in Admin Block.,Cleaning
Library computer not working in Lab 2.,Library
Broken classroom bench in Admin Block.,Maintenance
Monitor display is blank in Block A.,CSE
Power socket not working in Room 101.,Electrical
Book issue system not working in Block A.,Library
No water supply in hostel in Block A.,Hostel
Insufficient seating in library in Room 101.,Library
Plumbing problem in Second Floor.,Maintenance
Roof seepage issue in First Floor.,Maintenance
Hostel WiFi not working in Lab 2.,Hostel
Window glass is broken in Block B.,Maintenance
Tube light not working in Second Floor.,Electrical
Computer not starting in Second Floor.,CSE
Light is flickering in Room 101.,Electrical
Lab equipment is faulty in Admin Block.,ECE
Software installation required in Lab 1.,CSE
Tap is leaking in Block A.,Maintenance
Power outage in classroom in Second Floor.,Electrical
Website login problem in Block B.,Others
Fan not working in hostel room in Second Floor.,Hostel
Hostel WiFi not working in Room 204.,Hostel
Hostel room needs cleaning in Admin Block.,Hostel
Mess food quality is poor in Admin Block.,Hostel
Monitor display is blank in Block B.,CSE
System is running very slow in Room 204.,CSE
Insufficient seating in library in Lab 1.,Library
Power socket not working in Lab 1.,Electrical
Window glass is broken in Admin Block.,Maintenance
Switch board is damaged in Lab 1.,Electrical
Microcontroller kit not working in Admin Block.,ECE
Switch board is damaged in Lab 1.,Electrical
Insufficient seating in library in Room 204.,Library
Book return portal not working in Block A.,Library
No water supply in hostel in Room 204.,Hostel
Window glass is broken in Second Floor.,Maintenance
Fan is not working in Admin Block.,Electrical
Drinking water cooler not working in Admin Block.,Hostel
Tube light not working in Second Floor.,Electrical
Hall ticket not generated in Admin Block.,Others
Room lock is broken in First Floor.,Hostel
Breadboard is damaged in Block B.,ECE
Fan is not working in Block A.,Electrical
Wall has cracks in Admin Block.,Maintenance
Wall has cracks in Lab 2.,Maintenance
Mouse is not responding in Lab 1.,CSE
Generator backup failed in Second Floor.,Electrical
Bonafide certificate delayed in First Floor.,Others
Mouse is not responding in First Floor.,CSE
Staircase is dusty in Lab 1.,Cleaning
Library AC not working in Block B.,Library
Internet not working in lab in Second Floor.,CSE
Hostel room needs cleaning in Second Floor.,Hostel
Staircase is dusty in Lab 2.,Cleaning
Library computer not working in Room 204.,Library
Function generator faulty in Block B.,ECE
Keyboard not working in Admin Block.,CSE
Broken classroom bench in Second Floor.,Maintenance
Light is flickering in Room 204.,Electrical
Hostel room needs cleaning in Room 101.,Hostel
Generator backup failed in Lab 1.,Electrical
Book return portal not working in Room 204.,Library
Printer not working in Block B.,CSE
Roof seepage issue in Room 204.,Maintenance
Broken classroom bench in Block A.,Maintenance
Keyboard not working in Block B.,CSE
Window glass is broken in Room 101.,Maintenance
Loose electrical wiring in Block B.,Electrical
Library internet not working in Lab 1.,Library
Tap is leaking in Room 204.,Maintenance
Tap is leaking in Room 204.,Maintenance
Power socket not working in Admin Block.,Electrical
Reading room is noisy in Lab 1.,Library
System is running very slow in Room 204.,CSE
Oscilloscope not working in First Floor.,ECE
Bathroom is dirty in Lab 2.,Hostel
Tap is leaking in Admin Block.,Maintenance
Monitor display is blank in First Floor.,CSE
Hall ticket not generated in Block A.,Others
Door lock is broken in Second Floor.,Maintenance
Broken classroom bench in Room 101.,Maintenance
Reading room is noisy in Room 101.,Library
Signal generator issue in Lab 2.,ECE
Bathroom is dirty in Room 204.,Hostel
Room lock is broken in Block A.,Hostel
Roof seepage issue in Second Floor.,Maintenance
Oscilloscope not working in Lab 1.,ECE
Switch board is damaged in Lab 2.,Electrical
Required book is unavailable in Lab 1.,Library
Required book is unavailable in Block B.,Library
Floor needs mopping in Room 101.,Cleaning
Breadboard is damaged in Block B.,ECE
Function generator faulty in Admin Block.,ECE
Staircase is dusty in Room 204.,Cleaning
Floor needs mopping in Lab 1.,Cleaning
Digital trainer board failed in First Floor.,ECE
Drinking water cooler not working in First Floor.,Hostel
Staircase is dusty in Room 101.,Cleaning
Fan not working in hostel room in Second Floor.,Hostel
Window glass is broken in Lab 2.,Maintenance
ID card not issued in Lab 1.,Others
Broken classroom bench in Block B.,Maintenance
Hostel WiFi not working in Block B.,Hostel
Tube light not working in Admin Block.,Electrical
Bonafide certificate delayed in Room 101.,Others
Insufficient seating in library in Block B.,Library
Tap is leaking in Lab 2.,Maintenance
Bonafide certificate delayed in Admin Block.,Others
Keyboard not working in Room 204.,CSE
Tube light not working in Room 101.,Electrical
Hall ticket not generated in Second Floor.,Others
Software installation required in Room 204.,CSE
Arduino board not detected in Lab 2.,ECE
Microcontroller kit not working in First Floor.,ECE
Generator backup failed in Room 101.,Electrical
Hostel WiFi not working in Admin Block.,Hostel
Function generator faulty in Block B.,ECE
Breadboard is damaged in Lab 1.,ECE
System is running very slow in Lab 2.,CSE
Printer not working in Admin Block.,CSE
Signal generator issue in Admin Block.,ECE
Fan is not working in Room 101.,Electrical
Tube light not working in Lab 1.,Electrical
Lab equipment is faulty in Room 101.,ECE
Scholarship not received in Admin Block.,Others
Fan is not working in Second Floor.,Electrical
Floor needs mopping in Block B.,Cleaning
Library internet not working in First Floor.,Library
Window glass is broken in Lab 1.,Maintenance
Garbage not collected in Second Floor.,Cleaning
Broken classroom bench in First Floor.,Maintenance
Classroom is very dirty in Lab 2.,Cleaning
ID card not issued in Lab 2.,Others
Tap is leaking in Block A.,Maintenance
Website login problem in Admin Block.,Others
Printer not working in Block B.,CSE
Tube light not working in Admin Block.,Electrical
Wall has cracks in Room 204.,Maintenance
Room lock is broken in First Floor.,Hostel
Reading room is noisy in Lab 2.,Library
Arduino board not detected in Block A.,ECE
Software installation required in Block A.,CSE
Drinking water cooler not working in Admin Block.,Hostel
Scholarship not received in Room 204.,Others
Scholarship not received in Block A.,Others
Printer not working in Admin Block.,CSE
Garbage not collected in Room 101.,Cleaning
Bathroom is dirty in Room 204.,Hostel
Computer not starting in Room 101.,CSE
Power socket not working in Lab 1.,Electrical
Washroom needs cleaning in Room 101.,Cleaning
Campus area is dirty in Lab 2.,Cleaning
Wall has cracks in Lab 1.,Maintenance
Bonafide certificate delayed in Block B.,Others
Wall has cracks in Room 204.,Maintenance
Book issue system not working in Second Floor.,Library
Tap is leaking in Second Floor.,Maintenance
Hostel WiFi not working in Lab 1.,Hostel
Classroom is very dirty in Room 101.,Cleaning
Roof seepage issue in Block A.,Maintenance
Dustbins are overflowing in Block B.,Cleaning
Broken classroom bench in Second Floor.,Maintenance
Library internet not working in Block A.,Library
Campus area is dirty in Room 204.,Cleaning
Fan not working in hostel room in Room 101.,Hostel
Bonafide certificate delayed in Block B.,Others
Scholarship not received in First Floor.,Others
Fee payment portal not working in Room 101.,Others
Garbage not collected in Room 204.,Cleaning
Library internet not working in Second Floor.,Library
Bathroom is dirty in Room 204.,Hostel
No water supply in hostel in Block B.,Hostel
Arduino board not detected in Lab 2.,ECE
Bathroom is dirty in Lab 2.,Hostel
Breadboard is damaged in Room 204.,ECE
Fan is not working in Admin Block.,Electrical
Website login problem in Lab 1.,Others
Oscilloscope not working in Block A.,ECE
Printer not working in Block A.,CSE
Computer not starting in Room 101.,CSE
Internet not working in lab in First Floor.,CSE
System is running very slow in Lab 1.,CSE
Fan is not working in Room 204.,Electrical
Insufficient seating in library in Block B.,Library
Microcontroller kit not working in Room 204.,ECE
Floor needs mopping in Second Floor.,Cleaning
Power outage in classroom in Room 204.,Electrical
No water supply in hostel in Lab 1.,Hostel
Loose electrical wiring in Room 101.,Electrical
Insufficient seating in library in Room 101.,Library
Required book is unavailable in Block B.,Library
Reading room is noisy in Room 101.,Library
Roof seepage issue in Lab 1.,Maintenance
Light is flickering in Room 101.,Electrical
Mess food quality is poor in Block A.,Hostel
Digital trainer board failed in Block A.,ECE
Software installation required in Block B.,CSE
Bathroom is dirty in Second Floor.,Hostel
Microcontroller kit not working in Room 204.,ECE
Library internet not working in First Floor.,Library
Microcontroller kit not working in Block B.,ECE
Dustbins are overflowing in Room 204.,Cleaning
Roof seepage issue in Lab 1.,Maintenance
Mess food quality is poor in Lab 1.,Hostel
Bad smell in corridor in Room 204.,Cleaning
Microcontroller kit not working in Lab 2.,ECE
Breadboard is damaged in Room 204.,ECE
Generator backup failed in Admin Block.,Electrical
Floor needs mopping in Second Floor.,Cleaning
Tube light not working in Room 101.,Electrical
Signal generator issue in Second Floor.,ECE
Mouse is not responding in First Floor.,CSE
Reading room is noisy in Lab 2.,Library
Drinking water cooler not working in Second Floor.,Hostel
Printer not working in Lab 2.,CSE
ID card not issued in Room 101.,Others
Bad smell in corridor in Lab 2.,Cleaning
Floor needs mopping in Block B.,Cleaning
Tap is leaking in Block B.,Maintenance
Bonafide certificate delayed in Second Floor.,Others
Software installation required in Lab 1.,CSE
Scholarship not received in First Floor.,Others
Dustbins are overflowing in Lab 1.,Cleaning
Monitor display is blank in Block A.,CSE
Bathroom is dirty in Second Floor.,Hostel
Microcontroller kit not working in Block B.,ECE
Dustbins are overflowing in Lab 1.,Cleaning
Function generator faulty in Block A.,ECE
Switch board is damaged in Lab 1.,Electrical
Mouse is not responding in First Floor.,CSE
Window glass is broken in First Floor.,Maintenance
Generator backup failed in Room 101.,Electrical
Software installation required in Second Floor.,CSE
Monitor display is blank in Admin Block.,CSE
Classroom is very dirty in Admin Block.,Cleaning
Library AC not working in Block A.,Library
Internet not working in lab in Block A.,CSE
Insufficient seating in library in Lab 1.,Library
Internet not working in lab in Second Floor.,CSE
Hall ticket not generated in Room 204.,Others
Loose electrical wiring in Admin Block.,Electrical
Power socket not working in First Floor.,Electrical
Internet not working in lab in Lab 2.,CSE
Staircase is dusty in First Floor.,Cleaning
Light is flickering in Lab 1.,Electrical
Bonafide certificate delayed in Block B.,Others
Floor needs mopping in Second Floor.,Cleaning
Lab equipment is faulty in Second Floor.,ECE
Loose electrical wiring in First Floor.,Electrical
Wall has cracks in Second Floor.,Maintenance
Room lock is broken in Lab 2.,Hostel
Floor needs mopping in Block B.,Cleaning
Oscilloscope not working in Room 101.,ECE
Water leaking from ceiling in Block A.,Maintenance
Breadboard is damaged in Second Floor.,ECE
Campus area is dirty in Block B.,Cleaning
Library AC not working in Second Floor.,Library
Wall has cracks in Second Floor.,Maintenance
Washroom needs cleaning in Lab 2.,Cleaning
Roof seepage issue in Lab 1.,Maintenance
System is running very slow in Lab 2.,CSE
Fee payment portal not working in Admin Block.,Others
Breadboard is damaged in Admin Block.,ECE
Garbage not collected in Block A.,Cleaning
Classroom is very dirty in Lab 2.,Cleaning
Signal generator issue in Lab 2.,ECE
Bus pass issue in Second Floor.,Others
Broken classroom bench in Room 204.,Maintenance
Room lock is broken in Lab 1.,Hostel
Power socket not working in First Floor.,Electrical
Library computer not working in Block A.,Library
Staircase is dusty in Block A.,Cleaning
Insufficient seating in library in Block A.,Library
General enquiry not resolved in Room 101.,Others
General enquiry not resolved in Block B.,Others
Classroom is very dirty in First Floor.,Cleaning
Bus pass issue in Block B.,Others
System is running very slow in First Floor.,CSE
Washroom needs cleaning in Lab 1.,Cleaning
Washroom needs cleaning in Room 204.,Cleaning
Washroom needs cleaning in Second Floor.,Cleaning
Window glass is broken in Second Floor.,Maintenance
Generator backup failed in First Floor.,Electrical
System is running very slow in Block A.,CSE
Campus area is dirty in Lab 1.,Cleaning
Monitor display is blank in First Floor.,CSE
Book issue system not working in Block A.,Library
Hostel room needs cleaning in Block B.,Hostel
Signal generator issue in First Floor.,ECE
Printer not working in Block B.,CSE
Plumbing problem in Room 204.,Maintenance
Broken classroom bench in Admin Block.,Maintenance
Microcontroller kit not working in Lab 2.,ECE
Power socket not working in Block A.,Electrical
System is running very slow in Room 101.,CSE
Roof seepage issue in Lab 2.,Maintenance
Internet not working in lab in Block A.,CSE
Window glass is broken in Lab 1.,Maintenance
Tube light not working in Block B.,Electrical
Lab equipment is faulty in Admin Block.,ECE
Campus area is dirty in Second Floor.,Cleaning
General enquiry not resolved in Block A.,Others
General enquiry not resolved in Second Floor.,Others
Roof seepage issue in Admin Block.,Maintenance
Staircase is dusty in Second Floor.,Cleaning
Tube light not working in Room 204.,Electrical
Fan is not working in Admin Block.,Electrical
Lab equipment is faulty in Second Floor.,ECE
Bad smell in corridor in Lab 2.,Cleaning
Mouse is not responding in Room 204.,CSE
Scholarship not received in Room 101.,Others
Generator backup failed in Room 101.,Electrical
Book return portal not working in First Floor.,Library
No water supply in hostel in Second Floor.,Hostel
Roof seepage issue in Lab 1.,Maintenance
Water leaking from ceiling in Lab 1.,Maintenance
Switch board is damaged in Lab 1.,Electrical
Power outage in classroom in Lab 1.,Electrical
Book return portal not working in Admin Block.,Library
Bus pass issue in Room 204.,Others
Fee payment portal not working in Room 101.,Others
Power socket not working in Lab 2.,Electrical
Door lock is broken in Lab 2.,Maintenance
Bus pass issue in Block A.,Others
Room lock is broken in Room 204.,Hostel
Light is flickering in Lab 2.,Electrical
Library AC not working in Lab 1.,Library
Mouse is not responding in Second Floor.,CSE
Oscilloscope not working in Room 101.,ECE
Insufficient seating in library in Room 101.,Library
Mess food quality is poor in Lab 1.,Hostel
Software installation required in Block B.,CSE
Software installation required in Block B.,CSE
Library internet not working in Lab 1.,Library
Bus pass issue in Second Floor.,Others
Mouse is not responding in Room 101.,CSE
Book issue system not working in Block A.,Library
Water leaking from ceiling in Block B.,Maintenance
Library computer not working in Block A.,Library
Bonafide certificate delayed in Second Floor.,Others
Hostel room needs cleaning in Room 204.,Hostel
Bus pass issue in Room 101.,Others
Function generator faulty in Block B.,ECE
Signal generator issue in Lab 2.,ECE
System is running very slow in Lab 2.,CSE
Floor needs mopping in Second Floor.,Cleaning
Power socket not working in Lab 1.,Electrical
Switch board is damaged in First Floor.,Electrical
Monitor display is blank in Block A.,CSE
Fan is not working in Room 101.,Electrical
Arduino board not detected in Lab 2.,ECE
Library AC not working in Room 204.,Library
Door lock is broken in Lab 1.,Maintenance
Hostel room needs cleaning in Lab 2.,Hostel
Classroom is very dirty in Block A.,Cleaning
Monitor display is blank in Block B.,CSE
Roof seepage issue in Second Floor.,Maintenance
Drinking water cooler not working in First Floor.,Hostel
Water leaking from ceiling in Room 101.,Maintenance
Power outage in classroom in Lab 2.,Electrical
Wall has cracks in Block A.,Maintenance
Broken classroom bench in Admin Block.,Maintenance
Oscilloscope not working in Block A.,ECE
Drinking water cooler not working in Block B.,Hostel
Fan is not working in Room 204.,Electrical
Dustbins are overflowing in Block A.,Cleaning
Monitor display is blank in Room 101.,CSE
Water leaking from ceiling in First Floor.,Maintenance
Scholarship not received in First Floor.,Others
Dustbins are overflowing in Lab 1.,Cleaning
Fee payment portal not working in Lab 1.,Others
Fan not working in hostel room in Lab 2.,Hostel
Software installation required in Block A.,CSE
Insufficient seating in library in First Floor.,Library
Bonafide certificate delayed in Second Floor.,Others
Water leaking from ceiling in Room 101.,Maintenance
Hall ticket not generated in Room 204.,Others
Bad smell in corridor in Room 204.,Cleaning
Bathroom is dirty in First Floor.,Hostel
Fan is not working in Block B.,Electrical
Book return portal not working in Lab 1.,Library
Oscilloscope not working in Lab 1.,ECE
Fee payment portal not working in Room 101.,Others
Book return portal not working in Room 204.,Library
Hostel room needs cleaning in Lab 1.,Hostel
Generator backup failed in Second Floor.,Electrical
Lab equipment is faulty in Block A.,ECE
Insufficient seating in library in Block B.,Library
Printer not working in First Floor.,CSE
Fee payment portal not working in Block A.,Others
Website login problem in Second Floor.,Others
Keyboard not working in Room 101.,CSE
Mouse is not responding in Admin Block.,CSE
Power socket not working in First Floor.,Electrical
Plumbing problem in Block A.,Maintenance
Light is flickering in Admin Block.,Electrical
Book issue system not working in First Floor.,Library
Fan not working in hostel room in Block B.,Hostel
Breadboard is damaged in Room 204.,ECE
Computer not starting in Second Floor.,CSE
No water supply in hostel in Room 101.,Hostel
Arduino board not detected in Lab 2.,ECE
Arduino board not detected in Block A.,ECE
Switch board is damaged in Second Floor.,Electrical
Broken classroom bench in Second Floor.,Maintenance
Library AC not working in Block B.,Library
Internet not working in lab in Room 204.,CSE
Arduino board not detected in Block B.,ECE
Function generator faulty in Block A.,ECE
Plumbing problem in Room 204.,Maintenance
Switch board is damaged in Room 204.,Electrical
Wall has cracks in Room 204.,Maintenance
Campus area is dirty in Admin Block.,Cleaning
Hall ticket not generated in Admin Block.,Others
Function generator faulty in Lab 1.,ECE
Monitor display is blank in Block B.,CSE
Reading room is noisy in Admin Block.,Library
Library computer not working in Admin Block.,Library
Room lock is broken in Room 204.,Hostel
Oscilloscope not working in Second Floor.,ECE
Roof seepage issue in First Floor.,Maintenance
Classroom is very dirty in Block A.,Cleaning
Wall has cracks in Lab 2.,Maintenance
Room lock is broken in First Floor.,Hostel
Fan not working in hostel room in Lab 2.,Hostel
Wall has cracks in Lab 2.,Maintenance
Website login problem in Admin Block.,Others
Computer not starting in Room 204.,CSE
Bonafide certificate delayed in Lab 1.,Others
Lab equipment is faulty in Second Floor.,ECE
Breadboard is damaged in Second Floor.,ECE
Scholarship not received in Second Floor.,Others
Generator backup failed in First Floor.,Electrical
Bathroom is dirty in Room 204.,Hostel
Tube light not working in Room 204.,Electrical
Switch board is damaged in Lab 1.,Electrical
Hall ticket not generated in First Floor.,Others
Fee payment portal not working in Room 101.,Others
Lab equipment is faulty in Admin Block.,ECE
Library internet not working in Second Floor.,Library
Water leaking from ceiling in Second Floor.,Maintenance
Reading room is noisy in Second Floor.,Library
Library internet not working in Block A.,Library
Drinking water cooler not working in Lab 2.,Hostel
Fan is not working in Room 204.,Electrical
Library internet not working in Lab 1.,Library
Bus pass issue in Room 101.,Others
Garbage not collected in Second Floor.,Cleaning
Scholarship not received in Lab 2.,Others
Function generator faulty in Block A.,ECE
Hall ticket not generated in Room 101.,Others
ID card not issued in Admin Block.,Others
Insufficient seating in library in Second Floor.,Library
Power outage in classroom in Block A.,Electrical
Window glass is broken in Lab 2.,Maintenance
Computer not starting in Block B.,CSE
Fan is not working in Lab 1.,Electrical
Library internet not working in Lab 1.,Library
Software installation required in Admin Block.,CSE
Water leaking from ceiling in Lab 2.,Maintenance
Hostel WiFi not working in Block B.,Hostel
Door lock is broken in Room 101.,Maintenance
Wall has cracks in Block B.,Maintenance
Fan is not working in Block B.,Electrical
Loose electrical wiring in Lab 1.,Electrical
Tube light not working in Second Floor.,Electrical
Power socket not working in Second Floor.,Electrical
Internet not working in lab in Room 204.,CSE
Digital trainer board failed in Lab 2.,ECE
Function generator faulty in Lab 1.,ECE
Website login problem in Block B.,Others
Fan not working in hostel room in First Floor.,Hostel
Classroom is very dirty in Lab 1.,Cleaning
Insufficient seating in library in Lab 2.,Library
Breadboard is damaged in Block B.,ECE
Keyboard not working in Admin Block.,CSE
Oscilloscope not working in Lab 2.,ECE
Power outage in classroom in Block A.,Electrical
Required book is unavailable in Block B.,Library
Wall has cracks in First Floor.,Maintenance
Arduino board not detected in Room 204.,ECE
Water leaking from ceiling in Lab 2.,Maintenance
Campus area is dirty in Room 101.,Cleaning
Keyboard not working in Lab 2.,CSE
Roof seepage issue in First Floor.,Maintenance
Water leaking from ceiling in Lab 2.,Maintenance
Tap is leaking in Admin Block.,Maintenance
Required book is unavailable in Second Floor.,Library
Classroom is very dirty in Block B.,Cleaning
Lab equipment is faulty in Room 204.,ECE
Book return portal not working in First Floor.,Library
System is running very slow in Room 101.,CSE
Reading room is noisy in First Floor.,Library
Power outage in classroom in Lab 1.,Electrical
Roof seepage issue in Admin Block.,Maintenance
Breadboard is damaged in First Floor.,ECE
Mouse is not responding in Second Floor.,CSE
Classroom is very dirty in First Floor.,Cleaning
Mouse is not responding in Lab 1.,CSE
Washroom needs cleaning in Second Floor.,Cleaning
Door lock is broken in Room 101.,Maintenance
Bonafide certificate delayed in Admin Block.,Others
Lab equipment is faulty in Admin Block.,ECE
Garbage not collected in Block B.,Cleaning
Reading room is noisy in Lab 1.,Library
Bonafide certificate delayed in Lab 2.,Others
Computer not starting in Lab 2.,CSE
Computer not starting in Lab 1.,CSE
Broken classroom bench in Lab 2.,Maintenance
Campus area is dirty in Block B.,Cleaning
Hostel room needs cleaning in Admin Block.,Hostel
Wall has cracks in Room 101.,Maintenance
Bathroom is dirty in Lab 1.,Hostel
Library computer not working in Block B.,Library
Required book is unavailable in Block A.,Library
Light is flickering in Lab 2.,Electrical
Microcontroller kit not working in Lab 1.,ECE
Broken classroom bench in Lab 1.,Maintenance
Fan not working in hostel room in First Floor.,Hostel
Staircase is dusty in Room 101.,Cleaning
Floor needs mopping in Block B.,Cleaning
Broken classroom bench in Block B.,Maintenance
Keyboard not working in Second Floor.,CSE
Digital trainer board failed in Room 101.,ECE
Insufficient seating in library in Lab 2.,Library
Hall ticket not generated in Room 204.,Others
Internet not working in lab in Admin Block.,CSE
Library AC not working in Lab 2.,Library
Room lock is broken in Lab 2.,Hostel
Mess food quality is poor in Admin Block.,Hostel
Hall ticket not generated in Lab 1.,Others
Library internet not working in Lab 2.,Library
Floor needs mopping in Lab 1.,Cleaning
Function generator faulty in Second Floor.,ECE
Library AC not working in Lab 2.,Library
Function generator faulty in Second Floor.,ECE
Tap is leaking in Block A.,Maintenance
Internet not working in lab in Lab 2.,CSE
Campus area is dirty in Admin Block.,Cleaning
Garbage not collected in Second Floor.,Cleaning
Library internet not working in Block A.,Library
Drinking water cooler not working in Block A.,Hostel
Arduino board not detected in Admin Block.,ECE
Signal generator issue in Admin Block.,ECE
ID card not issued in Room 101.,Others
Window glass is broken in Block B.,Maintenance
Signal generator issue in First Floor.,ECE
Software installation required in Second Floor.,CSE
Fee payment portal not working in First Floor.,Others
Required book is unavailable in Lab 1.,Library
Bad smell in corridor in Admin Block.,Cleaning
Mess food quality is poor in Room 101.,Hostel
Keyboard not working in Block A.,CSE
Hostel WiFi not working in Second Floor.,Hostel
Hostel WiFi not working in Lab 1.,Hostel
System is running very slow in Admin Block.,CSE
Hostel room needs cleaning in Admin Block.,Hostel
Breadboard is damaged in Lab 2.,ECE
Scholarship not received in Room 204.,Others
Campus area is dirty in Admin Block.,Cleaning
Broken classroom bench in Room 101.,Maintenance
Breadboard is damaged in Block A.,ECE
General enquiry not resolved in Block A.,Others
Broken classroom bench in Admin Block.,Maintenance
Switch board is damaged in Lab 2.,Electrical
Power outage in classroom in Block B.,Electrical
Library AC not working in Block A.,Library
Fan is not working in Room 101.,Electrical
Loose electrical wiring in Room 101.,Electrical
Generator backup failed in Second Floor.,Electrical
Door lock is broken in Room 204.,Maintenance
Mouse is not responding in Lab 2.,CSE
Generator backup failed in Lab 1.,Electrical
Door lock is broken in Second Floor.,Maintenance
Digital trainer board failed in Room 101.,ECE
Breadboard is damaged in Block B.,ECE
Oscilloscope not working in Room 204.,ECE
No water supply in hostel in Block A.,Hostel
Loose electrical wiring in Lab 2.,Electrical
Power outage in classroom in Admin Block.,Electrical
Digital trainer board failed in Block A.,ECE
Library AC not working in Lab 2.,Library
Function generator faulty in Admin Block.,ECE
Signal generator issue in Lab 2.,ECE
Bonafide certificate delayed in Second Floor.,Others
Light is flickering in Lab 1.,Electrical
Keyboard not working in Second Floor.,CSE
Staircase is dusty in Block B.,Cleaning
System is running very slow in Lab 2.,CSE
Tap is leaking in Block A.,Maintenance
ID card not issued in Block B.,Others
Microcontroller kit not working in Block B.,ECE
Internet not working in lab in First Floor.,CSE
Keyboard not working in Lab 2.,CSE
Power outage in classroom in Lab 2.,Electrical
Loose electrical wiring in Block B.,Electrical
Reading room is noisy in Block B.,Library
Book issue system not working in Lab 2.,Library
Plumbing problem in Block A.,Maintenance
Bonafide certificate delayed in Lab 1.,Others
Book return portal not working in Admin Block.,Library
Fee payment portal not working in Block B.,Others
Campus area is dirty in Lab 2.,Cleaning
Bathroom is dirty in Block B.,Hostel
ID card not issued in First Floor.,Others
Switch board is damaged in Lab 1.,Electrical
Monitor display is blank in Second Floor.,CSE
Floor needs mopping in Second Floor.,Cleaning
Digital trainer board failed in Lab 1.,ECE
Wall has cracks in Room 204.,Maintenance
System is running very slow in First Floor.,CSE
Plumbing problem in First Floor.,Maintenance
Printer not working in First Floor.,CSE
Dustbins are overflowing in Lab 2.,Cleaning
Breadboard is damaged in Block B.,ECE
Switch board is damaged in Lab 1.,Electrical
Book issue system not working in Room 101.,Library
Roof seepage issue in Block A.,Maintenance
Water leaking from ceiling in First Floor.,Maintenance
Bus pass issue in First Floor.,Others
Book issue system not working in First Floor.,Library
Website login problem in Room 204.,Others
Fee payment portal not working in Block A.,Others
Required book is unavailable in Lab 2.,Library
Lab equipment is faulty in Lab 1.,ECE
System is running very slow in Block A.,CSE
Campus area is dirty in Second Floor.,Cleaning
Staircase is dusty in Room 204.,Cleaning
Power socket not working in Admin Block.,Electrical
Computer not starting in Second Floor.,CSE
Microcontroller kit not working in Admin Block.,ECE
Roof seepage issue in Room 204.,Maintenance
Hall ticket not generated in Admin Block.,Others
Mess food quality is poor in Lab 2.,Hostel
Classroom is very dirty in Block A.,Cleaning
Switch board is damaged in Admin Block.,Electrical
Fan is not working in Room 204.,Electrical
Fan is not working in Second Floor.,Electrical
Mouse is not responding in First Floor.,CSE
Insufficient seating in library in Block A.,Library
Plumbing problem in Lab 1.,Maintenance
Hostel WiFi not working in Block B.,Hostel
Website login problem in Block B.,Others
Library internet not working in Lab 1.,Library
Wall has cracks in Block B.,Maintenance
Staircase is dusty in Room 101.,Cleaning
Insufficient seating in library in Room 101.,Library
Roof seepage issue in Lab 1.,Maintenance
Bathroom is dirty in First Floor.,Hostel
Bonafide certificate delayed in First Floor.,Others
Roof seepage issue in Admin Block.,Maintenance
Required book is unavailable in Lab 1.,Library
Software installation required in Block A.,CSE
Floor needs mopping in Lab 2.,Cleaning
Bonafide certificate delayed in Lab 1.,Others
Mess food quality is poor in Block A.,Hostel
Garbage not collected in Second Floor.,Cleaning
Floor needs mopping in Lab 1.,Cleaning
Printer not working in Room 101.,CSE
Washroom needs cleaning in Room 101.,Cleaning
Insufficient seating in library in First Floor.,Library
Generator backup failed in Room 204.,Electrical
Room lock is broken in Block A.,Hostel
Signal generator issue in Room 204.,ECE
Classroom is very dirty in First Floor.,Cleaning
Power outage in classroom in Lab 1.,Electrical
Library AC not working in Block B.,Library
Floor needs mopping in Room 204.,Cleaning
Oscilloscope not working in Block B.,ECE
Insufficient seating in library in Lab 1.,Library
Bathroom is dirty in Block A.,Hostel
Tap is leaking in First Floor.,Maintenance
Lab equipment is faulty in Room 101.,ECE
Hostel room needs cleaning in First Floor.,Hostel
Signal generator issue in First Floor.,ECE
Computer not starting in Block A.,CSE
System is running very slow in Admin Block.,CSE
Reading room is noisy in Block B.,Library
Fan is not working in Room 101.,Electrical
Oscilloscope not working in Block A.,ECE
Switch board is damaged in Block B.,Electrical
Bathroom is dirty in Room 204.,Hostel
Tube light not working in First Floor.,Electrical
Tap is leaking in Room 204.,Maintenance
Insufficient seating in library in Admin Block.,Library
Printer not working in Lab 2.,CSE
Printer not working in Block B.,CSE
Hall ticket not generated in Second Floor.,Others
Function generator faulty in Block A.,ECE
Fee payment portal not working in Admin Block.,Others
Book issue system not working in Second Floor.,Library
Computer not starting in First Floor.,CSE
Roof seepage issue in Lab 2.,Maintenance
General enquiry not resolved in Room 204.,Others
Switch board is damaged in Admin Block.,Electrical
Bonafide certificate delayed in Admin Block.,Others
General enquiry not resolved in Block A.,Others
Hostel room needs cleaning in Block A.,Hostel
Plumbing problem in Block A.,Maintenance
Window glass is broken in Lab 1.,Maintenance
Generator backup failed in Block B.,Electrical
Water leaking from ceiling in Lab 1.,Maintenance
Signal generator issue in Second Floor.,ECE
Door lock is broken in Room 204.,Maintenance
ID card not issued in Admin Block.,Others
Required book is unavailable in Block B.,Library
Tap is leaking in Second Floor.,Maintenance
Bathroom is dirty in Admin Block.,Hostel
Software installation required in Lab 1.,CSE
Microcontroller kit not working in Block A.,ECE
Wall has cracks in Block B.,Maintenance
Room lock is broken in Room 204.,Hostel
Signal generator issue in Second Floor.,ECE
ID card not issued in First Floor.,Others
Drinking water cooler not working in Second Floor.,Hostel
Hostel room needs cleaning in Lab 2.,Hostel
Tap is leaking in Admin Block.,Maintenance
Bad smell in corridor in Admin Block.,Cleaning
Computer not starting in Admin Block.,CSE
Printer not working in Second Floor.,CSE
Function generator faulty in First Floor.,ECE
Digital trainer board failed in Lab 1.,ECE
Scholarship not received in Lab 2.,Others
Fan is not working in Block B.,Electrical
Loose electrical wiring in Admin Block.,Electrical
System is running very slow in First Floor.,CSE
Switch board is damaged in Room 204.,Electrical
Wall has cracks in First Floor.,Maintenance
Switch board is damaged in Block A.,Electrical
Mess food quality is poor in Admin Block.,Hostel
Monitor display is blank in Lab 2.,CSE
Tap is leaking in Room 101.,Maintenance
Hostel WiFi not working in Lab 1.,Hostel
Book issue system not working in First Floor.,Library
Breadboard is damaged in Room 204.,ECE
Signal generator issue in First Floor.,ECE
Power socket not working in Block B.,Electrical
Roof seepage issue in Block B.,Maintenance
Signal generator issue in Block A.,ECE
ID card not issued in Room 204.,Others
Library internet not working in Admin Block.,Library
Light is flickering in Block A.,Electrical
Fan is not working in Block B.,Electrical
Generator backup failed in Block B.,Electrical
Water leaking from ceiling in Lab 2.,Maintenance
Tube light not working in Room 101.,Electrical
Library internet not working in First Floor.,Library
Library AC not working in Room 101.,Library
Bathroom is dirty in Block B.,Hostel
Campus area is dirty in Block B.,Cleaning
Monitor display is blank in Block A.,CSE
Campus area is dirty in Lab 1.,Cleaning
Book issue system not working in First Floor.,Library
Wall has cracks in First Floor.,Maintenance
Hall ticket not generated in Room 101.,Others
Room lock is broken in Admin Block.,Hostel
Bathroom is dirty in First Floor.,Hostel
Required book is unavailable in First Floor.,Library
Insufficient seating in library in Block B.,Library
Microcontroller kit not working in Second Floor.,ECE
Bonafide certificate delayed in Lab 1.,Others
Fan not working in hostel room in First Floor.,Hostel
Printer not working in Lab 1.,CSE
Loose electrical wiring in Room 101.,Electrical
Washroom needs cleaning in Block B.,Cleaning
System is running very slow in Room 204.,CSE
Generator backup failed in Block B.,Electrical
Classroom is very dirty in Room 204.,Cleaning
Library internet not working in Lab 2.,Library
General enquiry not resolved in Admin Block.,Others
Computer not starting in Block A.,CSE
Signal generator issue in Block A.,ECE
Fee payment portal not working in First Floor.,Others
Plumbing problem in Second Floor.,Maintenance
Keyboard not working in Lab 1.,CSE
Internet not working in lab in Room 204.,CSE
System is running very slow in Lab 2.,CSE
Fan is not working in First Floor.,Electrical
Staircase is dusty in Lab 1.,Cleaning
Generator backup failed in Room 204.,Electrical
Oscilloscope not working in Admin Block.,ECE
Staircase is dusty in First Floor.,Cleaning
Library internet not working in Admin Block.,Library
Drinking water cooler not working in Lab 1.,Hostel
Broken classroom bench in Second Floor.,Maintenance
Light is flickering in First Floor.,Electrical
Water leaking from ceiling in First Floor.,Maintenance
Washroom needs cleaning in Lab 2.,Cleaning
Function generator faulty in Room 101.,ECE
Broken classroom bench in Second Floor.,Maintenance
Bathroom is dirty in Lab 1.,Hostel
Library computer not working in Block B.,Library
Hostel room needs cleaning in Room 101.,Hostel
Window glass is broken in Room 101.,Maintenance
Fan is not working in Second Floor.,Electrical
Wall has cracks in Block B.,Maintenance
Dustbins are overflowing in Lab 2.,Cleaning
Library computer not working in Block A.,Library
Fan not working in hostel room in Room 101.,Hostel
Campus area is dirty in Lab 2.,Cleaning
Insufficient seating in library in Second Floor.,Library
Oscilloscope not working in Block B.,ECE
Mouse is not responding in Second Floor.,CSE
Hostel WiFi not working in Lab 1.,Hostel
Library AC not working in Block B.,Library
Library AC not working in First Floor.,Library
Power outage in classroom in First Floor.,Electrical
Bonafide certificate delayed in Room 101.,Others
Fan not working in hostel room in Block A.,Hostel
Tap is leaking in Admin Block.,Maintenance
Insufficient seating in library in Block A.,Library
Room lock is broken in Room 204.,Hostel
Dustbins are overflowing in Lab 2.,Cleaning
Software installation required in Room 204.,CSE
Function generator faulty in Admin Block.,ECE
Printer not working in Block B.,CSE
Breadboard is damaged in Room 204.,ECE
System is running very slow in Second Floor.,CSE
Library AC not working in Second Floor.,Library
Classroom is very dirty in Room 101.,Cleaning
Floor needs mopping in Block A.,Cleaning
Required book is unavailable in Block A.,Library
General enquiry not resolved in First Floor.,Others
Mess food quality is poor in Block B.,Hostel
Roof seepage issue in Lab 1.,Maintenance
Switch board is damaged in Room 101.,Electrical
Oscilloscope not working in Lab 2.,ECE
Monitor display is blank in Lab 2.,CSE
Mouse is not responding in Room 204.,CSE
Generator backup failed in Admin Block.,Electrical
Signal generator issue in Lab 1.,ECE
Mess food quality is poor in Admin Block.,Hostel
Power outage in classroom in Lab 2.,Electrical
Light is flickering in Block B.,Electrical
Fan not working in hostel room in First Floor.,Hostel
Hostel WiFi not working in Lab 1.,Hostel
Drinking water cooler not working in Lab 1.,Hostel
Book issue system not working in Lab 2.,Library
Breadboard is damaged in First Floor.,ECE
Book return portal not working in First Floor.,Library
Room lock is broken in Admin Block.,Hostel
Insufficient seating in library in First Floor.,Library
Library computer not working in Room 204.,Library
Wall has cracks in First Floor.,Maintenance
Wall has cracks in Room 101.,Maintenance
Hostel room needs cleaning in Lab 2.,Hostel
Hall ticket not generated in Block A.,Others
Power socket not working in Block B.,Electrical
Tube light not working in Lab 2.,Electrical
Bathroom is dirty in Block B.,Hostel
Mouse is not responding in Room 204.,CSE
Classroom is very dirty in Block A.,Cleaning
Drinking water cooler not working in Block B.,Hostel
Mouse is not responding in Block B.,CSE
Printer not working in Second Floor.,CSE
Library AC not working in Lab 2.,Library
Required book is unavailable in Lab 1.,Library
Mess food quality is poor in Lab 2.,Hostel
Breadboard is damaged in Lab 1.,ECE
Book issue system not working in Admin Block.,Library
Bonafide certificate delayed in Room 101.,Others
Lab equipment is faulty in Block B.,ECE
Reading room is noisy in Admin Block.,Library
Fan is not working in Room 101.,Electrical
Keyboard not working in Second Floor.,CSE
Loose electrical wiring in Lab 2.,Electrical
Scholarship not received in Room 204.,Others
Fan is not working in Second Floor.,Electrical
Classroom is very dirty in First Floor.,Cleaning
Lab equipment is faulty in Lab 1.,ECE
Mouse is not responding in Admin Block.,CSE
Book issue system not working in Room 101.,Library
Library AC not working in Room 204.,Library
Bonafide certificate delayed in Block A.,Others
Tube light not working in Admin Block.,Electrical
Digital trainer board failed in Lab 1.,ECE
Digital trainer board failed in Lab 1.,ECE
Washroom needs cleaning in Lab 2.,Cleaning
Loose electrical wiring in Second Floor.,Electrical
Library computer not working in Room 101.,Library
Internet not working in lab in Room 204.,CSE
Library internet not working in Lab 1.,Library
Required book is unavailable in First Floor.,Library
Door lock is broken in Block B.,Maintenance
Bus pass issue in Lab 1.,Others
Mouse is not responding in First Floor.,CSE
Arduino board not detected in Lab 1.,ECE
System is running very slow in Lab 2.,CSE
Campus area is dirty in Lab 1.,Cleaning
Required book is unavailable in Room 101.,Library
Arduino board not detected in Block A.,ECE
Function generator faulty in Lab 1.,ECE
No water supply in hostel in First Floor.,Hostel
Plumbing problem in Second Floor.,Maintenance
Fan not working in hostel room in Room 101.,Hostel
Bus pass issue in First Floor.,Others
No water supply in hostel in Block A.,Hostel
Library computer not working in Lab 2.,Library
Printer not working in Room 101.,CSE
Hall ticket not generated in Lab 2.,Others
Roof seepage issue in Second Floor.,Maintenance
Scholarship not received in Lab 1.,Others
Reading room is noisy in Block A.,Library
Reading room is noisy in Second Floor.,Library
Function generator faulty in Lab 2.,ECE
No water supply in hostel in First Floor.,Hostel
Hall ticket not generated in Block B.,Others
Door lock is broken in Lab 2.,Maintenance
Power socket not working in Room 101.,Electrical
Garbage not collected in Admin Block.,Cleaning
Digital trainer board failed in First Floor.,ECE
Washroom needs cleaning in Lab 1.,Cleaning
Campus area is dirty in Second Floor.,Cleaning
Staircase is dusty in Lab 1.,Cleaning
ID card not issued in Block A.,Others
Generator backup failed in Second Floor.,Electrical
System is running very slow in Room 101.,CSE
Fan not working in hostel room in Block A.,Hostel
Keyboard not working in Lab 1.,CSE
Function generator faulty in Room 101.,ECE
Mouse is not responding in Room 101.,CSE
Broken classroom bench in Block A.,Maintenance
Staircase is dusty in Admin Block.,Cleaning
Website login problem in Room 204.,Others
Light is flickering in First Floor.,Electrical
Water leaking from ceiling in Room 101.,Maintenance
Bathroom is dirty in Block B.,Hostel
System is running very slow in Room 204.,CSE
Dustbins are overflowing in Lab 2.,Cleaning
Keyboard not working in Block A.,CSE
Library internet not working in Lab 2.,Library
General enquiry not resolved in Lab 1.,Others
Mouse is not responding in Lab 2.,CSE
Arduino board not detected in First Floor.,ECE
Fee payment portal not working in Second Floor.,Others
Floor needs mopping in Room 101.,Cleaning
Drinking water cooler not working in Room 204.,Hostel
Breadboard is damaged in Block A.,ECE
Mess food quality is poor in First Floor.,Hostel
Door lock is broken in Room 101.,Maintenance
Switch board is damaged in Room 101.,Electrical
Fan not working in hostel room in Block A.,Hostel
Internet not working in lab in Room 204.,CSE
Campus area is dirty in Block A.,Cleaning
Website login problem in Admin Block.,Others
Bus pass issue in Admin Block.,Others
Monitor display is blank in Second Floor.,CSE
Classroom is very dirty in Second Floor.,Cleaning
Signal generator issue in First Floor.,ECE
Bonafide certificate delayed in Block A.,Others
Fan not working in hostel room in Block B.,Hostel
Arduino board not detected in Room 204.,ECE
Digital trainer board failed in Block B.,ECE
Classroom is very dirty in Lab 2.,Cleaning
No water supply in hostel in First Floor.,Hostel
Reading room is noisy in Block A.,Library
Reading room is noisy in Lab 1.,Library
Computer not starting in Room 204.,CSE
Lab equipment is faulty in Room 101.,ECE
No water supply in hostel in Second Floor.,Hostel
Software installation required in Room 204.,CSE
Required book is unavailable in Lab 1.,Library
Tap is leaking in Block B.,Maintenance
Book return portal not working in First Floor.,Library
Switch board is damaged in Room 204.,Electrical
Washroom needs cleaning in Lab 2.,Cleaning
Roof seepage issue in Second Floor.,Maintenance
Light is flickering in Lab 1.,Electrical
Generator backup failed in Second Floor.,Electrical
Printer not working in Lab 2.,CSE
Door lock is broken in Block A.,Maintenance
Oscilloscope not working in Room 204.,ECE
Broken classroom bench in Admin Block.,Maintenance
Garbage not collected in Room 204.,Cleaning
Library AC not working in Block B.,Library
General enquiry not resolved in Second Floor.,Others
Drinking water cooler not working in Second Floor.,Hostel
Monitor display is blank in Block A.,CSE
Power socket not working in Room 101.,Electrical
No water supply in hostel in Admin Block.,Hostel
Dustbins are overflowing in Lab 2.,Cleaning
Window glass is broken in Admin Block.,Maintenance
Loose electrical wiring in First Floor.,Electrical
Mouse is not responding in Room 204.,CSE
Generator backup failed in Second Floor.,Electrical
Loose electrical wiring in First Floor.,Electrical
Breadboard is damaged in Lab 2.,ECE
Book return portal not working in Lab 2.,Library
Internet not working in lab in Lab 1.,CSE
Internet not working in lab in Admin Block.,CSE
Dustbins are overflowing in Room 204.,Cleaning
Power socket not working in Second Floor.,Electrical
Library AC not working in Block A.,Library
System is running very slow in First Floor.,CSE
Floor needs mopping in Lab 1.,Cleaning
ID card not issued in Admin Block.,Others
Scholarship not received in Second Floor.,Others
Function generator faulty in Admin Block.,ECE
Lab equipment is faulty in First Floor.,ECE
Internet not working in lab in Admin Block.,CSE
Lab equipment is faulty in Room 101.,ECE
Tap is leaking in Room 101.,Maintenance
Book return portal not working in Block B.,Library
Power outage in classroom in Second Floor.,Electrical
Hostel WiFi not working in Room 101.,Hostel
Library internet not working in Lab 1.,Library
Computer not starting in Lab 1.,CSE
Hostel WiFi not working in Room 101.,Hostel
Bad smell in corridor in Admin Block.,Cleaning
Reading room is noisy in Room 101.,Library
Library internet not working in Block B.,Library
Hostel room needs cleaning in Room 101.,Hostel
Oscilloscope not working in First Floor.,ECE
Bad smell in corridor in Room 101.,Cleaning
Floor needs mopping in Block B.,Cleaning
Hostel room needs cleaning in Lab 1.,Hostel
Plumbing problem in Block B.,Maintenance
Washroom needs cleaning in Lab 2.,Cleaning
Loose electrical wiring in Room 204.,Electrical
Oscilloscope not working in Admin Block.,ECE
Computer not starting in Admin Block.,CSE
Book issue system not working in Second Floor.,Library
Bathroom is dirty in Room 101.,Hostel
Water leaking from ceiling in Room 204.,Maintenance
Dustbins are overflowing in First Floor.,Cleaning
Internet not working in lab in Block A.,CSE
Monitor display is blank in Room 204.,CSE
Classroom is very dirty in Room 204.,Cleaning
Fee payment portal not working in Block A.,Others
No water supply in hostel in Second Floor.,Hostel
Tap is leaking in Block A.,Maintenance
Library computer not working in Second Floor.,Library
Fee payment portal not working in Lab 2.,Others
Oscilloscope not working in Room 101.,ECE
Staircase is dusty in Lab 2.,Cleaning
Hostel WiFi not working in Room 101.,Hostel
Fee payment portal not working in Lab 1.,Others
Bathroom is dirty in Room 101.,Hostel
Software installation required in Lab 1.,CSE
Wall has cracks in Room 101.,Maintenance
General enquiry not resolved in Second Floor.,Others
Keyboard not working in Room 101.,CSE
Plumbing problem in First Floor.,Maintenance
Room lock is broken in Block A.,Hostel
Light is flickering in First Floor.,Electrical
Window glass is broken in First Floor.,Maintenance
Fan is not working in First Floor.,Electrical
Hostel WiFi not working in Block B.,Hostel
Dustbins are overflowing in Block A.,Cleaning
Bonafide certificate delayed in Room 101.,Others
Website login problem in Second Floor.,Others
General enquiry not resolved in Lab 1.,Others
Garbage not collected in Admin Block.,Cleaning
Library computer not working in Lab 2.,Library
Washroom needs cleaning in Room 101.,Cleaning
Tap is leaking in Room 101.,Maintenance
Digital trainer board failed in Second Floor.,ECE
Software installation required in Admin Block.,CSE
Window glass is broken in Second Floor.,Maintenance
Staircase is dusty in Lab 2.,Cleaning
Staircase is dusty in Room 204.,Cleaning
Mess food quality is poor in Lab 1.,Hostel
Breadboard is damaged in Room 101.,ECE
Software installation required in Block A.,CSE
Room lock is broken in Room 204.,Hostel
Fan not working in hostel room in Block A.,Hostel
General enquiry not resolved in Admin Block.,Others
Bonafide certificate delayed in Block A.,Others
Scholarship not received in Block B.,Others
Wall has cracks in Block B.,Maintenance
Plumbing problem in First Floor.,Maintenance
Keyboard not working in Block A.,CSE
Function generator faulty in Lab 2.,ECE
Tube light not working in First Floor.,Electrical
Fan not working in hostel room in Room 101.,Hostel
Reading room is noisy in Admin Block.,Library
Wall has cracks in Room 204.,Maintenance
Tube light not working in Lab 2.,Electrical
Door lock is broken in Lab 1.,Maintenance
General enquiry not resolved in Lab 2.,Others
Floor needs mopping in Block A.,Cleaning
Drinking water cooler not working in Lab 1.,Hostel
Generator backup failed in Block A.,Electrical
Drinking water cooler not working in Room 101.,Hostel
Breadboard is damaged in Lab 2.,ECE
Signal generator issue in Lab 2.,ECE
Scholarship not received in Lab 2.,Others
Bad smell in corridor in Room 204.,Cleaning
Door lock is broken in Block A.,Maintenance
Reading room is noisy in Block B.,Library
Software installation required in Room 204.,CSE
Campus area is dirty in Second Floor.,Cleaning
Computer not starting in Room 204.,CSE
Monitor display is blank in Block B.,CSE
Bathroom is dirty in Room 204.,Hostel
Tube light not working in Lab 2.,Electrical
Signal generator issue in Admin Block.,ECE
Roof seepage issue in Block A.,Maintenance
Software installation required in Admin Block.,CSE
Internet not working in lab in Lab 2.,CSE
Computer not starting in Block A.,CSE
Printer not working in Lab 2.,CSE
Power outage in classroom in Lab 2.,Electrical
Signal generator issue in Room 101.,ECE
Light is flickering in Lab 1.,Electrical
Power socket not working in Admin Block.,Electrical
Breadboard is damaged in Admin Block.,ECE
Internet not working in lab in Admin Block.,CSE
Book issue system not working in Second Floor.,Library
Hall ticket not generated in First Floor.,Others
Door lock is broken in Lab 2.,Maintenance
Window glass is broken in Admin Block.,Maintenance
Roof seepage issue in Admin Block.,Maintenance
Monitor display is blank in Block A.,CSE
Bus pass issue in Second Floor.,Others
Fee payment portal not working in Admin Block.,Others
Tap is leaking in Room 204.,Maintenance
Dustbins are overflowing in Admin Block.,Cleaning
Hall ticket not generated in Block B.,Others
Bad smell in corridor in Lab 1.,Cleaning
Arduino board not detected in Block A.,ECE
Loose electrical wiring in First Floor.,Electrical
Power outage in classroom in Second Floor.,Electrical
Computer not starting in First Floor.,CSE
Classroom is very dirty in Admin Block.,Cleaning
Floor needs mopping in Room 101.,Cleaning
Lab equipment is faulty in Room 101.,ECE
Bathroom is dirty in Second Floor.,Hostel
Function generator faulty in First Floor.,ECE
Reading room is noisy in Admin Block.,Library
Library AC not working in Admin Block.,Library
Hostel WiFi not working in Block B.,Hostel
Breadboard is damaged in Lab 1.,ECE
Bus pass issue in Room 101.,Others
Roof seepage issue in Second Floor.,Maintenance
Bad smell in corridor in Lab 1.,Cleaning
Monitor display is blank in Room 101.,CSE
Mouse is not responding in Room 204.,CSE
Switch board is damaged in Room 204.,Electrical
Computer not starting in Room 204.,CSE
Library internet not working in Room 101.,Library
Mess food quality is poor in Block A.,Hostel
Microcontroller kit not working in Room 101.,ECE
ID card not issued in Room 101.,Others
Fee payment portal not working in Admin Block.,Others
Website login problem in Block B.,Others
Library AC not working in Room 101.,Library
Tap is leaking in Lab 2.,Maintenance
Function generator faulty in Block B.,ECE
Hostel room needs cleaning in Room 101.,Hostel
Reading room is noisy in Room 101.,Library
Monitor display is blank in Second Floor.,CSE
Drinking water cooler not working in Block B.,Hostel
Window glass is broken in Block B.,Maintenance
Water leaking from ceiling in Lab 2.,Maintenance
Library computer not working in Room 204.,Library
Power outage in classroom in Room 204.,Electrical
Library computer not working in Lab 1.,Library
Keyboard not working in Room 101.,CSE
Keyboard not working in Admin Block.,CSE
Bus pass issue in Block A.,Others
Insufficient seating in library in Admin Block.,Library
Classroom is very dirty in Lab 1.,Cleaning
Internet not working in lab in Block A.,CSE
General enquiry not resolved in Admin Block.,Others
No water supply in hostel in Lab 1.,Hostel
Scholarship not received in Second Floor.,Others
No water supply in hostel in Admin Block.,Hostel
Hostel WiFi not working in Lab 2.,Hostel
Microcontroller kit not working in Block A.,ECE
Tube light not working in Block B.,Electrical
Microcontroller kit not working in Lab 1.,ECE
Dustbins are overflowing in Room 101.,Cleaning
Floor needs mopping in Lab 1.,Cleaning
Campus area is dirty in Second Floor.,Cleaning
Bathroom is dirty in Room 204.,Hostel
Mouse is not responding in Lab 2.,CSE
Internet not working in lab in Block A.,CSE
Computer not starting in Room 204.,CSE
Light is flickering in Room 204.,Electrical
Signal generator issue in Room 204.,ECE
Window glass is broken in Room 204.,Maintenance
Fan not working in hostel room in Block A.,Hostel
Mess food quality is poor in First Floor.,Hostel
Monitor display is blank in Room 204.,CSE
Power socket not working in Block A.,Electrical
Power outage in classroom in Room 101.,Electrical
General enquiry not resolved in Block B.,Others
Lab equipment is faulty in Admin Block.,ECE
Arduino board not detected in Admin Block.,ECE
Classroom is very dirty in Room 101.,Cleaning
Digital trainer board failed in Lab 2.,ECE
Generator backup failed in Room 204.,Electrical
Mouse is not responding in First Floor.,CSE
Campus area is dirty in Second Floor.,Cleaning
Campus area is dirty in Block B.,Cleaning
Keyboard not working in Lab 2.,CSE
Bathroom is dirty in Block B.,Hostel
Fee payment portal not working in Block A.,Others
Bathroom is dirty in First Floor.,Hostel
Microcontroller kit not working in Room 101.,ECE
Function generator faulty in Admin Block.,ECE
Oscilloscope not working in Lab 2.,ECE
Keyboard not working in Lab 1.,CSE
Hall ticket not generated in Second Floor.,Others
Bathroom is dirty in First Floor.,Hostel
Website login problem in First Floor.,Others
System is running very slow in Block B.,CSE
Library computer not working in Second Floor.,Library
Bonafide certificate delayed in Second Floor.,Others
Light is flickering in Room 101.,Electrical
Required book is unavailable in Room 101.,Library
Library AC not working in Room 204.,Library
Printer not working in Block A.,CSE
Light is flickering in Room 204.,Electrical
Bonafide certificate delayed in Room 204.,Others
Hostel room needs cleaning in First Floor.,Hostel
Library AC not working in Block A.,Library
System is running very slow in Block A.,CSE
Website login problem in Lab 2.,Others
Mess food quality is poor in Admin Block.,Hostel
Floor needs mopping in First Floor.,Cleaning
Light is flickering in Lab 2.,Electrical
Bad smell in corridor in First Floor.,Cleaning
Arduino board not detected in Admin Block.,ECE
Mess food quality is poor in First Floor.,Hostel
Generator backup failed in Block B.,Electrical
Oscilloscope not working in Lab 1.,ECE
Broken classroom bench in Lab 2.,Maintenance
Bus pass issue in Admin Block.,Others
Door lock is broken in Admin Block.,Maintenance
System is running very slow in Block B.,CSE
Required book is unavailable in First Floor.,Library
Switch board is damaged in Block B.,Electrical
Light is flickering in Block A.,Electrical
Fee payment portal not working in Room 204.,Others
Fan not working in hostel room in First Floor.,Hostel
Bus pass issue in Admin Block.,Others
Insufficient seating in library in Room 101.,Library
Mouse is not responding in First Floor.,CSE
Book issue system not working in Room 101.,Library
Insufficient seating in library in Lab 1.,Library
Staircase is dusty in Second Floor.,Cleaning
General enquiry not resolved in Lab 1.,Others
Dustbins are overflowing in Block B.,Cleaning
Book issue system not working in First Floor.,Library
Bathroom is dirty in Second Floor.,Hostel
Bathroom is dirty in Room 204.,Hostel
Room lock is broken in Admin Block.,Hostel
Hostel WiFi not working in Admin Block.,Hostel
No water supply in hostel in Block B.,Hostel
Library computer not working in Lab 1.,Library
Classroom is very dirty in Block A.,Cleaning
Dustbins are overflowing in Admin Block.,Cleaning
Door lock is broken in Room 101.,Maintenance
Software installation required in Block B.,CSE
Mess food quality is poor in First Floor.,Hostel
Function generator faulty in Lab 1.,ECE
Plumbing problem in Room 204.,Maintenance
Room lock is broken in Second Floor.,Hostel
Room lock is broken in Lab 1.,Hostel
Book return portal not working in Room 204.,Library
Classroom is very dirty in Lab 2.,Cleaning
Wall has cracks in Room 101.,Maintenance
Digital trainer board failed in Admin Block.,ECE
System is running very slow in Block B.,CSE
Library internet not working in Block A.,Library
Loose electrical wiring in Room 204.,Electrical
Staircase is dusty in Block A.,Cleaning
Classroom is very dirty in Block A.,Cleaning
No water supply in hostel in Block B.,Hostel
Garbage not collected in Room 101.,Cleaning
Hostel WiFi not working in Lab 2.,Hostel
Mouse is not responding in Admin Block.,CSE
Digital trainer board failed in First Floor.,ECE
Window glass is broken in Second Floor.,Maintenance
Window glass is broken in Room 101.,Maintenance
Monitor display is blank in Block B.,CSE
Library AC not working in Admin Block.,Library
Printer not working in Block B.,CSE
Internet not working in lab in Block A.,CSE
Broken classroom bench in Second Floor.,Maintenance
Scholarship not received in Admin Block.,Others
Required book is unavailable in Room 204.,Library
Window glass is broken in Lab 2.,Maintenance
Broken classroom bench in Lab 1.,Maintenance
Loose electrical wiring in Second Floor.,Electrical
Lab equipment is faulty in Lab 2.,ECE
Bonafide certificate delayed in First Floor.,Others
Power socket not working in Room 101.,Electrical
Power outage in classroom in Room 101.,Electrical
Required book is unavailable in Block A.,Library
Lab equipment is faulty in Lab 1.,ECE
Microcontroller kit not working in Admin Block.,ECE
Insufficient seating in library in Block B.,Library
Insufficient seating in library in Block A.,Library
Monitor display is blank in Room 204.,CSE
Washroom needs cleaning in Room 101.,Cleaning
Mouse is not responding in First Floor.,CSE
Breadboard is damaged in Room 204.,ECE
Broken classroom bench in Lab 1.,Maintenance
System is running very slow in Block A.,CSE
Plumbing problem in Room 101.,Maintenance
Door lock is broken in Second Floor.,Maintenance
Bad smell in corridor in First Floor.,Cleaning
Book return portal not working in Room 204.,Library
Signal generator issue in Lab 1.,ECE
Tube light not working in Lab 2.,Electrical
Bonafide certificate delayed in First Floor.,Others
Loose electrical wiring in First Floor.,Electrical
Bad smell in corridor in Room 101.,Cleaning
Wall has cracks in Second Floor.,Maintenance
Fan not working in hostel room in Admin Block.,Hostel
Insufficient seating in library in Block B.,Library
Window glass is broken in Admin Block.,Maintenance
Bus pass issue in Second Floor.,Others
Window glass is broken in First Floor.,Maintenance
Bad smell in corridor in First Floor.,Cleaning
Breadboard is damaged in Lab 1.,ECE
Website login problem in Lab 1.,Others
Internet not working in lab in Admin Block.,CSE
Wall has cracks in Lab 1.,Maintenance
Digital trainer board failed in First Floor.,ECE
Book return portal not working in Lab 1.,Library
Hostel WiFi not working in Room 204.,Hostel
Tap is leaking in Admin Block.,Maintenance
Lab equipment is faulty in Lab 1.,ECE
Website login problem in Second Floor.,Others
Fee payment portal not working in Block B.,Others
Bus pass issue in Second Floor.,Others
Website login problem in Second Floor.,Others
Book return portal not working in Block B.,Library
Printer not working in Lab 2.,CSE
General enquiry not resolved in Lab 1.,Others
Classroom is very dirty in First Floor.,Cleaning
Dustbins are overflowing in Room 204.,Cleaning
Campus area is dirty in Lab 2.,Cleaning
Floor needs mopping in Admin Block.,Cleaning
Bus pass issue in Lab 2.,Others
Drinking water cooler not working in Room 204.,Hostel
Function generator faulty in Block B.,ECE
Bathroom is dirty in Room 204.,Hostel
Function generator faulty in Room 101.,ECE
Library computer not working in Lab 1.,Library
Software installation required in First Floor.,CSE
Fan not working in hostel room in Block B.,Hostel
Required book is unavailable in Lab 2.,Library
Broken classroom bench in Room 101.,Maintenance
Scholarship not received in Room 204.,Others
Washroom needs cleaning in Block A.,Cleaning
Mouse is not responding in Lab 2.,CSE
ID card not issued in Second Floor.,Others
Room lock is broken in Room 101.,Hostel
Book return portal not working in First Floor.,Library
Dustbins are overflowing in Room 101.,Cleaning
Fan not working in hostel room in Second Floor.,Hostel
Printer not working in Lab 2.,CSE
Room lock is broken in Admin Block.,Hostel
Light is flickering in Block A.,Electrical
Arduino board not detected in Block A.,ECE
Internet not working in lab in Lab 2.,CSE
Software installation required in Second Floor.,CSE
Door lock is broken in Room 101.,Maintenance
Light is flickering in Lab 1.,Electrical
Digital trainer board failed in Second Floor.,ECE
Signal generator issue in Room 204.,ECE
Fan is not working in Second Floor.,Electrical
Bathroom is dirty in Room 101.,Hostel
Library computer not working in Lab 1.,Library
Window glass is broken in Lab 1.,Maintenance
Printer not working in Room 101.,CSE
Drinking water cooler not working in Second Floor.,Hostel
Keyboard not working in Room 204.,CSE
General enquiry not resolved in Lab 2.,Others
Fan not working in hostel room in Room 101.,Hostel
Library internet not working in Block A.,Library
Required book is unavailable in Second Floor.,Library
Power socket not working in Room 204.,Electrical
Plumbing problem in Second Floor.,Maintenance
Classroom is very dirty in Lab 2.,Cleaning
System is running very slow in Block B.,CSE
Fee payment portal not working in Admin Block.,Others
Mouse is not responding in First Floor.,CSE
Tube light not working in Block B.,Electrical
Hostel room needs cleaning in Room 101.,Hostel
ID card not issued in Room 101.,Others
Wall has cracks in Block B.,Maintenance
Library internet not working in Second Floor.,Library
Microcontroller kit not working in Second Floor.,ECE
Insufficient seating in library in Lab 2.,Library
Tube light not working in Second Floor.,Electrical
Breadboard is damaged in Lab 2.,ECE
Broken classroom bench in First Floor.,Maintenance
Drinking water cooler not working in Room 204.,Hostel
Floor needs mopping in Lab 2.,Cleaning
Drinking water cooler not working in Block A.,Hostel
Dustbins are overflowing in Second Floor.,Cleaning
Power socket not working in Room 101.,Electrical
Mouse is not responding in Lab 2.,CSE
Microcontroller kit not working in Lab 1.,ECE
Drinking water cooler not working in Lab 1.,Hostel
Room lock is broken in Second Floor.,Hostel
Fan is not working in Block A.,Electrical
Wall has cracks in Block B.,Maintenance
Library AC not working in Second Floor.,Library
System is running very slow in Admin Block.,CSE
No water supply in hostel in Block B.,Hostel
Function generator faulty in Lab 2.,ECE
Roof seepage issue in Block B.,Maintenance
Hostel room needs cleaning in Second Floor.,Hostel
Roof seepage issue in Second Floor.,Maintenance
Mess food quality is poor in Admin Block.,Hostel
Broken classroom bench in Room 101.,Maintenance
Bad smell in corridor in Room 101.,Cleaning
Hostel room needs cleaning in Lab 1.,Hostel
Fan not working in hostel room in Lab 2.,Hostel
Oscilloscope not working in Lab 2.,ECE
Library computer not working in Room 101.,Library
Drinking water cooler not working in Lab 2.,Hostel
Campus area is dirty in Second Floor.,Cleaning
Staircase is dusty in Lab 1.,Cleaning
Tap is leaking in Block B.,Maintenance
Roof seepage issue in First Floor.,Maintenance
Computer not starting in First Floor.,CSE
Library computer not working in Lab 1.,Library
Breadboard is damaged in First Floor.,ECE
Tap is leaking in Lab 2.,Maintenance
Hostel room needs cleaning in Lab 2.,Hostel
Microcontroller kit not working in Admin Block.,ECE
Roof seepage issue in Room 204.,Maintenance
Hostel room needs cleaning in Room 204.,Hostel
Book issue system not working in Block A.,Library
Mess food quality is poor in Block A.,Hostel
Mouse is not responding in Lab 1.,CSE
Fee payment portal not working in Block A.,Others
Oscilloscope not working in Block A.,ECE
No water supply in hostel in Second Floor.,Hostel
Fan not working in hostel room in First Floor.,Hostel
Lab equipment is faulty in Room 204.,ECE
Campus area is dirty in Block B.,Cleaning
Tap is leaking in Lab 2.,Maintenance
Plumbing problem in Block A.,Maintenance
Fee payment portal not working in Room 101.,Others
Door lock is broken in First Floor.,Maintenance
Loose electrical wiring in Lab 2.,Electrical
Software installation required in Admin Block.,CSE
Bonafide certificate delayed in First Floor.,Others
Classroom is very dirty in Lab 2.,Cleaning
Floor needs mopping in Room 204.,Cleaning
Book return portal not working in Room 204.,Library
Floor needs mopping in Room 101.,Cleaning
Insufficient seating in library in Lab 1.,Library
Reading room is noisy in Admin Block.,Library
Software installation required in Second Floor.,CSE
Wall has cracks in Room 204.,Maintenance
Mouse is not responding in First Floor.,CSE
Internet not working in lab in Admin Block.,CSE
Hostel WiFi not working in Admin Block.,Hostel
Mess food quality is poor in Block B.,Hostel
Switch board is damaged in Room 204.,Electrical
Room lock is broken in Block B.,Hostel
Roof seepage issue in Admin Block.,Maintenance
Roof seepage issue in Admin Block.,Maintenance
Washroom needs cleaning in Block A.,Cleaning
Tube light not working in Second Floor.,Electrical
Bus pass issue in Lab 2.,Others
Function generator faulty in Admin Block.,ECE
Signal generator issue in Block B.,ECE
Insufficient seating in library in First Floor.,Library
Keyboard not working in Second Floor.,CSE
Mouse is not responding in Lab 2.,CSE
Book return portal not working in Lab 2.,Library
Fan is not working in Room 204.,Electrical
Fee payment portal not working in Lab 2.,Others
Microcontroller kit not working in Lab 2.,ECE
Required book is unavailable in Block B.,Library
Garbage not collected in Second Floor.,Cleaning
General enquiry not resolved in Room 204.,Others
Fan not working in hostel room in Lab 2.,Hostel
Wall has cracks in Room 101.,Maintenance
Website login problem in Block B.,Others
Bad smell in corridor in Room 204.,Cleaning
Internet not working in lab in First Floor.,CSE
Power socket not working in Room 204.,Electrical
Plumbing problem in Block A.,Maintenance
General enquiry not resolved in Block A.,Others
Classroom is very dirty in Room 204.,Cleaning
Hall ticket not generated in Block B.,Others
Bonafide certificate delayed in Room 204.,Others
Drinking water cooler not working in Room 101.,Hostel
Bad smell in corridor in Block A.,Cleaning
Door lock is broken in First Floor.,Maintenance
Staircase is dusty in Room 204.,Cleaning
Broken classroom bench in Second Floor.,Maintenance
Power outage in classroom in First Floor.,Electrical
Room lock is broken in Lab 2.,Hostel
Power outage in classroom in Admin Block.,Electrical
General enquiry not resolved in Lab 1.,Others
Mess food quality is poor in Room 101.,Hostel
Dustbins are overflowing in First Floor.,Cleaning
Hall ticket not generated in Admin Block.,Others
Monitor display is blank in Block A.,CSE
Digital trainer board failed in Block A.,ECE
No water supply in hostel in Room 101.,Hostel
Power outage in classroom in Room 204.,Electrical
Website login problem in Room 204.,Others
Oscilloscope not working in Lab 2.,ECE
Hostel room needs cleaning in Lab 1.,Hostel
Generator backup failed in Lab 1.,Electrical
Drinking water cooler not working in Block B.,Hostel
Water leaking from ceiling in First Floor.,Maintenance
Microcontroller kit not working in Lab 2.,ECE
Plumbing problem in Block A.,Maintenance
Window glass is broken in Lab 2.,Maintenance
Bad smell in corridor in Lab 2.,Cleaning
Book return portal not working in Admin Block.,Library
Window glass is broken in Room 101.,Maintenance
Light is flickering in First Floor.,Electrical
Light is flickering in Lab 2.,Electrical
Microcontroller kit not working in Room 204.,ECE
Bonafide certificate delayed in Block B.,Others
Dustbins are overflowing in First Floor.,Cleaning
Hostel room needs cleaning in Block B.,Hostel
Staircase is dusty in Block B.,Cleaning
Light is flickering in Block B.,Electrical
Library computer not working in Admin Block.,Library
Washroom needs cleaning in Room 204.,Cleaning
No water supply in hostel in Room 101.,Hostel
Reading room is noisy in Block B.,Library
Washroom needs cleaning in Room 101.,Cleaning
Wall has cracks in Block A.,Maintenance
Computer not starting in Admin Block.,CSE
Website login problem in Block A.,Others
Staircase is dusty in Block A.,Cleaning
Fan is not working in Lab 1.,Electrical
Library internet not working in Admin Block.,Library
Tap is leaking in Lab 2.,Maintenance
Staircase is dusty in Block B.,Cleaning
ID card not issued in First Floor.,Others
Loose electrical wiring in Block B.,Electrical
Hall ticket not generated in Lab 2.,Others
Insufficient seating in library in Room 204.,Library
Room lock is broken in Lab 2.,Hostel
System is running very slow in Block A.,CSE
Bonafide certificate delayed in Room 101.,Others
Garbage not collected in Admin Block.,Cleaning
Drinking water cooler not working in Second Floor.,Hostel
Breadboard is damaged in Room 204.,ECE
Fee payment portal not working in Lab 2.,Others
Mouse is not responding in Admin Block.,CSE
Drinking water cooler not working in Lab 2.,Hostel
Library internet not working in Block A.,Library
Bad smell in corridor in First Floor.,Cleaning
Function generator faulty in Admin Block.,ECE
Hostel room needs cleaning in Room 204.,Hostel
Hostel room needs cleaning in Admin Block.,Hostel
Monitor display is blank in Room 204.,CSE
Mess food quality is poor in Lab 1.,Hostel
No water supply in hostel in Admin Block.,Hostel
Bus pass issue in Lab 2.,Others
Fee payment portal not working in Block B.,Others
Fan not working in hostel room in Second Floor.,Hostel
Fan not working in hostel room in Second Floor.,Hostel
System is running very slow in Room 101.,CSE
Computer not starting in Room 101.,CSE
Scholarship not received in Block A.,Others
Signal generator issue in Second Floor.,ECE
Loose electrical wiring in First Floor.,Electrical
Library computer not working in Lab 1.,Library
General enquiry not resolved in Lab 2.,Others
Mess food quality is poor in First Floor.,Hostel
Hostel WiFi not working in Admin Block.,Hostel
Signal generator issue in Room 204.,ECE
Lab equipment is faulty in First Floor.,ECE
Garbage not collected in Room 204.,Cleaning
Library AC not working in Room 101.,Library
Website login problem in Second Floor.,Others
Plumbing problem in Room 204.,Maintenance
Library internet not working in Block B.,Library
Fan not working in hostel room in Admin Block.,Hostel
Broken classroom bench in Block A.,Maintenance
Water leaking from ceiling in Admin Block.,Maintenance
Garbage not collected in Room 204.,Cleaning
Tube light not working in Second Floor.,Electrical
Hostel room needs cleaning in Block A.,Hostel
Book issue system not working in Admin Block.,Library
Insufficient seating in library in Lab 1.,Library
Hostel WiFi not working in Lab 2.,Hostel
Lab equipment is faulty in Lab 2.,ECE
Keyboard not working in Admin Block.,CSE
Bathroom is dirty in Admin Block.,Hostel
Room lock is broken in Lab 1.,Hostel
Lab equipment is faulty in Admin Block.,ECE
Book issue system not working in Second Floor.,Library
Software installation required in Lab 1.,CSE
General enquiry not resolved in Admin Block.,Others
Staircase is dusty in Second Floor.,Cleaning
Library AC not working in Admin Block.,Library
Library AC not working in Lab 1.,Library
Library internet not working in Lab 1.,Library
Floor needs mopping in Room 204.,Cleaning
Wall has cracks in Block A.,Maintenance
Hostel room needs cleaning in Block A.,Hostel
Internet not working in lab in Lab 1.,CSE
Website login problem in First Floor.,Others
Plumbing problem in Block B.,Maintenance
Mess food quality is poor in Block A.,Hostel
Function generator faulty in Block B.,ECE
Mouse is not responding in Second Floor.,CSE
Fee payment portal not working in Room 101.,Others
Library internet not working in Block B.,Library
Drinking water cooler not working in Block A.,Hostel
Window glass is broken in Room 101.,Maintenance
Fan is not working in Lab 1.,Electrical
Required book is unavailable in Block B.,Library
Bonafide certificate delayed in Admin Block.,Others
Tap is leaking in Lab 1.,Maintenance
Breadboard is damaged in Room 204.,ECE
Breadboard is damaged in Lab 2.,ECE
Lab equipment is faulty in Lab 2.,ECE
Keyboard not working in Lab 1.,CSE
Power outage in classroom in Room 101.,Electrical
Floor needs mopping in Lab 2.,Cleaning
Power outage in classroom in Block A.,Electrical
Keyboard not working in Block B.,CSE
Tap is leaking in Lab 2.,Maintenance
Generator backup failed in Lab 1.,Electrical
Roof seepage issue in Second Floor.,Maintenance
Software installation required in Block B.,CSE
Room lock is broken in Room 101.,Hostel
Software installation required in Room 101.,CSE
Book return portal not working in Lab 2.,Library
Tube light not working in Second Floor.,Electrical
Classroom is very dirty in Block B.,Cleaning
Fee payment portal not working in Lab 2.,Others
Fan not working in hostel room in Second Floor.,Hostel
Bad smell in corridor in Block B.,Cleaning
Lab equipment is faulty in Second Floor.,ECE
Plumbing problem in Admin Block.,Maintenance
Library computer not working in Room 101.,Library
Floor needs mopping in First Floor.,Cleaning
Fan not working in hostel room in Lab 1.,Hostel
Classroom is very dirty in Lab 2.,Cleaning
Insufficient seating in library in Block B.,Library
Light is flickering in Block A.,Electrical
Computer not starting in Lab 2.,CSE
Breadboard is damaged in Admin Block.,ECE
Switch board is damaged in Block B.,Electrical
Mess food quality is poor in Second Floor.,Hostel
Monitor display is blank in Admin Block.,CSE
Hostel room needs cleaning in Admin Block.,Hostel
Plumbing problem in Room 101.,Maintenance
Switch board is damaged in Block A.,Electrical
Power socket not working in Lab 1.,Electrical
Staircase is dusty in Second Floor.,Cleaning
Insufficient seating in library in Lab 2.,Library
Broken classroom bench in Admin Block.,Maintenance
Plumbing problem in Admin Block.,Maintenance
Internet not working in lab in Admin Block.,CSE
Lab equipment is faulty in Lab 2.,ECE
Bonafide certificate delayed in First Floor.,Others
Staircase is dusty in Admin Block.,Cleaning
System is running very slow in Block A.,CSE
Loose electrical wiring in First Floor.,Electrical
Computer not starting in Lab 1.,CSE
Software installation required in Second Floor.,CSE
Power socket not working in Second Floor.,Electrical
Book return portal not working in Admin Block.,Library
Classroom is very dirty in Admin Block.,Cleaning
Fan is not working in First Floor.,Electrical
Water leaking from ceiling in Room 101.,Maintenance
Door lock is broken in Admin Block.,Maintenance
Computer not starting in Block A.,CSE
Mouse is not responding in Room 204.,CSE
Washroom needs cleaning in Room 204.,Cleaning
Library internet not working in Admin Block.,Library
Function generator faulty in Admin Block.,ECE
Power socket not working in Room 101.,Electrical
Arduino board not detected in Block A.,ECE
Loose electrical wiring in Lab 2.,Electrical
Dustbins are overflowing in Block B.,Cleaning
Library computer not working in Admin Block.,Library
Library AC not working in First Floor.,Library
Fan is not working in Room 204.,Electrical
Room lock is broken in Second Floor.,Hostel
Reading room is noisy in Second Floor.,Library
Required book is unavailable in Lab 2.,Library
Staircase is dusty in First Floor.,Cleaning
Function generator faulty in Block B.,ECE
Power outage in classroom in Admin Block.,Electrical
Computer not starting in Admin Block.,CSE
Lab equipment is faulty in Block A.,ECE
Floor needs mopping in Block A.,Cleaning
Bus pass issue in Lab 1.,Others
Oscilloscope not working in Block A.,ECE
Microcontroller kit not working in Room 204.,ECE
Switch board is damaged in Lab 1.,Electrical
Bonafide certificate delayed in First Floor.,Others
Hostel room needs cleaning in Block A.,Hostel
ID card not issued in Block A.,Others
Library internet not working in Lab 2.,Library
Wall has cracks in Room 204.,Maintenance
Fee payment portal not working in First Floor.,Others
Switch board is damaged in Room 101.,Electrical
Roof seepage issue in Lab 2.,Maintenance
Insufficient seating in library in Admin Block.,Library
Computer not starting in Lab 1.,CSE
Arduino board not detected in Second Floor.,ECE
Hostel WiFi not working in Block B.,Hostel
Loose electrical wiring in First Floor.,Electrical
Fee payment portal not working in Lab 1.,Others
Washroom needs cleaning in Room 204.,Cleaning
Power socket not working in Admin Block.,Electrical
Hostel WiFi not working in Second Floor.,Hostel
Library AC not working in Room 101.,Library
Drinking water cooler not working in Second Floor.,Hostel
No water supply in hostel in Block B.,Hostel
Library AC not working in Block B.,Library
Floor needs mopping in Block B.,Cleaning
Dustbins are overflowing in Room 101.,Cleaning
Broken classroom bench in Block B.,Maintenance
Printer not working in First Floor.,CSE
Floor needs mopping in First Floor.,Cleaning
Signal generator issue in Admin Block.,ECE
Room lock is broken in Lab 2.,Hostel
Fan not working in hostel room in Second Floor.,Hostel
Plumbing problem in Room 101.,Maintenance
Hall ticket not generated in Room 204.,Others
Tap is leaking in Block A.,Maintenance
Drinking water cooler not working in Lab 1.,Hostel
Book return portal not working in Room 101.,Library
Keyboard not working in Lab 2.,CSE
Software installation required in Block A.,CSE
Website login problem in Room 101.,Others
Function generator faulty in Room 204.,ECE
Monitor display is blank in Block A.,CSE
Oscilloscope not working in Second Floor.,ECE
Dustbins are overflowing in Lab 1.,Cleaning
Arduino board not detected in Block A.,ECE
Roof seepage issue in Room 204.,Maintenance
Fee payment portal not working in Second Floor.,Others
System is running very slow in Lab 2.,CSE
Monitor display is blank in First Floor.,CSE
Book return portal not working in Lab 2.,Library
Power socket not working in Room 101.,Electrical
Fan not working in hostel room in Room 204.,Hostel
Campus area is dirty in Room 101.,Cleaning
Reading room is noisy in Room 204.,Library
Generator backup failed in Room 204.,Electrical
Arduino board not detected in Lab 1.,ECE
Reading room is noisy in First Floor.,Library
Hostel room needs cleaning in Lab 2.,Hostel
Computer not starting in Lab 1.,CSE
Library AC not working in Block A.,Library
Hostel room needs cleaning in Room 204.,Hostel
Software installation required in Block A.,CSE
General enquiry not resolved in Lab 2.,Others
Power outage in classroom in Admin Block.,Electrical
Mouse is not responding in First Floor.,CSE
Switch board is damaged in Admin Block.,Electrical
Broken classroom bench in Lab 2.,Maintenance
Internet not working in lab in Room 204.,CSE
Tube light not working in Block A.,Electrical
Function generator faulty in Second Floor.,ECE
Printer not working in Room 204.,CSE
Mess food quality is poor in First Floor.,Hostel
Bathroom is dirty in Admin Block.,Hostel
Power outage in classroom in First Floor.,Electrical
Floor needs mopping in Lab 2.,Cleaning
Wall has cracks in Room 101.,Maintenance
Book issue system not working in Admin Block.,Library
Room lock is broken in Lab 2.,Hostel
Monitor display is blank in Block B.,CSE
ID card not issued in Lab 2.,Others
Power socket not working in Second Floor.,Electrical
Reading room is noisy in Room 101.,Library
Power outage in classroom in Room 204.,Electrical
Fee payment portal not working in Lab 1.,Others
Library AC not working in Admin Block.,Library
Scholarship not received in First Floor.,Others
Breadboard is damaged in Lab 1.,ECE
Mouse is not responding in Room 101.,CSE
Room lock is broken in Admin Block.,Hostel
Library internet not working in First Floor.,Library
Wall has cracks in Lab 1.,Maintenance
Insufficient seating in library in Room 204.,Library
Hostel WiFi not working in Lab 1.,Hostel
Breadboard is damaged in Block A.,ECE
Staircase is dusty in Room 101.,Cleaning
Water leaking from ceiling in First Floor.,Maintenance
Switch board is damaged in First Floor.,Electrical
Generator backup failed in Block A.,Electrical
Fan is not working in First Floor.,Electrical
Fee payment portal not working in Room 101.,Others
Software installation required in Admin Block.,CSE
Library internet not working in Room 101.,Library
General enquiry not resolved in Block A.,Others
Campus area is dirty in Admin Block.,Cleaning
Light is flickering in Lab 1.,Electrical
Book return portal not working in Block A.,Library
Reading room is noisy in Admin Block.,Library
Power outage in classroom in First Floor.,Electrical
Hostel room needs cleaning in Admin Block.,Hostel
Hostel room needs cleaning in Block A.,Hostel
Monitor display is blank in Admin Block.,CSE
Drinking water cooler not working in Room 101.,Hostel
Mess food quality is poor in Block A.,Hostel
Fan is not working in Lab 1.,Electrical
Breadboard is damaged in Admin Block.,ECE
Room lock is broken in Room 204.,Hostel
Book return portal not working in Room 101.,Library
Digital trainer board failed in Block B.,ECE
Lab equipment is faulty in Room 101.,ECE
Signal generator issue in Lab 2.,ECE
Microcontroller kit not working in Room 101.,ECE
Reading room is noisy in Lab 1.,Library
Library internet not working in Room 204.,Library
Digital trainer board failed in Lab 1.,ECE
Internet not working in lab in Block A.,CSE
Signal generator issue in Second Floor.,ECE
Fan not working in hostel room in Lab 2.,Hostel
Bus pass issue in Room 101.,Others
Printer not working in Block A.,CSE
Hostel WiFi not working in First Floor.,Hostel
Keyboard not working in Block B.,CSE
Mess food quality is poor in Lab 2.,Hostel
Hostel WiFi not working in Lab 1.,Hostel
No water supply in hostel in Block B.,Hostel
Hostel WiFi not working in Room 204.,Hostel
Book issue system not working in Admin Block.,Library
Scholarship not received in Block A.,Others
Dustbins are overflowing in Admin Block.,Cleaning
Software installation required in Lab 2.,CSE
Breadboard is damaged in Room 101.,ECE
General enquiry not resolved in Admin Block.,Others
Hostel WiFi not working in Block A.,Hostel
Library AC not working in Room 204.,Library
Staircase is dusty in Admin Block.,Cleaning
Power outage in classroom in Lab 1.,Electrical
Window glass is broken in First Floor.,Maintenance
Washroom needs cleaning in Lab 1.,Cleaning
Plumbing problem in First Floor.,Maintenance
Hostel room needs cleaning in Admin Block.,Hostel
Broken classroom bench in Admin Block.,Maintenance
Insufficient seating in library in First Floor.,Library
Bonafide certificate delayed in Room 101.,Others
Broken classroom bench in Lab 1.,Maintenance
Fee payment portal not working in Lab 2.,Others
Website login problem in First Floor.,Others
Door lock is broken in Lab 2.,Maintenance
Tube light not working in Admin Block.,Electrical
General enquiry not resolved in Lab 1.,Others
Bad smell in corridor in Second Floor.,Cleaning
Signal generator issue in Second Floor.,ECE
Plumbing problem in Lab 1.,Maintenance
Staircase is dusty in Block A.,Cleaning
Broken classroom bench in Block A.,Maintenance
Function generator faulty in Lab 2.,ECE
Fan is not working in Block B.,Electrical
Window glass is broken in First Floor.,Maintenance
Printer not working in Second Floor.,CSE
Floor needs mopping in Room 101.,Cleaning
Campus area is dirty in Lab 2.,Cleaning
Light is flickering in Block B.,Electrical
Bad smell in corridor in Room 101.,Cleaning
Switch board is damaged in Block B.,Electrical
Scholarship not received in Room 101.,Others
Software installation required in Admin Block.,CSE
Mouse is not responding in Block B.,CSE
Tube light not working in First Floor.,Electrical
Hostel WiFi not working in Block B.,Hostel
Bus pass issue in Admin Block.,Others
Library internet not working in Lab 2.,Library
Bad smell in corridor in Second Floor.,Cleaning
ID card not issued in Lab 2.,Others
Room lock is broken in Admin Block.,Hostel
Floor needs mopping in Block B.,Cleaning
Library internet not working in Block A.,Library
Digital trainer board failed in Lab 1.,ECE
Hostel room needs cleaning in Block A.,Hostel
General enquiry not resolved in Lab 1.,Others
Fan not working in hostel room in Second Floor.,Hostel
Software installation required in Block A.,CSE
Dustbins are overflowing in Admin Block.,Cleaning
Plumbing problem in Room 204.,Maintenance
Broken classroom bench in First Floor.,Maintenance
Signal generator issue in Lab 2.,ECE
Computer not starting in Block A.,CSE
Wall has cracks in Room 101.,Maintenance
Wall has cracks in Room 204.,Maintenance
Internet not working in lab in Block A.,CSE
Book return portal not working in Room 204.,Library
Tap is leaking in Block B.,Maintenance
Library internet not working in Admin Block.,Library
Mouse is not responding in Block A.,CSE
Hall ticket not generated in Lab 1.,Others
Generator backup failed in Admin Block.,Electrical
Drinking water cooler not working in Second Floor.,Hostel
Bad smell in corridor in Lab 2.,Cleaning
Scholarship not received in Second Floor.,Others
Keyboard not working in First Floor.,CSE
Oscilloscope not working in Admin Block.,ECE
Power outage in classroom in Admin Block.,Electrical
No water supply in hostel in Room 101.,Hostel
Broken classroom bench in Room 101.,Maintenance
ID card not issued in Room 204.,Others
Hostel WiFi not working in First Floor.,Hostel
Hostel WiFi not working in Lab 2.,Hostel
Monitor display is blank in Room 101.,CSE
Washroom needs cleaning in Lab 2.,Cleaning
General enquiry not resolved in Second Floor.,Others
Power outage in classroom in Block A.,Electrical
Staircase is dusty in Lab 1.,Cleaning
Wall has cracks in Second Floor.,Maintenance
Software installation required in Block A.,CSE
Loose electrical wiring in Room 204.,Electrical
General enquiry not resolved in Lab 1.,Others
Microcontroller kit not working in Room 204.,ECE
Fan is not working in Lab 2.,Electrical
Website login problem in Block A.,Others
General enquiry not resolved in Room 101.,Others
Bad smell in corridor in Block A.,Cleaning
Staircase is dusty in Admin Block.,Cleaning
Tap is leaking in Room 204.,Maintenance
Library computer not working in Second Floor.,Library
Tap is leaking in Room 204.,Maintenance
Arduino board not detected in Lab 2.,ECE
Bathroom is dirty in Room 101.,Hostel
Insufficient seating in library in Block B.,Library
Mess food quality is poor in Block A.,Hostel
Arduino board not detected in Block B.,ECE
Floor needs mopping in Block B.,Cleaning
Roof seepage issue in Lab 2.,Maintenance
Roof seepage issue in Lab 1.,Maintenance
Library AC not working in Lab 2.,Library
Book issue system not working in Block B.,Library
General enquiry not resolved in Block A.,Others
Breadboard is damaged in Block B.,ECE
Drinking water cooler not working in Room 101.,Hostel
Garbage not collected in Second Floor.,Cleaning
Library internet not working in Lab 1.,Library
Fan is not working in Lab 2.,Electrical
Switch board is damaged in First Floor.,Electrical
Digital trainer board failed in Second Floor.,ECE
Generator backup failed in Block B.,Electrical
Staircase is dusty in Lab 1.,Cleaning
System is running very slow in Lab 2.,CSE
Floor needs mopping in Lab 1.,Cleaning
Garbage not collected in Lab 2.,Cleaning
Microcontroller kit not working in Second Floor.,ECE
Website login problem in Lab 1.,Others
Computer not starting in Block B.,CSE
Water leaking from ceiling in Lab 1.,Maintenance
Room lock is broken in Admin Block.,Hostel
Breadboard is damaged in Admin Block.,ECE
Function generator faulty in Admin Block.,ECE
Oscilloscope not working in Block B.,ECE
Fee payment portal not working in Lab 1.,Others
ID card not issued in First Floor.,Others
Light is flickering in First Floor.,Electrical
Lab equipment is faulty in Block B.,ECE
General enquiry not resolved in First Floor.,Others
Library internet not working in First Floor.,Library
Microcontroller kit not working in Second Floor.,ECE
Hall ticket not generated in First Floor.,Others
Oscilloscope not working in Admin Block.,ECE
Washroom needs cleaning in Block B.,Cleaning
Website login problem in Block A.,Others
Keyboard not working in Block A.,CSE
Water leaking from ceiling in Lab 1.,Maintenance
Digital trainer board failed in Admin Block.,ECE
Room lock is broken in Room 204.,Hostel
General enquiry not resolved in Block B.,Others
Digital trainer board failed in Lab 2.,ECE
No water supply in hostel in Admin Block.,Hostel
Oscilloscope not working in Second Floor.,ECE
Light is flickering in Block A.,Electrical
Breadboard is damaged in Block B.,ECE
Door lock is broken in Block B.,Maintenance
Computer not starting in Second Floor.,CSE
Water leaking from ceiling in Room 101.,Maintenance
Bad smell in corridor in Room 204.,Cleaning
Fan not working in hostel room in Block A.,Hostel
Water leaking from ceiling in Block B.,Maintenance
Lab equipment is faulty in Second Floor.,ECE
Power outage in classroom in Block B.,Electrical
Internet not working in lab in Lab 2.,CSE
Breadboard is damaged in Lab 1.,ECE
Scholarship not received in Block A.,Others
Library computer not working in Room 204.,Library
Bus pass issue in Lab 2.,Others
Loose electrical wiring in Second Floor.,Electrical
Library computer not working in Block A.,Library
Library internet not working in Lab 1.,Library
Tap is leaking in Admin Block.,Maintenance
Bad smell in corridor in Room 204.,Cleaning
Software installation required in Room 204.,CSE
Water leaking from ceiling in Lab 1.,Maintenance
Digital trainer board failed in Block A.,ECE
Loose electrical wiring in Block A.,Electrical
Oscilloscope not working in Room 204.,ECE
Room lock is broken in Block A.,Hostel
Garbage not collected in Block B.,Cleaning
Campus area is dirty in First Floor.,Cleaning
Digital trainer board failed in Block B.,ECE
Water leaking from ceiling in First Floor.,Maintenance
Bus pass issue in Admin Block.,Others
Garbage not collected in Block A.,Cleaning
Website login problem in Second Floor.,Others
Oscilloscope not working in Second Floor.,ECE
Power socket not working in Lab 2.,Electrical
Library internet not working in Lab 1.,Library
Reading room is noisy in Block B.,Library
ID card not issued in Room 204.,Others
Door lock is broken in Admin Block.,Maintenance
Lab equipment is faulty in Lab 1.,ECE
Floor needs mopping in Admin Block.,Cleaning
Printer not working in Lab 1.,CSE
Oscilloscope not working in Lab 2.,ECE
Software installation required in Room 101.,CSE
Bonafide certificate delayed in Lab 1.,Others
Power socket not working in Lab 1.,Electrical
Tube light not working in Block B.,Electrical
Arduino board not detected in Block B.,ECE
Signal generator issue in Room 101.,ECE
Fan not working in hostel room in Lab 1.,Hostel
Hall ticket not generated in Room 101.,Others
Tube light not working in Block A.,Electrical
Tube light not working in Block B.,Electrical
General enquiry not resolved in Block B.,Others
Fee payment portal not working in Lab 2.,Others
Water leaking from ceiling in Block A.,Maintenance
Library computer not working in Lab 1.,Library
Signal generator issue in Second Floor.,ECE
Switch board is damaged in Room 204.,Electrical
Book issue system not working in Lab 1.,Library
Campus area is dirty in Lab 2.,Cleaning
Software installation required in Lab 2.,CSE
Insufficient seating in library in Room 204.,Library
Plumbing problem in Lab 1.,Maintenance
Library internet not working in Lab 1.,Library
Drinking water cooler not working in Room 204.,Hostel
Hall ticket not generated in Room 101.,Others
Reading room is noisy in Room 101.,Library
Hostel room needs cleaning in Room 204.,Hostel
Fan is not working in First Floor.,Electrical
Bathroom is dirty in Lab 2.,Hostel
Function generator faulty in Room 204.,ECE
Website login problem in Lab 1.,Others
Website login problem in Block A.,Others
Water leaking from ceiling in Block B.,Maintenance
Scholarship not received in Lab 2.,Others
Power outage in classroom in Room 101.,Electrical
Generator backup failed in Lab 1.,Electrical
Lab equipment is faulty in Block B.,ECE
Hall ticket not generated in Admin Block.,Others
Fee payment portal not working in Block A.,Others
Digital trainer board failed in Lab 1.,ECE
Floor needs mopping in Room 101.,Cleaning
Classroom is very dirty in Block B.,Cleaning
Bus pass issue in Second Floor.,Others
Light is flickering in Room 101.,Electrical
Plumbing problem in Block B.,Maintenance
Monitor display is blank in Second Floor.,CSE
Bad smell in corridor in Second Floor.,Cleaning
Internet not working in lab in First Floor.,CSE
Fan is not working in Room 204.,Electrical
Bus pass issue in Room 101.,Others
Book return portal not working in Block B.,Library
Required book is unavailable in Block B.,Library
Wall has cracks in Lab 1.,Maintenance
Bonafide certificate delayed in Lab 2.,Others
Door lock is broken in First Floor.,Maintenance
System is running very slow in Lab 1.,CSE
Printer not working in First Floor.,CSE
No water supply in hostel in Room 101.,Hostel
Window glass is broken in Second Floor.,Maintenance
Keyboard not working in First Floor.,CSE
Bathroom is dirty in Block B.,Hostel
Bathroom is dirty in Lab 2.,Hostel
Generator backup failed in Lab 1.,Electrical
Tap is leaking in Room 204.,Maintenance
Digital trainer board failed in Admin Block.,ECE
Mouse is not responding in Admin Block.,CSE
Lab equipment is faulty in Lab 1.,ECE
Staircase is dusty in Block B.,Cleaning
Washroom needs cleaning in Lab 2.,Cleaning
Hostel WiFi not working in Lab 1.,Hostel
System is running very slow in Lab 2.,CSE
Reading room is noisy in Admin Block.,Library
Switch board is damaged in Room 204.,Electrical
Bad smell in corridor in Block A.,Cleaning
Library AC not working in First Floor.,Library
Tube light not working in Room 101.,Electrical
Plumbing problem in Admin Block.,Maintenance
Scholarship not received in First Floor.,Others
Keyboard not working in Room 101.,CSE
Loose electrical wiring in Block A.,Electrical
Bus pass issue in Admin Block.,Others
Campus area is dirty in Room 204.,Cleaning
Drinking water cooler not working in Room 101.,Hostel
ID card not issued in First Floor.,Others
Light is flickering in Room 101.,Electrical
Washroom needs cleaning in Lab 2.,Cleaning
Bad smell in corridor in Room 204.,Cleaning
Bus pass issue in Lab 1.,Others
Garbage not collected in Room 204.,Cleaning
Computer not starting in Lab 1.,CSE
Drinking water cooler not working in Lab 1.,Hostel
Library computer not working in First Floor.,Library
Power outage in classroom in First Floor.,Electrical
Dustbins are overflowing in Second Floor.,Cleaning
Keyboard not working in Block A.,CSE
Hall ticket not generated in Second Floor.,Others
Lab equipment is faulty in Lab 1.,ECE
Window glass is broken in Block B.,Maintenance
Switch board is damaged in Room 101.,Electrical
Book issue system not working in First Floor.,Library
Insufficient seating in library in Second Floor.,Library
General enquiry not resolved in Block A.,Others
Switch board is damaged in First Floor.,Electrical
Internet not working in lab in Room 204.,CSE
Floor needs mopping in Lab 2.,Cleaning
Software installation required in First Floor.,CSE
Book issue system not working in Lab 1.,Library
Bus pass issue in Lab 1.,Others
Hostel room needs cleaning in Lab 1.,Hostel
Floor needs mopping in Lab 2.,Cleaning
Window glass is broken in First Floor.,Maintenance
Hostel room needs cleaning in Room 204.,Hostel
Plumbing problem in Room 204.,Maintenance
General enquiry not resolved in Room 204.,Others
General enquiry not resolved in Block B.,Others
General enquiry not resolved in Lab 1.,Others
Scholarship not received in Block A.,Others
Dustbins are overflowing in Block A.,Cleaning
Wall has cracks in Admin Block.,Maintenance
Bonafide certificate delayed in First Floor.,Others
Function generator faulty in Lab 1.,ECE
Plumbing problem in Block A.,Maintenance
Broken classroom bench in Lab 2.,Maintenance
Bus pass issue in Room 204.,Others
Power outage in classroom in Admin Block.,Electrical
Drinking water cooler not working in Room 204.,Hostel
No water supply in hostel in Block A.,Hostel
Function generator faulty in Room 204.,ECE
Insufficient seating in library in Admin Block.,Library
Fee payment portal not working in Block A.,Others
Book return portal not working in First Floor.,Library
Light is flickering in Block A.,Electrical
Printer not working in Block B.,CSE
Arduino board not detected in Room 204.,ECE
Keyboard not working in Room 101.,CSE
Breadboard is damaged in Room 101.,ECE
General enquiry not resolved in Room 101.,Others
Fan is not working in Lab 1.,Electrical
Power socket not working in Lab 1.,Electrical
Keyboard not working in Block A.,CSE
Library internet not working in Block A.,Library
Power outage in classroom in Block B.,Electrical
Bus pass issue in Block B.,Others
Room lock is broken in Block A.,Hostel
Plumbing problem in Block B.,Maintenance
Internet not working in lab in Second Floor.,CSE
Website login problem in Block B.,Others
Switch board is damaged in Admin Block.,Electrical
Tap is leaking in Lab 2.,Maintenance
Bus pass issue in Admin Block.,Others
Bad smell in corridor in Lab 2.,Cleaning
Keyboard not working in Lab 2.,CSE
Tube light not working in Admin Block.,Electrical
Garbage not collected in First Floor.,Cleaning
Staircase is dusty in Second Floor.,Cleaning
Classroom is very dirty in Room 101.,Cleaning
No water supply in hostel in Lab 1.,Hostel
Website login problem in Room 204.,Others
Campus area is dirty in First Floor.,Cleaning
Bad smell in corridor in Room 101.,Cleaning
Mouse is not responding in Block A.,CSE
Floor needs mopping in First Floor.,Cleaning
Breadboard is damaged in Lab 1.,ECE
Wall has cracks in Block B.,Maintenance
Bus pass issue in Room 101.,Others
Scholarship not received in Block A.,Others
Library computer not working in Room 204.,Library
Classroom is very dirty in Admin Block.,Cleaning
Hall ticket not generated in Lab 2.,Others
Classroom is very dirty in Block A.,Cleaning
Plumbing problem in Block A.,Maintenance
Hostel WiFi not working in First Floor.,Hostel
Breadboard is damaged in Admin Block.,ECE
Light is flickering in Block B.,Electrical
Water leaking from ceiling in First Floor.,Maintenance
Hostel room needs cleaning in Lab 2.,Hostel
Reading room is noisy in Lab 2.,Library
Window glass is broken in Block A.,Maintenance
Generator backup failed in Lab 2.,Electrical
Scholarship not received in Block B.,Others
Digital trainer board failed in Admin Block.,ECE
Arduino board not detected in Lab 1.,ECE
Hall ticket not generated in Admin Block.,Others
Bad smell in corridor in Room 101.,Cleaning
Mouse is not responding in First Floor.,CSE
Room lock is broken in Block B.,Hostel
Printer not working in Second Floor.,CSE
Washroom needs cleaning in First Floor.,Cleaning
Fee payment portal not working in Lab 2.,Others
Campus area is dirty in Admin Block.,Cleaning
Tap is leaking in Lab 2.,Maintenance
Library internet not working in Room 204.,Library
Monitor display is blank in Block B.,CSE
Generator backup failed in First Floor.,Electrical
Keyboard not working in Block B.,CSE
Bad smell in corridor in Room 204.,Cleaning
Lab equipment is faulty in Block A.,ECE
Tap is leaking in Admin Block.,Maintenance
Campus area is dirty in Block A.,Cleaning
Campus area is dirty in Block A.,Cleaning
Washroom needs cleaning in Room 204.,Cleaning
Mouse is not responding in Block B.,CSE
Power outage in classroom in Admin Block.,Electrical
Drinking water cooler not working in Block A.,Hostel
Room lock is broken in First Floor.,Hostel
Hostel room needs cleaning in First Floor.,Hostel
Scholarship not received in Block A.,Others
Tap is leaking in Lab 1.,Maintenance
Wall has cracks in Block B.,Maintenance
Washroom needs cleaning in Room 204.,Cleaning
Mess food quality is poor in Room 101.,Hostel
Library AC not working in Lab 1.,Library
Monitor display is blank in First Floor.,CSE
Bathroom is dirty in Room 101.,Hostel
Required book is unavailable in Block A.,Library
Keyboard not working in Block B.,CSE
Printer not working in Block B.,CSE
Water leaking from ceiling in Second Floor.,Maintenance
Mess food quality is poor in Lab 1.,Hostel
Library AC not working in First Floor.,Library
Tube light not working in Block B.,Electrical
Printer not working in Room 204.,CSE
Plumbing problem in Second Floor.,Maintenance
Wall has cracks in Room 204.,Maintenance
Computer not starting in Lab 2.,CSE
Campus area is dirty in Room 204.,Cleaning
Fee payment portal not working in Room 204.,Others
Tap is leaking in Lab 1.,Maintenance
Website login problem in Lab 2.,Others
Tap is leaking in Admin Block.,Maintenance
Fan not working in hostel room in Second Floor.,Hostel
Monitor display is blank in Admin Block.,CSE
Book issue system not working in Lab 1.,Library
Printer not working in Admin Block.,CSE
Hostel WiFi not working in Lab 1.,Hostel
Breadboard is damaged in Lab 2.,ECE
Generator backup failed in Admin Block.,Electrical
System is running very slow in Room 101.,CSE
Lab equipment is faulty in Room 101.,ECE
Fan not working in hostel room in Admin Block.,Hostel
ID card not issued in Lab 2.,Others
Hall ticket not generated in First Floor.,Others
Fan not working in hostel room in Lab 1.,Hostel
Printer not working in Lab 1.,CSE
Lab equipment is faulty in Lab 1.,ECE
Function generator faulty in Room 101.,ECE
Power outage in classroom in Lab 2.,Electrical
Tube light not working in First Floor.,Electrical
Light is flickering in Lab 1.,Electrical
Arduino board not detected in Lab 1.,ECE
Wall has cracks in Lab 1.,Maintenance
Insufficient seating in library in Block A.,Library
Drinking water cooler not working in Admin Block.,Hostel
Power socket not working in Lab 2.,Electrical
Bonafide certificate delayed in Block B.,Others
Hostel room needs cleaning in Admin Block.,Hostel
Classroom is very dirty in First Floor.,Cleaning
Digital trainer board failed in Room 204.,ECE
Light is flickering in First Floor.,Electrical
Generator backup failed in Room 204.,Electrical
Software installation required in Lab 2.,CSE
Hostel WiFi not working in Second Floor.,Hostel
Monitor display is blank in Block B.,CSE
Classroom is very dirty in First Floor.,Cleaning
Power outage in classroom in Lab 1.,Electrical
Broken classroom bench in Admin Block.,Maintenance
Power outage in classroom in Admin Block.,Electrical
Hall ticket not generated in Block A.,Others
Washroom needs cleaning in Lab 2.,Cleaning
Floor needs mopping in Lab 1.,Cleaning
Washroom needs cleaning in Block A.,Cleaning
Library AC not working in Second Floor.,Library
ID card not issued in First Floor.,Others
Digital trainer board failed in Block B.,ECE
Washroom needs cleaning in Block B.,Cleaning
Hall ticket not generated in Room 204.,Others
Wall has cracks in Block B.,Maintenance
Monitor display is blank in Lab 2.,CSE
Hostel room needs cleaning in Second Floor.,Hostel
Room lock is broken in Second Floor.,Hostel
Insufficient seating in library in Room 101.,Library
Switch board is damaged in Block A.,Electrical
Room lock is broken in Room 101.,Hostel
Book return portal not working in Lab 2.,Library
Monitor display is blank in Admin Block.,CSE
Water leaking from ceiling in Lab 2.,Maintenance
Wall has cracks in Lab 2.,Maintenance
Hostel WiFi not working in Admin Block.,Hostel
Drinking water cooler not working in Room 204.,Hostel
Drinking water cooler not working in Lab 1.,Hostel
Bonafide certificate delayed in Room 101.,Others
Light is flickering in First Floor.,Electrical
Microcontroller kit not working in Admin Block.,ECE
Power outage in classroom in Room 204.,Electrical
Software installation required in Admin Block.,CSE
Water leaking from ceiling in Lab 2.,Maintenance
Function generator faulty in Lab 2.,ECE
Internet not working in lab in Room 101.,CSE
Fan not working in hostel room in Lab 2.,Hostel
Water leaking from ceiling in Second Floor.,Maintenance
Oscilloscope not working in Block B.,ECE
Digital trainer board failed in Block A.,ECE
Reading room is noisy in Block B.,Library
Mouse is not responding in Lab 1.,CSE
Library computer not working in Block A.,Library
Washroom needs cleaning in Room 204.,Cleaning
Floor needs mopping in Block B.,Cleaning
Microcontroller kit not working in Lab 1.,ECE
Fan not working in hostel room in Room 101.,Hostel
Tube light not working in Lab 2.,Electrical
Reading room is noisy in First Floor.,Library
Library internet not working in Room 101.,Library
Floor needs mopping in Block A.,Cleaning
Oscilloscope not working in Second Floor.,ECE
Microcontroller kit not working in Lab 2.,ECE
Website login problem in Block A.,Others
Printer not working in Lab 2.,CSE
Campus area is dirty in Lab 1.,Cleaning
Hall ticket not generated in Second Floor.,Others
Lab equipment is faulty in Second Floor.,ECE
Computer not starting in Lab 2.,CSE
Fee payment portal not working in Second Floor.,Others
Oscilloscope not working in Room 101.,ECE
Website login problem in Lab 2.,Others
Oscilloscope not working in First Floor.,ECE
Floor needs mopping in Lab 2.,Cleaning
Washroom needs cleaning in Lab 1.,Cleaning
Bus pass issue in Room 101.,Others
Generator backup failed in Block B.,Electrical
Oscilloscope not working in Admin Block.,ECE
Library internet not working in Block A.,Library
Software installation required in Room 101.,CSE
Floor needs mopping in Block B.,Cleaning
ID card not issued in Second Floor.,Others
Bad smell in corridor in Room 101.,Cleaning
Book issue system not working in Block A.,Library
Mouse is not responding in First Floor.,CSE
Hall ticket not generated in First Floor.,Others
ID card not issued in Admin Block.,Others
Window glass is broken in Admin Block.,Maintenance
Website login problem in Admin Block.,Others
Power outage in classroom in Admin Block.,Electrical
Hostel WiFi not working in First Floor.,Hostel
Library computer not working in Block A.,Library
Arduino board not detected in Admin Block.,ECE
Signal generator issue in Lab 1.,ECE
Fee payment portal not working in Admin Block.,Others
Website login problem in First Floor.,Others
No water supply in hostel in Block A.,Hostel
Mess food quality is poor in Lab 1.,Hostel
Printer not working in Room 101.,CSE
Required book is unavailable in First Floor.,Library
Dustbins are overflowing in Admin Block.,Cleaning
Breadboard is damaged in First Floor.,ECE
Bad smell in corridor in Room 101.,Cleaning
No water supply in hostel in Second Floor.,Hostel
Library computer not working in Second Floor.,Library
Mouse is not responding in Admin Block.,CSE
Drinking water cooler not working in Admin Block.,Hostel
Campus area is dirty in Admin Block.,Cleaning
Signal generator issue in Block A.,ECE
Software installation required in Admin Block.,CSE
Power outage in classroom in Room 204.,Electrical
Loose electrical wiring in Second Floor.,Electrical
Reading room is noisy in Room 101.,Library
Computer not starting in Block A.,CSE
Classroom is very dirty in Admin Block.,Cleaning
No water supply in hostel in Room 101.,Hostel
Power socket not working in Lab 1.,Electrical
Door lock is broken in First Floor.,Maintenance
Fan is not working in Room 204.,Electrical
Tap is leaking in Lab 2.,Maintenance
Printer not working in Admin Block.,CSE
Broken classroom bench in Admin Block.,Maintenance
Switch board is damaged in Admin Block.,Electrical
Library AC not working in Room 204.,Library
Hall ticket not generated in Room 101.,Others
Room lock is broken in Admin Block.,Hostel
Classroom is very dirty in First Floor.,Cleaning
Broken classroom bench in Lab 2.,Maintenance
Library internet not working in Lab 1.,Library
Switch board is damaged in First Floor.,Electrical
Bonafide certificate delayed in Lab 2.,Others
Generator backup failed in First Floor.,Electrical
Microcontroller kit not working in Block A.,ECE
Drinking water cooler not working in Lab 1.,Hostel
Signal generator issue in First Floor.,ECE
Classroom is very dirty in Room 101.,Cleaning
Garbage not collected in Room 204.,Cleaning
General enquiry not resolved in Block A.,Others
Computer not starting in Admin Block.,CSE
Book issue system not working in Block B.,Library
Loose electrical wiring in Block B.,Electrical
Library internet not working in Block A.,Library
Breadboard is damaged in Room 101.,ECE
Book return portal not working in Block A.,Library
Broken classroom bench in First Floor.,Maintenance
Software installation required in Room 204.,CSE
Loose electrical wiring in Second Floor.,Electrical
Printer not working in Block A.,CSE
Library internet not working in Second Floor.,Library
Keyboard not working in Room 204.,CSE
Bus pass issue in Second Floor.,Others
Internet not working in lab in Room 204.,CSE
Fan not working in hostel room in Lab 2.,Hostel
Classroom is very dirty in First Floor.,Cleaning
Window glass is broken in Second Floor.,Maintenance
Library computer not working in Room 101.,Library
Website login problem in Block A.,Others
Library computer not working in First Floor.,Library
Switch board is damaged in Lab 2.,Electrical
Switch board is damaged in Second Floor.,Electrical
Oscilloscope not working in Lab 1.,ECE
Website login problem in Room 204.,Others
Lab equipment is faulty in Block A.,ECE
Software installation required in First Floor.,CSE
Campus area is dirty in Block B.,Cleaning
Floor needs mopping in Admin Block.,Cleaning
System is running very slow in Admin Block.,CSE
Tube light not working in Lab 1.,Electrical
Staircase is dusty in Admin Block.,Cleaning
Microcontroller kit not working in Block B.,ECE
Drinking water cooler not working in Second Floor.,Hostel
Breadboard is damaged in Admin Block.,ECE
Switch board is damaged in Second Floor.,Electrical
Lab equipment is faulty in Second Floor.,ECE
Reading room is noisy in Lab 2.,Library
Power outage in classroom in Block B.,Electrical
Light is flickering in Admin Block.,Electrical
Roof seepage issue in First Floor.,Maintenance
Digital trainer board failed in Room 101.,ECE
Library AC not working in Lab 1.,Library
Washroom needs cleaning in Room 204.,Cleaning
Library computer not working in Room 204.,Library
Bonafide certificate delayed in Admin Block.,Others
Monitor display is blank in First Floor.,CSE
Loose electrical wiring in Block B.,Electrical
General enquiry not resolved in Block A.,Others
Generator backup failed in First Floor.,Electrical
Room lock is broken in Admin Block.,Hostel
Bad smell in corridor in Block A.,Cleaning
Hostel WiFi not working in Lab 2.,Hostel
Power socket not working in Lab 2.,Electrical
Bus pass issue in Block A.,Others
Hall ticket not generated in Lab 2.,Others
Tap is leaking in Block A.,Maintenance
Door lock is broken in Lab 1.,Maintenance
Mouse is not responding in Block B.,CSE
Library internet not working in Block A.,Library
Dustbins are overflowing in Admin Block.,Cleaning
Fan is not working in Admin Block.,Electrical
Computer not starting in Lab 1.,CSE
Wall has cracks in Second Floor.,Maintenance
Bus pass issue in Admin Block.,Others
Loose electrical wiring in Room 204.,Electrical
Mouse is not responding in Admin Block.,CSE
System is running very slow in Block A.,CSE
Dustbins are overflowing in Second Floor.,Cleaning
Internet not working in lab in Admin Block.,CSE
Tube light not working in Block A.,Electrical
Switch board is damaged in Lab 2.,Electrical
System is running very slow in First Floor.,CSE
Door lock is broken in Second Floor.,Maintenance
Scholarship not received in Admin Block.,Others
Power outage in classroom in Block A.,Electrical
Library computer not working in Lab 2.,Library
ID card not issued in Lab 2.,Others
Oscilloscope not working in Room 101.,ECE
Fan is not working in Block B.,Electrical
Power outage in classroom in Admin Block.,Electrical
Breadboard is damaged in Room 101.,ECE
Classroom is very dirty in Admin Block.,Cleaning
Room lock is broken in Lab 2.,Hostel
Printer not working in Block A.,CSE
Signal generator issue in Second Floor.,ECE
Bad smell in corridor in Block B.,Cleaning
Plumbing problem in Room 101.,Maintenance
Room lock is broken in Admin Block.,Hostel
Book issue system not working in Lab 1.,Library
Wall has cracks in Room 101.,Maintenance
Arduino board not detected in Room 101.,ECE
Floor needs mopping in Lab 2.,Cleaning
Arduino board not detected in First Floor.,ECE
Mess food quality is poor in Lab 2.,Hostel
Oscilloscope not working in Block A.,ECE
Tube light not working in Block A.,Electrical
Fan is not working in Room 204.,Electrical
Oscilloscope not working in Admin Block.,ECE
Mess food quality is poor in First Floor.,Hostel
Bathroom is dirty in Room 204.,Hostel
Door lock is broken in Lab 2.,Maintenance
Wall has cracks in Block B.,Maintenance
Software installation required in Room 101.,CSE
No water supply in hostel in Admin Block.,Hostel
Plumbing problem in Room 101.,Maintenance
Computer not starting in Block A.,CSE
Power outage in classroom in Room 101.,Electrical
Dustbins are overflowing in Block B.,Cleaning
Bathroom is dirty in Block B.,Hostel
Classroom is very dirty in Lab 2.,Cleaning
Hostel WiFi not working in First Floor.,Hostel
Bus pass issue in Lab 2.,Others
Garbage not collected in Lab 2.,Cleaning
Insufficient seating in library in Room 101.,Library
General enquiry not resolved in Lab 2.,Others
Keyboard not working in Block A.,CSE
Breadboard is damaged in Block B.,ECE
Arduino board not detected in Second Floor.,ECE
Light is flickering in Block A.,Electrical
Keyboard not working in Second Floor.,CSE
Digital trainer board failed in Lab 2.,ECE
Oscilloscope not working in Second Floor.,ECE
Library computer not working in Room 101.,Library
Water leaking from ceiling in First Floor.,Maintenance
Mess food quality is poor in Second Floor.,Hostel
General enquiry not resolved in Room 204.,Others
Computer not starting in Room 204.,CSE
Roof seepage issue in Lab 1.,Maintenance
Light is flickering in Admin Block.,Electrical
Website login problem in Block A.,Others
Floor needs mopping in First Floor.,Cleaning
Hostel room needs cleaning in Lab 1.,Hostel
Hostel room needs cleaning in Admin Block.,Hostel
Tube light not working in Lab 2.,Electrical
Software installation required in Block A.,CSE
Dustbins are overflowing in Admin Block.,Cleaning
Oscilloscope not working in Block A.,ECE
Broken classroom bench in Lab 1.,Maintenance
General enquiry not resolved in Lab 1.,Others
Garbage not collected in Admin Block.,Cleaning
Floor needs mopping in First Floor.,Cleaning
Fee payment portal not working in Room 101.,Others
Microcontroller kit not working in Block A.,ECE
Book issue system not working in Block A.,Library
ID card not issued in Room 204.,Others
Fee payment portal not working in Room 204.,Others
Lab equipment is faulty in Lab 2.,ECE
Reading room is noisy in First Floor.,Library
Roof seepage issue in Second Floor.,Maintenance
Dustbins are overflowing in Lab 1.,Cleaning
Library AC not working in Admin Block.,Library
Microcontroller kit not working in First Floor.,ECE
Garbage not collected in Lab 2.,Cleaning
Computer not starting in Block A.,CSE
Power socket not working in Room 101.,Electrical
Power outage in classroom in Room 204.,Electrical
Computer not starting in Block A.,CSE
Wall has cracks in Admin Block.,Maintenance
Fee payment portal not working in Second Floor.,Others
Bonafide certificate delayed in Second Floor.,Others
Roof seepage issue in Block A.,Maintenance
Library AC not working in Room 101.,Library
Fan not working in hostel room in Lab 2.,Hostel
Library computer not working in Room 101.,Library
Book return portal not working in Block B.,Library
Book issue system not working in Second Floor.,Library
Microcontroller kit not working in Lab 1.,ECE
Library AC not working in Lab 2.,Library
Wall has cracks in Lab 2.,Maintenance
Bathroom is dirty in Second Floor.,Hostel
Arduino board not detected in Room 101.,ECE
Software installation required in First Floor.,CSE
Lab equipment is faulty in Lab 2.,ECE
Wall has cracks in Room 204.,Maintenance
Bus pass issue in First Floor.,Others
Bathroom is dirty in Admin Block.,Hostel
Library AC not working in Room 101.,Library
Mouse is not responding in Admin Block.,CSE
Bonafide certificate delayed in Admin Block.,Others
Tube light not working in Block B.,Electrical
Fan not working in hostel room in Lab 2.,Hostel
Staircase is dusty in Block B.,Cleaning
Book return portal not working in Block A.,Library
Garbage not collected in Lab 1.,Cleaning
ID card not issued in Lab 2.,Others
Bathroom is dirty in Lab 1.,Hostel
Tap is leaking in Lab 2.,Maintenance
Classroom is very dirty in Admin Block.,Cleaning
Lab equipment is faulty in Room 101.,ECE
Keyboard not working in Lab 1.,CSE
Breadboard is damaged in Room 204.,ECE
Roof seepage issue in Second Floor.,Maintenance
Internet not working in lab in Lab 1.,CSE
Book return portal not working in Block A.,Library
Bonafide certificate delayed in Second Floor.,Others
Breadboard is damaged in Second Floor.,ECE
Power outage in classroom in Room 204.,Electrical
Window glass is broken in Block A.,Maintenance
Tap is leaking in Lab 1.,Maintenance
Roof seepage issue in Lab 2.,Maintenance
Microcontroller kit not working in Lab 2.,ECE
Bathroom is dirty in Lab 2.,Hostel
Staircase is dusty in Block A.,Cleaning
Keyboard not working in Room 101.,CSE
Light is flickering in Room 101.,Electrical
Bus pass issue in Block A.,Others
Printer not working in Room 204.,CSE
No water supply in hostel in Admin Block.,Hostel
Reading room is noisy in First Floor.,Library
Mess food quality is poor in Block A.,Hostel
Internet not working in lab in Lab 1.,CSE
Required book is unavailable in Room 204.,Library
Lab equipment is faulty in Lab 1.,ECE
Washroom needs cleaning in Second Floor.,Cleaning
Generator backup failed in First Floor.,Electrical
Required book is unavailable in Room 204.,Library
ID card not issued in Block B.,Others
Loose electrical wiring in Lab 2.,Electrical
Library AC not working in Admin Block.,Library
Floor needs mopping in Block B.,Cleaning
Mess food quality is poor in Room 101.,Hostel
Window glass is broken in Room 101.,Maintenance
No water supply in hostel in Lab 2.,Hostel
Wall has cracks in Room 101.,Maintenance
Loose electrical wiring in Room 204.,Electrical
Breadboard is damaged in Room 204.,ECE
Hostel room needs cleaning in Room 101.,Hostel
Hall ticket not generated in Block B.,Others
Hostel WiFi not working in Block B.,Hostel
Power socket not working in Admin Block.,Electrical
Bus pass issue in Lab 2.,Others
Tube light not working in Admin Block.,Electrical
Bad smell in corridor in Lab 1.,Cleaning
Scholarship not received in Room 204.,Others
Hostel room needs cleaning in Lab 2.,Hostel
Drinking water cooler not working in Block A.,Hostel
Tube light not working in Lab 2.,Electrical
System is running very slow in Admin Block.,CSE
Required book is unavailable in Admin Block.,Library
Fan not working in hostel room in Lab 1.,Hostel
Fan not working in hostel room in First Floor.,Hostel
Drinking water cooler not working in Lab 2.,Hostel
Library computer not working in Second Floor.,Library
Wall has cracks in Room 101.,Maintenance
Fan not working in hostel room in Block A.,Hostel
Signal generator issue in First Floor.,ECE
Bathroom is dirty in Room 101.,Hostel
Hall ticket not generated in Lab 1.,Others
Digital trainer board failed in Block A.,ECE
Mess food quality is poor in Lab 2.,Hostel
Window glass is broken in Block B.,Maintenance
Tap is leaking in Block B.,Maintenance
Required book is unavailable in Room 101.,Library
Staircase is dusty in First Floor.,Cleaning
Switch board is damaged in Lab 1.,Electrical
Keyboard not working in Block A.,CSE
Generator backup failed in Admin Block.,Electrical
Bus pass issue in Room 204.,Others
Internet not working in lab in First Floor.,CSE
Wall has cracks in Block B.,Maintenance
Wall has cracks in Admin Block.,Maintenance
Mess food quality is poor in Block A.,Hostel
Broken classroom bench in Room 204.,Maintenance
Arduino board not detected in Room 204.,ECE
Bad smell in corridor in Lab 2.,Cleaning
Bonafide certificate delayed in Second Floor.,Others
Bad smell in corridor in Room 101.,Cleaning
No water supply in hostel in Second Floor.,Hostel
Door lock is broken in First Floor.,Maintenance
Loose electrical wiring in Room 204.,Electrical
Roof seepage issue in Room 101.,Maintenance
Book issue system not working in Block A.,Library
Tube light not working in Block B.,Electrical
ID card not issued in Block B.,Others
Oscilloscope not working in Admin Block.,ECE
Bathroom is dirty in Lab 1.,Hostel
Signal generator issue in Room 101.,ECE
Dustbins are overflowing in Second Floor.,Cleaning
Bathroom is dirty in Admin Block.,Hostel
Broken classroom bench in Block B.,Maintenance
Printer not working in Block B.,CSE
Water leaking from ceiling in Block B.,Maintenance
Power socket not working in Admin Block.,Electrical
Monitor display is blank in First Floor.,CSE
Tube light not working in First Floor.,Electrical
Room lock is broken in Block B.,Hostel
General enquiry not resolved in Room 101.,Others
Fan not working in hostel room in Room 204.,Hostel
Generator backup failed in First Floor.,Electrical
Loose electrical wiring in First Floor.,Electrical
Room lock is broken in First Floor.,Hostel
Book issue system not working in Lab 2.,Library
Drinking water cooler not working in First Floor.,Hostel
Fan not working in hostel room in Room 101.,Hostel
Staircase is dusty in Admin Block.,Cleaning
ID card not issued in Lab 2.,Others
Scholarship not received in Room 101.,Others
Printer not working in Room 204.,CSE
Floor needs mopping in Admin Block.,Cleaning
Water leaking from ceiling in Block A.,Maintenance
Lab equipment is faulty in First Floor.,ECE
Internet not working in lab in Room 204.,CSE
Book return portal not working in Lab 2.,Library
Software installation required in Block B.,CSE
Breadboard is damaged in Block B.,ECE
Computer not starting in Room 204.,CSE
Library AC not working in Room 101.,Library
No water supply in hostel in Lab 1.,Hostel
No water supply in hostel in Lab 2.,Hostel
No water supply in hostel in Lab 2.,Hostel
Room lock is broken in Lab 2.,Hostel
Insufficient seating in library in Room 101.,Library
No water supply in hostel in Block B.,Hostel
Digital trainer board failed in Block B.,ECE
Digital trainer board failed in Lab 1.,ECE
Classroom is very dirty in First Floor.,Cleaning
Drinking water cooler not working in First Floor.,Hostel
Light is flickering in Room 101.,Electrical
Light is flickering in Room 204.,Electrical
Lab equipment is faulty in Lab 2.,ECE
Mouse is not responding in Lab 2.,CSE
Bonafide certificate delayed in Lab 2.,Others
Microcontroller kit not working in First Floor.,ECE
Generator backup failed in Admin Block.,Electrical
Fan not working in hostel room in Lab 2.,Hostel
Hostel room needs cleaning in Lab 2.,Hostel
Library computer not working in Room 204.,Library
Tap is leaking in Lab 2.,Maintenance
Switch board is damaged in First Floor.,Electrical
Website login problem in First Floor.,Others
Drinking water cooler not working in Lab 1.,Hostel
Website login problem in Room 204.,Others
Window glass is broken in Lab 2.,Maintenance
Bathroom is dirty in Block B.,Hostel
Switch board is damaged in Second Floor.,Electrical
Breadboard is damaged in Admin Block.,ECE
Internet not working in lab in Lab 1.,CSE
Room lock is broken in Lab 1.,Hostel
Arduino board not detected in Lab 1.,ECE
Lab equipment is faulty in Admin Block.,ECE
Generator backup failed in Lab 1.,Electrical
Mess food quality is poor in First Floor.,Hostel
Floor needs mopping in Lab 1.,Cleaning
Tube light not working in Second Floor.,Electrical
Library computer not working in Room 204.,Library
Bus pass issue in Room 204.,Others
Door lock is broken in Lab 2.,Maintenance
ID card not issued in First Floor.,Others
Light is flickering in Second Floor.,Electrical
Insufficient seating in library in Room 101.,Library
Floor needs mopping in Admin Block.,Cleaning
Bathroom is dirty in Lab 1.,Hostel
Internet not working in lab in Admin Block.,CSE
Floor needs mopping in Lab 2.,Cleaning
Power outage in classroom in First Floor.,Electrical
Hall ticket not generated in Lab 2.,Others
Washroom needs cleaning in Block A.,Cleaning
Washroom needs cleaning in Admin Block.,Cleaning
Room lock is broken in Room 101.,Hostel
Door lock is broken in Block A.,Maintenance
Library computer not working in Block B.,Library
Hostel WiFi not working in Admin Block.,Hostel
Plumbing problem in Block A.,Maintenance
Bad smell in corridor in Block A.,Cleaning
Staircase is dusty in Block A.,Cleaning
Function generator faulty in First Floor.,ECE
Water leaking from ceiling in Block B.,Maintenance
Generator backup failed in Block B.,Electrical
Lab equipment is faulty in Block B.,ECE
Required book is unavailable in Lab 2.,Library
Library AC not working in Lab 1.,Library
Light is flickering in Block A.,Electrical
Roof seepage issue in Block B.,Maintenance
Washroom needs cleaning in Block B.,Cleaning
Fee payment portal not working in Room 101.,Others
Microcontroller kit not working in Room 204.,ECE
Arduino board not detected in Room 204.,ECE
Staircase is dusty in Block B.,Cleaning
Tap is leaking in First Floor.,Maintenance
General enquiry not resolved in Admin Block.,Others
Book return portal not working in Room 204.,Library
Mess food quality is poor in Lab 1.,Hostel
Reading room is noisy in Block A.,Library
Computer not starting in Admin Block.,CSE
Arduino board not detected in Room 204.,ECE
Washroom needs cleaning in Lab 2.,Cleaning
Switch board is damaged in Lab 2.,Electrical
Window glass is broken in Block B.,Maintenance
Mouse is not responding in Admin Block.,CSE
Tap is leaking in Room 101.,Maintenance
Printer not working in Second Floor.,CSE
ID card not issued in Second Floor.,Others
Fan not working in hostel room in Room 204.,Hostel
Book issue system not working in Admin Block.,Library
Power socket not working in Block A.,Electrical
Insufficient seating in library in Block A.,Library
Breadboard is damaged in Block B.,ECE
Monitor display is blank in Lab 2.,CSE
Bus pass issue in Second Floor.,Others
Book issue system not working in Admin Block.,Library
Power outage in classroom in Lab 2.,Electrical
Power socket not working in Room 204.,Electrical
Broken classroom bench in Admin Block.,Maintenance
Light is flickering in Block A.,Electrical
Function generator faulty in Second Floor.,ECE
Floor needs mopping in Lab 1.,Cleaning
Printer not working in Room 101.,CSE
Bonafide certificate delayed in Room 204.,Others
Arduino board not detected in First Floor.,ECE
Staircase is dusty in Second Floor.,Cleaning
Roof seepage issue in Block B.,Maintenance
Book return portal not working in Room 204.,Library
Power socket not working in Lab 2.,Electrical
Switch board is damaged in First Floor.,Electrical
Broken classroom bench in Block B.,Maintenance
Printer not working in Block B.,CSE
Signal generator issue in Admin Block.,ECE
Switch board is damaged in Block B.,Electrical
System is running very slow in Lab 1.,CSE
Power socket not working in Block B.,Electrical
Reading room is noisy in Admin Block.,Library
Power outage in classroom in Room 204.,Electrical
Fee payment portal not working in Block A.,Others
Staircase is dusty in Room 101.,Cleaning
Tap is leaking in Block B.,Maintenance
Bonafide certificate delayed in First Floor.,Others
Hostel room needs cleaning in Block A.,Hostel
Breadboard is damaged in Second Floor.,ECE
Room lock is broken in Lab 1.,Hostel
Hall ticket not generated in Room 204.,Others
Staircase is dusty in Block B.,Cleaning
Mouse is not responding in First Floor.,CSE
Door lock is broken in Lab 1.,Maintenance
Drinking water cooler not working in Lab 2.,Hostel
Plumbing problem in Admin Block.,Maintenance
Function generator faulty in Admin Block.,ECE
Software installation required in Room 101.,CSE
Plumbing problem in Second Floor.,Maintenance
Required book is unavailable in Block A.,Library
Light is flickering in Admin Block.,Electrical
Light is flickering in Lab 2.,Electrical
Dustbins are overflowing in Block B.,Cleaning
Garbage not collected in Lab 2.,Cleaning
Floor needs mopping in Room 101.,Cleaning
Computer not starting in Lab 2.,CSE
Tap is leaking in Lab 1.,Maintenance
Microcontroller kit not working in Room 101.,ECE
Book issue system not working in First Floor.,Library
Computer not starting in Lab 2.,CSE
Tap is leaking in Admin Block.,Maintenance
Internet not working in lab in Second Floor.,CSE
Internet not working in lab in Lab 1.,CSE
Room lock is broken in Block B.,Hostel
Loose electrical wiring in Room 204.,Electrical
Library computer not working in Block A.,Library
Library computer not working in First Floor.,Library
Library AC not working in Lab 2.,Library
Library AC not working in Lab 1.,Library
Bad smell in corridor in Room 101.,Cleaning
Tube light not working in Block A.,Electrical
Tap is leaking in First Floor.,Maintenance
Book return portal not working in Admin Block.,Library
Monitor display is blank in Lab 2.,CSE
Digital trainer board failed in Admin Block.,ECE
Roof seepage issue in Room 204.,Maintenance
Function generator faulty in Lab 1.,ECE
Library internet not working in Block A.,Library
Generator backup failed in Block B.,Electrical
Breadboard is damaged in First Floor.,ECE
Switch board is damaged in Lab 1.,Electrical
Hall ticket not generated in Lab 2.,Others
Window glass is broken in Block A.,Maintenance
Hostel room needs cleaning in Block A.,Hostel
Garbage not collected in Lab 1.,Cleaning
Required book is unavailable in Lab 1.,Library
Library computer not working in Lab 2.,Library
System is running very slow in Admin Block.,CSE
Function generator faulty in Room 204.,ECE
Breadboard is damaged in Second Floor.,ECE
General enquiry not resolved in Lab 1.,Others
Breadboard is damaged in Block B.,ECE
Computer not starting in Room 204.,CSE
System is running very slow in Block B.,CSE
Plumbing problem in Room 101.,Maintenance
Library computer not working in Block B.,Library
Power outage in classroom in First Floor.,Electrical
Keyboard not working in Lab 1.,CSE
Roof seepage issue in Admin Block.,Maintenance
Hostel WiFi not working in Admin Block.,Hostel
Keyboard not working in Block B.,CSE
Bad smell in corridor in Room 204.,Cleaning
Staircase is dusty in Second Floor.,Cleaning
Hall ticket not generated in Admin Block.,Others
Garbage not collected in Lab 1.,Cleaning
Insufficient seating in library in Block A.,Library
Required book is unavailable in First Floor.,Library
Dustbins are overflowing in Admin Block.,Cleaning
General enquiry not resolved in First Floor.,Others
Computer not starting in Block B.,CSE
Window glass is broken in Room 101.,Maintenance
Book issue system not working in Lab 1.,Library
Wall has cracks in Block A.,Maintenance
Library computer not working in Admin Block.,Library
Drinking water cooler not working in Room 204.,Hostel
Fee payment portal not working in Admin Block.,Others
Microcontroller kit not working in Lab 2.,ECE
Book issue system not working in Block A.,Library
Water leaking from ceiling in Admin Block.,Maintenance
Signal generator issue in Admin Block.,ECE
Mouse is not responding in First Floor.,CSE
Door lock is broken in Block A.,Maintenance
Digital trainer board failed in Block A.,ECE
Bad smell in corridor in Admin Block.,Cleaning
Arduino board not detected in Lab 2.,ECE
Fan not working in hostel room in Admin Block.,Hostel
Switch board is damaged in Lab 2.,Electrical
Power outage in classroom in Room 101.,Electrical
Campus area is dirty in Second Floor.,Cleaning
Required book is unavailable in Second Floor.,Library
Switch board is damaged in Second Floor.,Electrical
Required book is unavailable in Room 101.,Library
Tap is leaking in Lab 2.,Maintenance
Campus area is dirty in Block B.,Cleaning
Reading room is noisy in Block A.,Library
Loose electrical wiring in Lab 1.,Electrical
Library internet not working in Lab 1.,Library
Computer not starting in First Floor.,CSE
Hostel WiFi not working in Room 204.,Hostel
Software installation required in Block A.,CSE
Library internet not working in Block B.,Library
Mouse is not responding in Block B.,CSE
Microcontroller kit not working in Block B.,ECE
Fan is not working in Block B.,Electrical
Library AC not working in Lab 2.,Library
Software installation required in First Floor.,CSE
Door lock is broken in Lab 1.,Maintenance
Hall ticket not generated in Room 101.,Others
Tube light not working in Lab 1.,Electrical
Insufficient seating in library in Second Floor.,Library
Bus pass issue in Block A.,Others
Staircase is dusty in Lab 2.,Cleaning
Window glass is broken in Block A.,Maintenance
Keyboard not working in Block A.,CSE
Bathroom is dirty in Lab 1.,Hostel
Window glass is broken in Room 101.,Maintenance
Roof seepage issue in Block A.,Maintenance
Fan not working in hostel room in Admin Block.,Hostel
Tube light not working in Block A.,Electrical
Signal generator issue in Block A.,ECE
Room lock is broken in Second Floor.,Hostel
Required book is unavailable in Room 204.,Library
Washroom needs cleaning in Second Floor.,Cleaning
No water supply in hostel in Block B.,Hostel
Digital trainer board failed in Room 101.,ECE
General enquiry not resolved in Admin Block.,Others
Library AC not working in Room 101.,Library
Power socket not working in Lab 2.,Electrical
Digital trainer board failed in Lab 1.,ECE
Book return portal not working in Lab 1.,Library
Library internet not working in Lab 1.,Library
Monitor display is blank in Admin Block.,CSE
Window glass is broken in Room 101.,Maintenance
Printer not working in Lab 2.,CSE
Washroom needs cleaning in Block A.,Cleaning
Insufficient seating in library in Block B.,Library
Wall has cracks in Block B.,Maintenance
Hall ticket not generated in Room 204.,Others
Library computer not working in Room 101.,Library
Light is flickering in Second Floor.,Electrical
No water supply in hostel in Admin Block.,Hostel
Fan not working in hostel room in Room 204.,Hostel
Insufficient seating in library in First Floor.,Library
Monitor display is blank in Block B.,CSE
Bad smell in corridor in Block A.,Cleaning
Loose electrical wiring in Room 101.,Electrical
Required book is unavailable in Room 101.,Library
Fan is not working in Block A.,Electrical
Classroom is very dirty in Admin Block.,Cleaning
Loose electrical wiring in First Floor.,Electrical
Water leaking from ceiling in Block A.,Maintenance
Book return portal not working in Block A.,Library
Fan is not working in Lab 1.,Electrical
Bonafide certificate delayed in First Floor.,Others
Water leaking from ceiling in Second Floor.,Maintenance
Keyboard not working in Room 101.,CSE
Fan is not working in Second Floor.,Electrical
General enquiry not resolved in Room 204.,Others
Fan not working in hostel room in Lab 2.,Hostel
Monitor display is blank in Room 204.,CSE
Oscilloscope not working in Room 101.,ECE
Required book is unavailable in Second Floor.,Library
Generator backup failed in Second Floor.,Electrical
Scholarship not received in Room 204.,Others
Light is flickering in Block A.,Electrical
Breadboard is damaged in Room 204.,ECE
Microcontroller kit not working in Admin Block.,ECE
Generator backup failed in Block A.,Electrical
Hostel WiFi not working in Room 204.,Hostel
Keyboard not working in Block A.,CSE
Bad smell in corridor in Lab 1.,Cleaning
Floor needs mopping in Lab 1.,Cleaning
Library internet not working in Lab 2.,Library
Broken classroom bench in Second Floor.,Maintenance
Digital trainer board failed in Lab 2.,ECE
Arduino board not detected in Lab 1.,ECE
Bonafide certificate delayed in Block B.,Others
General enquiry not resolved in Lab 1.,Others
Light is flickering in Block B.,Electrical
Roof seepage issue in Second Floor.,Maintenance
Bathroom is dirty in Block B.,Hostel
Generator backup failed in Block A.,Electrical
Software installation required in Room 204.,CSE
Room lock is broken in Lab 1.,Hostel
Breadboard is damaged in First Floor.,ECE
Tap is leaking in Second Floor.,Maintenance
Power socket not working in Block B.,Electrical
Light is flickering in Room 101.,Electrical
Website login problem in First Floor.,Others
Loose electrical wiring in Block A.,Electrical
Bus pass issue in Room 101.,Others
ID card not issued in Lab 2.,Others
Hall ticket not generated in Block B.,Others
Required book is unavailable in Lab 2.,Library
Broken classroom bench in Block A.,Maintenance
Software installation required in Lab 1.,CSE
Switch board is damaged in Room 204.,Electrical
Printer not working in Block A.,CSE
Tube light not working in Lab 2.,Electrical
Required book is unavailable in First Floor.,Library
Floor needs mopping in Lab 1.,Cleaning
Hostel WiFi not working in Block B.,Hostel
Reading room is noisy in Block A.,Library
Washroom needs cleaning in Lab 2.,Cleaning
Mess food quality is poor in Lab 2.,Hostel
Hostel room needs cleaning in Block B.,Hostel
Printer not working in Room 204.,CSE
Light is flickering in Room 101.,Electrical
Bus pass issue in Lab 1.,Others
Digital trainer board failed in Block A.,ECE
Insufficient seating in library in Second Floor.,Library
System is running very slow in Block B.,CSE
Oscilloscope not working in Room 204.,ECE
Washroom needs cleaning in Second Floor.,Cleaning
General enquiry not resolved in Room 204.,Others
Website login problem in Room 101.,Others
Hall ticket not generated in Lab 1.,Others
Library internet not working in Lab 1.,Library
Room lock is broken in Block A.,Hostel
Bonafide certificate delayed in Lab 1.,Others
Light is flickering in Room 204.,Electrical
Reading room is noisy in Block A.,Library
Reading room is noisy in Room 101.,Library
No water supply in hostel in Room 204.,Hostel
Campus area is dirty in Block B.,Cleaning
Required book is unavailable in Block A.,Library
Fan is not working in Room 101.,Electrical
Washroom needs cleaning in Admin Block.,Cleaning
Hostel WiFi not working in Block B.,Hostel
Bus pass issue in Block A.,Others
Hostel room needs cleaning in Block A.,Hostel
No water supply in hostel in Lab 1.,Hostel
Library computer not working in Second Floor.,Library
Fan not working in hostel room in First Floor.,Hostel
Printer not working in Admin Block.,CSE
Oscilloscope not working in Lab 2.,ECE
Lab equipment is faulty in Room 101.,ECE
Bonafide certificate delayed in Room 204.,Others
Dustbins are overflowing in Lab 1.,Cleaning
Signal generator issue in First Floor.,ECE
Bad smell in corridor in Block A.,Cleaning
Oscilloscope not working in Room 204.,ECE
Drinking water cooler not working in Lab 1.,Hostel
Library AC not working in Block B.,Library
Power outage in classroom in Room 101.,Electrical
Wall has cracks in Admin Block.,Maintenance
Printer not working in Lab 1.,CSE
Computer not starting in Lab 2.,CSE
Function generator faulty in First Floor.,ECE
Staircase is dusty in Block B.,Cleaning
Power outage in classroom in Room 101.,Electrical
Scholarship not received in Lab 2.,Others
Function generator faulty in First Floor.,ECE
No water supply in hostel in Room 101.,Hostel
Power outage in classroom in Room 204.,Electrical
Digital trainer board failed in Admin Block.,ECE
Loose electrical wiring in Admin Block.,Electrical
Mouse is not responding in Second Floor.,CSE
Reading room is noisy in First Floor.,Library
Water leaking from ceiling in Room 101.,Maintenance
Light is flickering in Lab 1.,Electrical
Plumbing problem in Lab 2.,Maintenance
Fan not working in hostel room in Admin Block.,Hostel
Required book is unavailable in Room 204.,Library
Bonafide certificate delayed in Lab 2.,Others
Drinking water cooler not working in Lab 1.,Hostel
Door lock is broken in Room 204.,Maintenance
Bus pass issue in Block B.,Others
Light is flickering in Lab 1.,Electrical
Lab equipment is faulty in Lab 2.,ECE
Washroom needs cleaning in Lab 2.,Cleaning
Loose electrical wiring in Second Floor.,Electrical
Lab equipment is faulty in Room 204.,ECE
Broken classroom bench in Lab 2.,Maintenance
Oscilloscope not working in Lab 1.,ECE
Water leaking from ceiling in Block A.,Maintenance
Signal generator issue in Lab 1.,ECE
Library computer not working in Lab 2.,Library
System is running very slow in Room 101.,CSE
Campus area is dirty in Second Floor.,Cleaning
Function generator faulty in Lab 2.,ECE
Library internet not working in Room 101.,Library
Classroom is very dirty in Block B.,Cleaning
Bad smell in corridor in First Floor.,Cleaning
Roof seepage issue in Admin Block.,Maintenance
Library computer not working in Lab 2.,Library
Hostel WiFi not working in Second Floor.,Hostel
Fan is not working in First Floor.,Electrical
Broken classroom bench in Block A.,Maintenance
Fee payment portal not working in Block A.,Others
Arduino board not detected in First Floor.,ECE
Fan not working in hostel room in Admin Block.,Hostel
System is running very slow in Lab 2.,CSE
Microcontroller kit not working in Lab 1.,ECE
Floor needs mopping in Room 101.,Cleaning
Required book is unavailable in Admin Block.,Library
Keyboard not working in Block B.,CSE
Fan not working in hostel room in First Floor.,Hostel
Generator backup failed in Second Floor.,Electrical
Washroom needs cleaning in Room 204.,Cleaning
Dustbins are overflowing in Block B.,Cleaning
Garbage not collected in Block A.,Cleaning
Window glass is broken in Admin Block.,Maintenance
Book issue system not working in Lab 2.,Library
Roof seepage issue in Block B.,Maintenance
Bus pass issue in Block B.,Others
Function generator faulty in Admin Block.,ECE
Mouse is not responding in Room 204.,CSE
Campus area is dirty in Room 101.,Cleaning
System is running very slow in First Floor.,CSE
Arduino board not detected in Block A.,ECE
Computer not starting in First Floor.,CSE
Microcontroller kit not working in Room 101.,ECE
Fee payment portal not working in Block B.,Others
Generator backup failed in Room 204.,Electrical
Tube light not working in Lab 2.,Electrical
Library internet not working in Block A.,Library
Staircase is dusty in Room 101.,Cleaning
Reading room is noisy in Room 204.,Library
Light is flickering in Room 101.,Electrical
Computer not starting in Block B.,CSE
Library AC not working in Block A.,Library
Hostel room needs cleaning in Room 101.,Hostel
Monitor display is blank in Admin Block.,CSE
Staircase is dusty in Second Floor.,Cleaning
Garbage not collected in Lab 2.,Cleaning
Tube light not working in Second Floor.,Electrical
Reading room is noisy in Block A.,Library
Floor needs mopping in Lab 1.,Cleaning
Bus pass issue in Second Floor.,Others
Microcontroller kit not working in First Floor.,ECE
Mess food quality is poor in Block A.,Hostel
Printer not working in Room 204.,CSE
Mess food quality is poor in First Floor.,Hostel
ID card not issued in Room 101.,Others
Library computer not working in Block A.,Library
Washroom needs cleaning in Lab 2.,Cleaning
Lab equipment is faulty in Lab 1.,ECE
Software installation required in Room 101.,CSE
Broken classroom bench in Room 101.,Maintenance
Plumbing problem in First Floor.,Maintenance
Light is flickering in Second Floor.,Electrical
Hostel WiFi not working in Lab 2.,Hostel
Fan not working in hostel room in Lab 2.,Hostel
Door lock is broken in Admin Block.,Maintenance
Drinking water cooler not working in Block B.,Hostel
Room lock is broken in Second Floor.,Hostel
Breadboard is damaged in Lab 2.,ECE
Tap is leaking in Lab 1.,Maintenance
Water leaking from ceiling in Block A.,Maintenance
Oscilloscope not working in Room 101.,ECE
Hostel room needs cleaning in First Floor.,Hostel
Lab equipment is faulty in Block B.,ECE
General enquiry not resolved in Room 204.,Others
Broken classroom bench in Room 101.,Maintenance
Fan is not working in Block B.,Electrical
Bathroom is dirty in Lab 2.,Hostel
Signal generator issue in Admin Block.,ECE
Oscilloscope not working in Block A.,ECE
Printer not working in Room 204.,CSE
Hostel room needs cleaning in Block A.,Hostel
Hostel WiFi not working in Second Floor.,Hostel
Power outage in classroom in Block A.,Electrical
ID card not issued in Second Floor.,Others
Bus pass issue in Block B.,Others
Staircase is dusty in Admin Block.,Cleaning
Scholarship not received in Room 101.,Others
Power socket not working in Lab 2.,Electrical
Floor needs mopping in First Floor.,Cleaning
Generator backup failed in Admin Block.,Electrical
Mouse is not responding in Second Floor.,CSE
Bathroom is dirty in Second Floor.,Hostel
Book issue system not working in First Floor.,Library
Garbage not collected in Room 204.,Cleaning
Scholarship not received in Lab 2.,Others
Printer not working in Lab 2.,CSE
Lab equipment is faulty in Lab 1.,ECE
Campus area is dirty in Block B.,Cleaning
ID card not issued in First Floor.,Others
No water supply in hostel in Admin Block.,Hostel
Garbage not collected in Second Floor.,Cleaning
Door lock is broken in Room 204.,Maintenance
Campus area is dirty in Lab 1.,Cleaning
Library AC not working in Room 101.,Library
System is running very slow in Second Floor.,CSE
Power socket not working in Admin Block.,Electrical
Roof seepage issue in Block B.,Maintenance
Internet not working in lab in Admin Block.,CSE
Power outage in classroom in Admin Block.,Electrical
Staircase is dusty in Room 204.,Cleaning
Classroom is very dirty in Second Floor.,Cleaning
Broken classroom bench in Room 101.,Maintenance
Internet not working in lab in Block A.,CSE
Arduino board not detected in Admin Block.,ECE
ID card not issued in First Floor.,Others
Hall ticket not generated in Block B.,Others
Book issue system not working in Second Floor.,Library
Fan is not working in Lab 1.,Electrical
Power outage in classroom in Room 101.,Electrical
No water supply in hostel in Second Floor.,Hostel
ID card not issued in Room 204.,Others
Breadboard is damaged in Block A.,ECE
Library internet not working in Lab 2.,Library
Microcontroller kit not working in Block B.,ECE
Power socket not working in First Floor.,Electrical
No water supply in hostel in First Floor.,Hostel
Insufficient seating in library in First Floor.,Library
Floor needs mopping in Block B.,Cleaning
Plumbing problem in Block A.,Maintenance
Wall has cracks in Admin Block.,Maintenance
Arduino board not detected in Block A.,ECE
Campus area is dirty in First Floor.,Cleaning
Bonafide certificate delayed in Block B.,Others
Generator backup failed in Room 204.,Electrical
Mess food quality is poor in Room 204.,Hostel
Light is flickering in Room 101.,Electrical
Drinking water cooler not working in Lab 2.,Hostel
Printer not working in Block A.,CSE
Book issue system not working in Block A.,Library
Reading room is noisy in Room 204.,Library
Tap is leaking in Admin Block.,Maintenance
Mouse is not responding in Room 204.,CSE
Reading room is noisy in First Floor.,Library
Wall has cracks in Block A.,Maintenance
Computer not starting in Lab 1.,CSE
Website login problem in Admin Block.,Others
Signal generator issue in Room 101.,ECE
Bathroom is dirty in Lab 2.,Hostel
Classroom is very dirty in First Floor.,Cleaning
Required book is unavailable in Block A.,Library
Computer not starting in First Floor.,CSE
Breadboard is damaged in Block B.,ECE
Mouse is not responding in Room 101.,CSE
Library internet not working in Admin Block.,Library
Insufficient seating in library in First Floor.,Library
Reading room is noisy in Block A.,Library
System is running very slow in Lab 2.,CSE
Plumbing problem in Block B.,Maintenance
Library computer not working in Block A.,Library
Loose electrical wiring in Block B.,Electrical
Campus area is dirty in Lab 2.,Cleaning
Digital trainer board failed in Block B.,ECE
Library AC not working in Block A.,Library
Roof seepage issue in Room 204.,Maintenance
Generator backup failed in Admin Block.,Electrical
Lab equipment is faulty in Admin Block.,ECE
System is running very slow in Room 101.,CSE
Required book is unavailable in First Floor.,Library
Generator backup failed in Block A.,Electrical
Insufficient seating in library in Room 101.,Library
Washroom needs cleaning in Lab 1.,Cleaning
Book issue system not working in Lab 2.,Library
ID card not issued in Lab 1.,Others
Software installation required in Room 204.,CSE
ID card not issued in Lab 1.,Others
Plumbing problem in Block A.,Maintenance
ID card not issued in Admin Block.,Others
Library internet not working in Lab 2.,Library
Book issue system not working in Admin Block.,Library
Roof seepage issue in First Floor.,Maintenance
Keyboard not working in Lab 1.,CSE
Library internet not working in Block B.,Library
Power socket not working in Second Floor.,Electrical
Microcontroller kit not working in Room 101.,ECE
Bus pass issue in Block B.,Others
Water leaking from ceiling in Room 204.,Maintenance
Plumbing problem in Block B.,Maintenance
General enquiry not resolved in Block B.,Others
Door lock is broken in Lab 2.,Maintenance
Fan is not working in Second Floor.,Electrical
Oscilloscope not working in Block B.,ECE
Bathroom is dirty in Second Floor.,Hostel
Function generator faulty in Lab 1.,ECE
Wall has cracks in Lab 1.,Maintenance
Keyboard not working in Admin Block.,CSE
Bus pass issue in Lab 2.,Others
Computer not starting in First Floor.,CSE
Scholarship not received in Block B.,Others
Hostel WiFi not working in Second Floor.,Hostel
Water leaking from ceiling in Room 101.,Maintenance
General enquiry not resolved in Admin Block.,Others
Tube light not working in Block A.,Electrical
Tap is leaking in Block A.,Maintenance
Mess food quality is poor in Block B.,Hostel
Website login problem in Admin Block.,Others
ID card not issued in Room 101.,Others
System is running very slow in Lab 2.,CSE
Insufficient seating in library in Room 204.,Library
Hostel room needs cleaning in First Floor.,Hostel
Hostel room needs cleaning in Lab 2.,Hostel
Oscilloscope not working in Lab 1.,ECE
Function generator faulty in Second Floor.,ECE
Lab equipment is faulty in Lab 1.,ECE
Microcontroller kit not working in First Floor.,ECE
Breadboard is damaged in Room 204.,ECE
Book issue system not working in Lab 2.,Library
Wall has cracks in Lab 1.,Maintenance
General enquiry not resolved in First Floor.,Others
Dustbins are overflowing in Admin Block.,Cleaning
Website login problem in Admin Block.,Others
Tube light not working in Lab 2.,Electrical
Power socket not working in Room 204.,Electrical
Bonafide certificate delayed in Lab 2.,Others
Internet not working in lab in Lab 2.,CSE
Printer not working in Room 204.,CSE
Library computer not working in Lab 2.,Library
Fee payment portal not working in Block A.,Others
Generator backup failed in Second Floor.,Electrical
Software installation required in Lab 1.,CSE
Function generator faulty in Room 101.,ECE
Staircase is dusty in Second Floor.,Cleaning
Computer not starting in Room 204.,CSE
Fee payment portal not working in First Floor.,Others
Roof seepage issue in Lab 1.,Maintenance
Mess food quality is poor in Second Floor.,Hostel
Staircase is dusty in Block B.,Cleaning
Library internet not working in Block A.,Library
Monitor display is blank in Lab 1.,CSE
Bathroom is dirty in Second Floor.,Hostel
Wall has cracks in Admin Block.,Maintenance
Floor needs mopping in Room 204.,Cleaning
Bonafide certificate delayed in Second Floor.,Others
Arduino board not detected in First Floor.,ECE
Floor needs mopping in Lab 1.,Cleaning
Wall has cracks in Second Floor.,Maintenance
Scholarship not received in Room 204.,Others
Dustbins are overflowing in Block B.,Cleaning
Printer not working in Room 101.,CSE
Library AC not working in Room 204.,Library
Insufficient seating in library in Second Floor.,Library
Book issue system not working in Block A.,Library
Internet not working in lab in Admin Block.,CSE
Mess food quality is poor in Room 101.,Hostel
System is running very slow in Lab 2.,CSE
Light is flickering in Lab 1.,Electrical
Power socket not working in Lab 1.,Electrical
Arduino board not detected in Second Floor.,ECE
Hall ticket not generated in Lab 1.,Others
System is running very slow in Admin Block.,CSE
Wall has cracks in Room 101.,Maintenance
Bus pass issue in Room 204.,Others
Bonafide certificate delayed in Room 204.,Others
Tap is leaking in Room 204.,Maintenance
Door lock is broken in Second Floor.,Maintenance
Lab equipment is faulty in Block B.,ECE
Campus area is dirty in Admin Block.,Cleaning
Broken classroom bench in First Floor.,Maintenance
Bus pass issue in Admin Block.,Others
Software installation required in Block B.,CSE
Staircase is dusty in Block B.,Cleaning
Roof seepage issue in Admin Block.,Maintenance
Computer not starting in Block A.,CSE
Breadboard is damaged in First Floor.,ECE
Scholarship not received in Admin Block.,Others
Fan not working in hostel room in Lab 1.,Hostel
Library internet not working in Room 101.,Library
Classroom is very dirty in Block A.,Cleaning
Power socket not working in Lab 1.,Electrical
Arduino board not detected in Admin Block.,ECE
Room lock is broken in First Floor.,Hostel
Mouse is not responding in Block B.,CSE
Campus area is dirty in First Floor.,Cleaning
System is running very slow in Room 101.,CSE
Keyboard not working in Block B.,CSE
ID card not issued in Block B.,Others
Computer not starting in Second Floor.,CSE
Book return portal not working in Room 204.,Library
Tap is leaking in Block A.,Maintenance
Power socket not working in Lab 2.,Electrical
Tap is leaking in Room 101.,Maintenance
Tube light not working in Block A.,Electrical
Tube light not working in Admin Block.,Electrical
Library computer not working in Block B.,Library
Power outage in classroom in Block A.,Electrical
Fan not working in hostel room in First Floor.,Hostel
Washroom needs cleaning in Second Floor.,Cleaning
Printer not working in First Floor.,CSE
Light is flickering in Lab 1.,Electrical
Mess food quality is poor in Admin Block.,Hostel
Fee payment portal not working in Lab 2.,Others
General enquiry not resolved in First Floor.,Others
Fan is not working in Second Floor.,Electrical
Library AC not working in Second Floor.,Library
Internet not working in lab in Room 204.,CSE
Light is flickering in Block B.,Electrical
Computer not starting in Block B.,CSE
Room lock is broken in Second Floor.,Hostel
Book return portal not working in Lab 1.,Library
Water leaking from ceiling in Lab 2.,Maintenance
Microcontroller kit not working in Admin Block.,ECE
Power socket not working in Block B.,Electrical
Tube light not working in Lab 1.,Electrical
Oscilloscope not working in Room 204.,ECE
Window glass is broken in Admin Block.,Maintenance
Wall has cracks in Room 101.,Maintenance
Hostel WiFi not working in Lab 1.,Hostel
Internet not working in lab in Room 101.,CSE
Tube light not working in Lab 2.,Electrical
Drinking water cooler not working in Room 101.,Hostel
Loose electrical wiring in Lab 2.,Electrical
Hall ticket not generated in Lab 1.,Others
Roof seepage issue in Block A.,Maintenance
Book return portal not working in Room 204.,Library
Scholarship not received in Admin Block.,Others
Lab equipment is faulty in First Floor.,ECE
Mouse is not responding in Admin Block.,CSE
Loose electrical wiring in Room 204.,Electrical
Book issue system not working in Lab 1.,Library
Floor needs mopping in Admin Block.,Cleaning
Power socket not working in First Floor.,Electrical
Monitor display is blank in Admin Block.,CSE
Drinking water cooler not working in First Floor.,Hostel
Hall ticket not generated in Second Floor.,Others
Light is flickering in First Floor.,Electrical
Bathroom is dirty in Room 204.,Hostel
General enquiry not resolved in First Floor.,Others
Light is flickering in First Floor.,Electrical
Monitor display is blank in Block B.,CSE
Wall has cracks in Block B.,Maintenance
Library AC not working in Room 101.,Library
Scholarship not received in Room 204.,Others
Power socket not working in Lab 1.,Electrical
Classroom is very dirty in Second Floor.,Cleaning
Mess food quality is poor in Lab 1.,Hostel
Dustbins are overflowing in Lab 1.,Cleaning
Generator backup failed in Room 101.,Electrical
Keyboard not working in Block A.,CSE
Library computer not working in Admin Block.,Library
Hall ticket not generated in Second Floor.,Others
Microcontroller kit not working in Lab 1.,ECE
Power socket not working in Lab 2.,Electrical
Room lock is broken in First Floor.,Hostel
Light is flickering in Lab 2.,Electrical
Fee payment portal not working in Room 204.,Others
Internet not working in lab in Block B.,CSE
Computer not starting in Block B.,CSE
Broken classroom bench in Block B.,Maintenance
Insufficient seating in library in Lab 2.,Library
Bonafide certificate delayed in Block A.,Others
Bus pass issue in Block A.,Others
Tap is leaking in Lab 2.,Maintenance
Computer not starting in Room 204.,CSE
Bathroom is dirty in Block B.,Hostel
Breadboard is damaged in First Floor.,ECE
Washroom needs cleaning in Lab 1.,Cleaning
Oscilloscope not working in Second Floor.,ECE
Washroom needs cleaning in Block A.,Cleaning
Internet not working in lab in Room 204.,CSE
Door lock is broken in Lab 2.,Maintenance
Signal generator issue in Block B.,ECE
Library internet not working in First Floor.,Library
Library internet not working in Second Floor.,Library
Arduino board not detected in Admin Block.,ECE
Bus pass issue in Lab 1.,Others
Breadboard is damaged in Second Floor.,ECE
Loose electrical wiring in Lab 1.,Electrical
Hostel room needs cleaning in Lab 1.,Hostel
Insufficient seating in library in Block A.,Library
Light is flickering in First Floor.,Electrical
Insufficient seating in library in Block B.,Library
Required book is unavailable in First Floor.,Library
Fan not working in hostel room in Block A.,Hostel
Printer not working in Lab 2.,CSE
Broken classroom bench in First Floor.,Maintenance
Wall has cracks in Room 101.,Maintenance
Function generator faulty in Lab 2.,ECE
Hostel room needs cleaning in Lab 1.,Hostel
Mess food quality is poor in Second Floor.,Hostel
Light is flickering in Lab 1.,Electrical
Hostel room needs cleaning in Admin Block.,Hostel
Fan not working in hostel room in Block B.,Hostel
Floor needs mopping in Lab 1.,Cleaning
Arduino board not detected in Room 204.,ECE
Insufficient seating in library in Block B.,Library
Keyboard not working in Room 101.,CSE
Light is flickering in Admin Block.,Electrical
Book issue system not working in Lab 2.,Library
Internet not working in lab in Lab 2.,CSE
Floor needs mopping in Second Floor.,Cleaning
Garbage not collected in Lab 1.,Cleaning
Room lock is broken in Admin Block.,Hostel
Computer not starting in Room 101.,CSE
ID card not issued in Block A.,Others
Floor needs mopping in Block B.,Cleaning
Website login problem in Admin Block.,Others
Digital trainer board failed in Admin Block.,ECE
Floor needs mopping in Second Floor.,Cleaning
Wall has cracks in First Floor.,Maintenance
Bonafide certificate delayed in Second Floor.,Others
Required book is unavailable in Admin Block.,Library
Mouse is not responding in Room 204.,CSE
Microcontroller kit not working in Lab 1.,ECE
Signal generator issue in Room 101.,ECE
Power socket not working in Room 204.,Electrical
Internet not working in lab in Lab 2.,CSE
ID card not issued in Second Floor.,Others
Staircase is dusty in First Floor.,Cleaning
Book return portal not working in Room 204.,Library
Function generator faulty in Lab 1.,ECE
Classroom is very dirty in First Floor.,Cleaning
Software installation required in Block B.,CSE
Mess food quality is poor in Block A.,Hostel
Switch board is damaged in Room 204.,Electrical
Library internet not working in Room 204.,Library
Light is flickering in Lab 2.,Electrical
Broken classroom bench in Block B.,Maintenance
Classroom is very dirty in Block A.,Cleaning
Microcontroller kit not working in First Floor.,ECE
Library AC not working in Admin Block.,Library
Monitor display is blank in Block B.,CSE
Bathroom is dirty in Lab 1.,Hostel
Roof seepage issue in Room 204.,Maintenance
Drinking water cooler not working in Admin Block.,Hostel
Bathroom is dirty in Admin Block.,Hostel
Staircase is dusty in Room 204.,Cleaning
Classroom is very dirty in Block B.,Cleaning
Library AC not working in Second Floor.,Library
Oscilloscope not working in Room 101.,ECE
Insufficient seating in library in First Floor.,Library
Library computer not working in Room 204.,Library
Breadboard is damaged in Room 101.,ECE
Required book is unavailable in Second Floor.,Library
Window glass is broken in Admin Block.,Maintenance
Water leaking from ceiling in Block A.,Maintenance
Lab equipment is faulty in Second Floor.,ECE
Library internet not working in Room 101.,Library
Campus area is dirty in Block A.,Cleaning
Arduino board not detected in Lab 2.,ECE
Library AC not working in Admin Block.,Library
Wall has cracks in First Floor.,Maintenance
Function generator faulty in Room 101.,ECE
Power socket not working in Lab 2.,Electrical
Monitor display is blank in Second Floor.,CSE
Mess food quality is poor in Lab 2.,Hostel
Library AC not working in Room 204.,Library
Reading room is noisy in Block A.,Library
Mouse is not responding in Block A.,CSE
Mess food quality is poor in Admin Block.,Hostel
Roof seepage issue in Lab 1.,Maintenance
Dustbins are overflowing in Lab 1.,Cleaning
ID card not issued in Room 204.,Others
Window glass is broken in First Floor.,Maintenance
Plumbing problem in Admin Block.,Maintenance
Loose electrical wiring in Lab 1.,Electrical
Mess food quality is poor in Lab 1.,Hostel
Hostel WiFi not working in Block B.,Hostel
Library internet not working in Lab 1.,Library
Room lock is broken in Lab 1.,Hostel
Bathroom is dirty in Admin Block.,Hostel
Lab equipment is faulty in First Floor.,ECE
Classroom is very dirty in Admin Block.,Cleaning
Mouse is not responding in Room 204.,CSE
Campus area is dirty in Second Floor.,Cleaning
Campus area is dirty in Room 204.,Cleaning
Printer not working in Block B.,CSE
Breadboard is damaged in Block A.,ECE
Software installation required in First Floor.,CSE
Digital trainer board failed in Block B.,ECE
Power socket not working in Room 101.,Electrical
Wall has cracks in Block B.,Maintenance
Lab equipment is faulty in Lab 1.,ECE
Water leaking from ceiling in Lab 2.,Maintenance
Tap is leaking in First Floor.,Maintenance
Room lock is broken in Second Floor.,Hostel
Staircase is dusty in Second Floor.,Cleaning
Bad smell in corridor in Lab 2.,Cleaning
Roof seepage issue in Lab 2.,Maintenance
No water supply in hostel in Lab 1.,Hostel
Door lock is broken in Block B.,Maintenance
Fee payment portal not working in Room 101.,Others
Garbage not collected in Lab 1.,Cleaning
Hostel WiFi not working in Admin Block.,Hostel
Breadboard is damaged in Room 204.,ECE
Hostel WiFi not working in Block A.,Hostel
System is running very slow in Block A.,CSE
Mess food quality is poor in First Floor.,Hostel
Campus area is dirty in Lab 2.,Cleaning
Bonafide certificate delayed in First Floor.,Others
Library computer not working in Lab 2.,Library
Mouse is not responding in Lab 2.,CSE
Fee payment portal not working in Block B.,Others
Fee payment portal not working in Second Floor.,Others
Broken classroom bench in Room 101.,Maintenance
Roof seepage issue in Admin Block.,Maintenance
Bad smell in corridor in Second Floor.,Cleaning
Tube light not working in Block B.,Electrical
Digital trainer board failed in Admin Block.,ECE
Breadboard is damaged in Block A.,ECE
Microcontroller kit not working in Room 101.,ECE
Printer not working in Block B.,CSE
Room lock is broken in Lab 1.,Hostel
Fan not working in hostel room in Lab 2.,Hostel
Microcontroller kit not working in Lab 2.,ECE
Insufficient seating in library in First Floor.,Library
Internet not working in lab in Room 204.,CSE
Campus area is dirty in Block A.,Cleaning
Hostel WiFi not working in Room 204.,Hostel
Book return portal not working in Block A.,Library
Signal generator issue in Room 101.,ECE
Reading room is noisy in Admin Block.,Library
Light is flickering in Second Floor.,Electrical
Power outage in classroom in First Floor.,Electrical
Bus pass issue in First Floor.,Others
Oscilloscope not working in Block B.,ECE
Hall ticket not generated in Room 204.,Others
Fan not working in hostel room in Lab 1.,Hostel
Room lock is broken in Room 204.,Hostel
Digital trainer board failed in Room 101.,ECE
Bad smell in corridor in Block A.,Cleaning
Signal generator issue in Lab 1.,ECE
General enquiry not resolved in Block B.,Others
Digital trainer board failed in First Floor.,ECE
Broken classroom bench in First Floor.,Maintenance
Software installation required in Room 101.,CSE
Library internet not working in First Floor.,Library
Door lock is broken in Lab 2.,Maintenance
Insufficient seating in library in Room 101.,Library
Roof seepage issue in Lab 2.,Maintenance
Hostel WiFi not working in Block B.,Hostel
Computer not starting in Lab 1.,CSE
Reading room is noisy in Lab 1.,Library
Roof seepage issue in Block A.,Maintenance
Tap is leaking in Room 101.,Maintenance
Arduino board not detected in Admin Block.,ECE
Book return portal not working in Block A.,Library
Campus area is dirty in Lab 1.,Cleaning
Staircase is dusty in First Floor.,Cleaning
Fan is not working in Block B.,Electrical
Signal generator issue in Admin Block.,ECE
Dustbins are overflowing in Admin Block.,Cleaning
Keyboard not working in Room 101.,CSE
Drinking water cooler not working in Room 204.,Hostel
Power socket not working in Room 204.,Electrical
Oscilloscope not working in Room 204.,ECE
Campus area is dirty in First Floor.,Cleaning
Fan is not working in Lab 2.,Electrical
Monitor display is blank in Block B.,CSE
Campus area is dirty in Block B.,Cleaning
System is running very slow in Admin Block.,CSE
Light is flickering in Block B.,Electrical
Water leaking from ceiling in Room 101.,Maintenance
Roof seepage issue in Admin Block.,Maintenance
Book return portal not working in Second Floor.,Library
Dustbins are overflowing in Block A.,Cleaning
Classroom is very dirty in Admin Block.,Cleaning
Water leaking from ceiling in Block B.,Maintenance
Computer not starting in Room 204.,CSE
Power outage in classroom in Room 204.,Electrical
Light is flickering in Block B.,Electrical
Mess food quality is poor in First Floor.,Hostel
No water supply in hostel in Room 101.,Hostel
Fee payment portal not working in First Floor.,Others
Function generator faulty in Room 204.,ECE
Drinking water cooler not working in Block A.,Hostel
Generator backup failed in Admin Block.,Electrical
Bus pass issue in Second Floor.,Others
Bonafide certificate delayed in Second Floor.,Others
Tube light not working in Second Floor.,Electrical
Window glass is broken in Block A.,Maintenance
System is running very slow in Room 204.,CSE
Keyboard not working in Block B.,CSE
Loose electrical wiring in Block B.,Electrical
Fan is not working in Room 101.,Electrical
Bathroom is dirty in Lab 2.,Hostel
Mouse is not responding in Lab 2.,CSE
Monitor display is blank in Room 101.,CSE
Fan is not working in First Floor.,Electrical
Internet not working in lab in Lab 2.,CSE
Dustbins are overflowing in Room 204.,Cleaning
Computer not starting in Block B.,CSE
Campus area is dirty in Second Floor.,Cleaning
Generator backup failed in Room 204.,Electrical
Switch board is damaged in Lab 2.,Electrical
Garbage not collected in Admin Block.,Cleaning
Lab equipment is faulty in Room 101.,ECE
Generator backup failed in Block A.,Electrical
Book return portal not working in First Floor.,Library
Scholarship not received in Lab 2.,Others
Keyboard not working in Block B.,CSE
Tap is leaking in Lab 2.,Maintenance
Signal generator issue in Block A.,ECE
General enquiry not resolved in Block A.,Others
Dustbins are overflowing in Block A.,Cleaning
Signal generator issue in Admin Block.,ECE
Tube light not working in First Floor.,Electrical
Light is flickering in Room 204.,Electrical
Plumbing problem in Block A.,Maintenance
Tap is leaking in First Floor.,Maintenance
Hostel WiFi not working in Admin Block.,Hostel
Software installation required in Lab 2.,CSE
Insufficient seating in library in Block A.,Library
Function generator faulty in Block B.,ECE
Monitor display is blank in Second Floor.,CSE
Floor needs mopping in Second Floor.,Cleaning
Campus area is dirty in Lab 1.,Cleaning
Loose electrical wiring in Lab 1.,Electrical
Staircase is dusty in Room 204.,Cleaning
Light is flickering in Room 204.,Electrical
Tube light not working in Lab 1.,Electrical
Oscilloscope not working in Admin Block.,ECE
System is running very slow in Lab 1.,CSE
Tap is leaking in First Floor.,Maintenance
Microcontroller kit not working in Lab 1.,ECE
Library AC not working in Room 101.,Library
Loose electrical wiring in First Floor.,Electrical
Required book is unavailable in Lab 2.,Library
Book issue system not working in Block B.,Library
Broken classroom bench in Admin Block.,Maintenance
Signal generator issue in Block A.,ECE
Room lock is broken in Lab 1.,Hostel
Generator backup failed in Second Floor.,Electrical
Room lock is broken in First Floor.,Hostel
Hall ticket not generated in Second Floor.,Others
Microcontroller kit not working in Second Floor.,ECE
Dustbins are overflowing in Block A.,Cleaning
Book return portal not working in First Floor.,Library
Keyboard not working in Lab 1.,CSE
Door lock is broken in Lab 2.,Maintenance
Bad smell in corridor in Lab 1.,Cleaning
Loose electrical wiring in Room 101.,Electrical
Lab equipment is faulty in First Floor.,ECE
Bonafide certificate delayed in Lab 2.,Others
Water leaking from ceiling in Second Floor.,Maintenance
Power socket not working in Second Floor.,Electrical
Dustbins are overflowing in Room 101.,Cleaning
Power outage in classroom in Admin Block.,Electrical
Staircase is dusty in Lab 2.,Cleaning
Internet not working in lab in Room 101.,CSE
Scholarship not received in Lab 2.,Others
Breadboard is damaged in Block A.,ECE
Insufficient seating in library in Second Floor.,Library
Washroom needs cleaning in Block A.,Cleaning
Plumbing problem in Lab 1.,Maintenance
Internet not working in lab in Block B.,CSE
Keyboard not working in Block A.,CSE
Book return portal not working in Lab 2.,Library
Bad smell in corridor in Room 204.,Cleaning
Power outage in classroom in Block A.,Electrical
Book return portal not working in Lab 2.,Library
Breadboard is damaged in Lab 2.,ECE
Monitor display is blank in Second Floor.,CSE
Oscilloscope not working in Admin Block.,ECE
Lab equipment is faulty in Lab 2.,ECE
Classroom is very dirty in Room 101.,Cleaning
Monitor display is blank in Admin Block.,CSE
System is running very slow in Admin Block.,CSE
Printer not working in Room 101.,CSE
Switch board is damaged in Second Floor.,Electrical
Oscilloscope not working in Room 204.,ECE
Software installation required in Admin Block.,CSE
Library internet not working in Admin Block.,Library
Breadboard is damaged in Room 204.,ECE
Fan is not working in Block A.,Electrical
Signal generator issue in Lab 1.,ECE
Reading room is noisy in First Floor.,Library
Switch board is damaged in Block A.,Electrical
Hostel WiFi not working in Block A.,Hostel
Tube light not working in Block B.,Electrical
Switch board is damaged in Second Floor.,Electrical
Signal generator issue in Lab 2.,ECE
Lab equipment is faulty in Lab 1.,ECE
Campus area is dirty in Second Floor.,Cleaning
Bad smell in corridor in Second Floor.,Cleaning
Arduino board not detected in Lab 1.,ECE
Keyboard not working in First Floor.,CSE
Breadboard is damaged in Admin Block.,ECE
Bad smell in corridor in Block A.,Cleaning
Oscilloscope not working in Room 204.,ECE
Light is flickering in Block B.,Electrical
Bus pass issue in Block B.,Others
Arduino board not detected in Room 204.,ECE
Library internet not working in Room 204.,Library
Room lock is broken in Block A.,Hostel
Fee payment portal not working in Admin Block.,Others
Bus pass issue in Room 101.,Others
Campus area is dirty in Lab 2.,Cleaning
Breadboard is damaged in First Floor.,ECE
Loose electrical wiring in Block A.,Electrical
Signal generator issue in Block A.,ECE
Library AC not working in Room 204.,Library
Hostel room needs cleaning in First Floor.,Hostel
Internet not working in lab in Room 101.,CSE
Arduino board not detected in Room 101.,ECE
Generator backup failed in Second Floor.,Electrical
Library internet not working in Lab 1.,Library
Oscilloscope not working in Room 204.,ECE
Roof seepage issue in Block A.,Maintenance
Printer not working in First Floor.,CSE
Internet not working in lab in Block B.,CSE
Book return portal not working in First Floor.,Library
Door lock is broken in Block A.,Maintenance
Bad smell in corridor in Admin Block.,Cleaning
Digital trainer board failed in Room 204.,ECE
Website login problem in Block A.,Others
Insufficient seating in library in Admin Block.,Library
Campus area is dirty in Room 204.,Cleaning
Roof seepage issue in Lab 2.,Maintenance
Broken classroom bench in Room 204.,Maintenance
Keyboard not working in Block A.,CSE
Room lock is broken in Room 101.,Hostel
Wall has cracks in Block B.,Maintenance
Arduino board not detected in Admin Block.,ECE
Library AC not working in First Floor.,Library
Signal generator issue in Room 204.,ECE
Keyboard not working in First Floor.,CSE
Door lock is broken in Block B.,Maintenance
Website login problem in Second Floor.,Others
Broken classroom bench in Block A.,Maintenance
Power socket not working in Second Floor.,Electrical
Floor needs mopping in First Floor.,Cleaning
Website login problem in Admin Block.,Others
Generator backup failed in Admin Block.,Electrical
Book return portal not working in First Floor.,Library
Floor needs mopping in Block A.,Cleaning
Bad smell in corridor in Second Floor.,Cleaning
Mouse is not responding in Block B.,CSE
Breadboard is damaged in Lab 2.,ECE
Fee payment portal not working in Block B.,Others
Campus area is dirty in Room 101.,Cleaning
Computer not starting in Lab 1.,CSE
Tube light not working in Second Floor.,Electrical
Washroom needs cleaning in Lab 2.,Cleaning
Roof seepage issue in First Floor.,Maintenance
Internet not working in lab in Second Floor.,CSE
Library AC not working in First Floor.,Library
Mouse is not responding in Lab 1.,CSE
Room lock is broken in Admin Block.,Hostel
Window glass is broken in Block A.,Maintenance
Room lock is broken in Room 101.,Hostel
Computer not starting in Admin Block.,CSE
Plumbing problem in First Floor.,Maintenance
Arduino board not detected in First Floor.,ECE
Staircase is dusty in First Floor.,Cleaning
Campus area is dirty in Room 101.,Cleaning
Digital trainer board failed in Second Floor.,ECE
Door lock is broken in Block A.,Maintenance
Monitor display is blank in Lab 2.,CSE
Keyboard not working in Room 204.,CSE
Monitor display is blank in Second Floor.,CSE
Lab equipment is faulty in Second Floor.,ECE
Wall has cracks in Lab 1.,Maintenance
Plumbing problem in Second Floor.,Maintenance
Breadboard is damaged in Room 204.,ECE
No water supply in hostel in Room 101.,Hostel
Computer not starting in Block A.,CSE
Washroom needs cleaning in Admin Block.,Cleaning
Bonafide certificate delayed in Block B.,Others
Power socket not working in Block B.,Electrical
Dustbins are overflowing in Lab 2.,Cleaning
Drinking water cooler not working in Room 101.,Hostel
Switch board is damaged in Admin Block.,Electrical
General enquiry not resolved in Block B.,Others
Mouse is not responding in Room 101.,CSE
Power socket not working in First Floor.,Electrical
Printer not working in Lab 2.,CSE
Digital trainer board failed in Lab 1.,ECE
Tube light not working in Block A.,Electrical
Computer not starting in Room 101.,CSE
Mess food quality is poor in Block B.,Hostel
Wall has cracks in First Floor.,Maintenance
Generator backup failed in Lab 2.,Electrical
Washroom needs cleaning in Block B.,Cleaning
Bathroom is dirty in Admin Block.,Hostel
Dustbins are overflowing in Room 101.,Cleaning
Loose electrical wiring in First Floor.,Electrical
Internet not working in lab in Block A.,CSE
Washroom needs cleaning in Block B.,Cleaning
Lab equipment is faulty in Block A.,ECE
Bonafide certificate delayed in Room 204.,Others
Book issue system not working in Room 101.,Library
Library AC not working in Room 204.,Library
Signal generator issue in Room 204.,ECE
Fee payment portal not working in Room 204.,Others
Monitor display is blank in Block A.,CSE
Monitor display is blank in First Floor.,CSE
Scholarship not received in Block B.,Others
Water leaking from ceiling in First Floor.,Maintenance
Door lock is broken in Room 101.,Maintenance
Bathroom is dirty in Second Floor.,Hostel
Library AC not working in First Floor.,Library
Window glass is broken in Room 101.,Maintenance
Room lock is broken in Block A.,Hostel
Fan not working in hostel room in Admin Block.,Hostel
Breadboard is damaged in Block B.,ECE
Book issue system not working in Block B.,Library
Library internet not working in First Floor.,Library
Internet not working in lab in Block B.,CSE
Microcontroller kit not working in First Floor.,ECE
Drinking water cooler not working in Block A.,Hostel
Fan is not working in Block B.,Electrical
Power socket not working in First Floor.,Electrical
Book issue system not working in Second Floor.,Library
Library computer not working in Room 204.,Library
Book issue system not working in Admin Block.,Library
Broken classroom bench in Second Floor.,Maintenance
Wall has cracks in First Floor.,Maintenance
Fee payment portal not working in Room 204.,Others
Water leaking from ceiling in Lab 1.,Maintenance
Roof seepage issue in Block B.,Maintenance
Broken classroom bench in Second Floor.,Maintenance
Staircase is dusty in Block A.,Cleaning
Mess food quality is poor in Block B.,Hostel
Required book is unavailable in Block B.,Library
Fee payment portal not working in Room 101.,Others
Arduino board not detected in First Floor.,ECE
Printer not working in Second Floor.,CSE
Scholarship not received in Admin Block.,Others
Library computer not working in Block B.,Library
Dustbins are overflowing in Block A.,Cleaning
Mouse is not responding in Second Floor.,CSE
Campus area is dirty in Room 204.,Cleaning
Digital trainer board failed in Admin Block.,ECE
Garbage not collected in Room 204.,Cleaning
Scholarship not received in Block A.,Others
Bonafide certificate delayed in Lab 1.,Others
Library AC not working in Lab 1.,Library
Staircase is dusty in Block B.,Cleaning
Book return portal not working in Lab 1.,Library
Washroom needs cleaning in Lab 1.,Cleaning
Light is flickering in Room 101.,Electrical
General enquiry not resolved in First Floor.,Others
Required book is unavailable in First Floor.,Library
Printer not working in Second Floor.,CSE
Internet not working in lab in Lab 1.,CSE
Microcontroller kit not working in Lab 1.,ECE
Bonafide certificate delayed in Second Floor.,Others
Computer not starting in Admin Block.,CSE
Function generator faulty in Block A.,ECE
Monitor display is blank in Second Floor.,CSE
Window glass is broken in Block A.,Maintenance
Software installation required in Lab 1.,CSE
Power socket not working in Admin Block.,Electrical
Library internet not working in Lab 2.,Library
Bonafide certificate delayed in Room 204.,Others
Mouse is not responding in Second Floor.,CSE
Function generator faulty in Room 204.,ECE
Washroom needs cleaning in Room 204.,Cleaning
Washroom needs cleaning in Block A.,Cleaning
Bus pass issue in Lab 2.,Others
Fee payment portal not working in First Floor.,Others
Lab equipment is faulty in Block A.,ECE
Drinking water cooler not working in Block A.,Hostel
Staircase is dusty in Lab 2.,Cleaning
Library AC not working in Lab 2.,Library
Signal generator issue in Lab 1.,ECE
Arduino board not detected in Lab 1.,ECE
Garbage not collected in Block B.,Cleaning
Signal generator issue in Admin Block.,ECE
Fee payment portal not working in Room 204.,Others
Software installation required in Room 101.,CSE
Roof seepage issue in Block A.,Maintenance
Scholarship not received in Lab 2.,Others
Library AC not working in Admin Block.,Library
Hostel room needs cleaning in Lab 2.,Hostel
Bad smell in corridor in Room 101.,Cleaning
Staircase is dusty in Lab 1.,Cleaning
Tube light not working in Room 204.,Electrical
Signal generator issue in Second Floor.,ECE
Scholarship not received in Block A.,Others
Bathroom is dirty in Lab 1.,Hostel
Washroom needs cleaning in Second Floor.,Cleaning
Oscilloscope not working in Lab 1.,ECE
Book issue system not working in Room 204.,Library
Campus area is dirty in Room 101.,Cleaning
Library AC not working in First Floor.,Library
Hostel room needs cleaning in Second Floor.,Hostel
Printer not working in Lab 1.,CSE
Library computer not working in Admin Block.,Library
Room lock is broken in Block A.,Hostel
Power socket not working in Admin Block.,Electrical
Dustbins are overflowing in Second Floor.,Cleaning
Tap is leaking in First Floor.,Maintenance
Campus area is dirty in Block B.,Cleaning
Required book is unavailable in First Floor.,Library
Microcontroller kit not working in Room 204.,ECE
Broken classroom bench in Lab 2.,Maintenance
Bathroom is dirty in Room 101.,Hostel
Scholarship not received in Admin Block.,Others
Power socket not working in Block B.,Electrical
Bus pass issue in Lab 2.,Others
Mouse is not responding in Admin Block.,CSE
Classroom is very dirty in Second Floor.,Cleaning
Staircase is dusty in Room 204.,Cleaning
Generator backup failed in Second Floor.,Electrical
Bus pass issue in Room 204.,Others
Washroom needs cleaning in Block B.,Cleaning
Campus area is dirty in Room 204.,Cleaning
Roof seepage issue in Block A.,Maintenance
Bus pass issue in Second Floor.,Others
Switch board is damaged in Admin Block.,Electrical
Printer not working in Second Floor.,CSE
Fee payment portal not working in First Floor.,Others
Bathroom is dirty in Block A.,Hostel
Function generator faulty in Room 101.,ECE
Breadboard is damaged in Admin Block.,ECE
Garbage not collected in Lab 1.,Cleaning
Library AC not working in Lab 2.,Library
Insufficient seating in library in Second Floor.,Library
Breadboard is damaged in Room 101.,ECE
Bathroom is dirty in Room 204.,Hostel
Microcontroller kit not working in First Floor.,ECE
Breadboard is damaged in First Floor.,ECE
Function generator faulty in Room 101.,ECE
Garbage not collected in Second Floor.,Cleaning
Power socket not working in Room 204.,Electrical
Drinking water cooler not working in Block B.,Hostel
Washroom needs cleaning in Second Floor.,Cleaning
Tube light not working in Block B.,Electrical
Water leaking from ceiling in Room 101.,Maintenance
Lab equipment is faulty in Admin Block.,ECE
No water supply in hostel in Admin Block.,Hostel
Classroom is very dirty in Block A.,Cleaning
Loose electrical wiring in First Floor.,Electrical
Fan not working in hostel room in First Floor.,Hostel
Bad smell in corridor in Lab 2.,Cleaning
Bonafide certificate delayed in Room 204.,Others
Lab equipment is faulty in Block B.,ECE
Tube light not working in Block A.,Electrical
Scholarship not received in Lab 2.,Others
Required book is unavailable in Lab 2.,Library
Monitor display is blank in Block A.,CSE
Arduino board not detected in Block B.,ECE
Library AC not working in Block B.,Library
Hall ticket not generated in Block B.,Others
General enquiry not resolved in Lab 1.,Others
Bus pass issue in Room 101.,Others
Library computer not working in First Floor.,Library
Oscilloscope not working in Admin Block.,ECE
Library internet not working in Block A.,Library
Website login problem in First Floor.,Others
Wall has cracks in Block B.,Maintenance
Mouse is not responding in Admin Block.,CSE
System is running very slow in Lab 2.,CSE
Power socket not working in Room 204.,Electrical
Door lock is broken in Second Floor.,Maintenance
Oscilloscope not working in Block A.,ECE
System is running very slow in Room 204.,CSE
Function generator faulty in Admin Block.,ECE
Breadboard is damaged in Block B.,ECE
Book return portal not working in Room 101.,Library
Washroom needs cleaning in Lab 1.,Cleaning
Water leaking from ceiling in Admin Block.,Maintenance
Hostel WiFi not working in Room 101.,Hostel
System is running very slow in Block A.,CSE
Lab equipment is faulty in Block B.,ECE
Lab equipment is faulty in Admin Block.,ECE
Bus pass issue in Block B.,Others
Library internet not working in Lab 1.,Library
Roof seepage issue in First Floor.,Maintenance
Keyboard not working in Lab 1.,CSE
Washroom needs cleaning in Block A.,Cleaning
Drinking water cooler not working in Second Floor.,Hostel
Switch board is damaged in First Floor.,Electrical
Book return portal not working in Lab 2.,Library
Library internet not working in Lab 1.,Library
Floor needs mopping in Room 204.,Cleaning
Wall has cracks in Lab 1.,Maintenance
Tap is leaking in Lab 1.,Maintenance
Fan is not working in First Floor.,Electrical
Digital trainer board failed in Room 101.,ECE
Tube light not working in Block A.,Electrical
Campus area is dirty in Lab 1.,Cleaning
Keyboard not working in Block B.,CSE
Tap is leaking in Lab 2.,Maintenance
General enquiry not resolved in Block A.,Others
Oscilloscope not working in Room 101.,ECE
Arduino board not detected in Room 101.,ECE
Dustbins are overflowing in Block A.,Cleaning
Book return portal not working in First Floor.,Library
Generator backup failed in First Floor.,Electrical
Window glass is broken in Lab 1.,Maintenance
Library internet not working in Admin Block.,Library
Fee payment portal not working in Block A.,Others
Scholarship not received in First Floor.,Others
Required book is unavailable in Block A.,Library
Tube light not working in Room 204.,Electrical
Bonafide certificate delayed in Room 204.,Others
Power outage in classroom in Block A.,Electrical
Washroom needs cleaning in Block A.,Cleaning
Insufficient seating in library in First Floor.,Library
Power socket not working in Block B.,Electrical
Reading room is noisy in First Floor.,Library
Internet not working in lab in Room 204.,CSE
Door lock is broken in Second Floor.,Maintenance
Plumbing problem in Room 204.,Maintenance
Washroom needs cleaning in Second Floor.,Cleaning
Switch board is damaged in Lab 2.,Electrical
Classroom is very dirty in Admin Block.,Cleaning
Tap is leaking in Second Floor.,Maintenance
Microcontroller kit not working in Room 101.,ECE
Mess food quality is poor in Lab 2.,Hostel
Software installation required in Room 204.,CSE
Function generator faulty in Block A.,ECE
Generator backup failed in Room 101.,Electrical
Hostel room needs cleaning in Lab 1.,Hostel
Water leaking from ceiling in Room 101.,Maintenance
Book issue system not working in Room 204.,Library
Washroom needs cleaning in Block A.,Cleaning
Hostel room needs cleaning in Block A.,Hostel
Wall has cracks in Second Floor.,Maintenance
Room lock is broken in Lab 1.,Hostel
Light is flickering in First Floor.,Electrical
Printer not working in Lab 1.,CSE
Roof seepage issue in Room 204.,Maintenance
Tube light not working in First Floor.,Electrical
Dustbins are overflowing in Room 101.,Cleaning
Keyboard not working in Admin Block.,CSE
Software installation required in Lab 2.,CSE
Hostel room needs cleaning in First Floor.,Hostel
Bonafide certificate delayed in Lab 1.,Others
Plumbing problem in Lab 2.,Maintenance
Fan is not working in Second Floor.,Electrical
Power socket not working in Admin Block.,Electrical
Website login problem in Block B.,Others
ID card not issued in Block B.,Others
Garbage not collected in Block B.,Cleaning
Arduino board not detected in Admin Block.,ECE
Garbage not collected in Lab 2.,Cleaning
Generator backup failed in Block A.,Electrical
Tube light not working in Admin Block.,Electrical
Microcontroller kit not working in Room 101.,ECE
Campus area is dirty in First Floor.,Cleaning
Monitor display is blank in Block A.,CSE
Reading room is noisy in Lab 2.,Library
Tube light not working in Second Floor.,Electrical
Door lock is broken in Room 204.,Maintenance
Mouse is not responding in First Floor.,CSE
Signal generator issue in Lab 2.,ECE
Digital trainer board failed in Lab 2.,ECE
Mouse is not responding in Room 204.,CSE
Light is flickering in Room 101.,Electrical
Window glass is broken in Lab 2.,Maintenance
Floor needs mopping in Lab 2.,Cleaning
Power socket not working in Second Floor.,Electrical
Monitor display is blank in Room 204.,CSE
Book issue system not working in Admin Block.,Library
General enquiry not resolved in Block A.,Others
Computer not starting in Admin Block.,CSE
Water leaking from ceiling in Lab 1.,Maintenance
Generator backup failed in Second Floor.,Electrical
Fan not working in hostel room in Admin Block.,Hostel
Mouse is not responding in Block A.,CSE
Water leaking from ceiling in Lab 2.,Maintenance
Fee payment portal not working in Lab 1.,Others
Wall has cracks in Admin Block.,Maintenance
Library computer not working in Admin Block.,Library
Hostel room needs cleaning in Block A.,Hostel
Bad smell in corridor in Admin Block.,Cleaning
Microcontroller kit not working in First Floor.,ECE
Internet not working in lab in Lab 2.,CSE
Printer not working in Room 101.,CSE
Tap is leaking in Admin Block.,Maintenance
Tap is leaking in Block B.,Maintenance
Drinking water cooler not working in First Floor.,Hostel
Library internet not working in Lab 1.,Library
Door lock is broken in Room 101.,Maintenance
Room lock is broken in Second Floor.,Hostel
Roof seepage issue in Room 101.,Maintenance
Keyboard not working in Lab 1.,CSE
Function generator faulty in Room 101.,ECE
Book return portal not working in Room 204.,Library
Library computer not working in Room 101.,Library
Tap is leaking in Admin Block.,Maintenance
Keyboard not working in Block B.,CSE
Drinking water cooler not working in Lab 1.,Hostel
System is running very slow in Block A.,CSE
Digital trainer board failed in First Floor.,ECE
Floor needs mopping in Second Floor.,Cleaning
Book issue system not working in Lab 1.,Library
Insufficient seating in library in Lab 1.,Library
Book return portal not working in Admin Block.,Library
Bonafide certificate delayed in Lab 1.,Others
Tap is leaking in First Floor.,Maintenance
Bad smell in corridor in Block A.,Cleaning
Switch board is damaged in Room 101.,Electrical
Switch board is damaged in Lab 2.,Electrical
Bonafide certificate delayed in Block B.,Others
Scholarship not received in Room 101.,Others
Wall has cracks in First Floor.,Maintenance
Book return portal not working in Block A.,Library
Keyboard not working in Room 101.,CSE
Fan is not working in Room 101.,Electrical
Tube light not working in Second Floor.,Electrical
Bonafide certificate delayed in Lab 1.,Others
Printer not working in Block A.,CSE
Book issue system not working in Block A.,Library
Monitor display is blank in Admin Block.,CSE
No water supply in hostel in Lab 1.,Hostel
Power outage in classroom in Block A.,Electrical
Fee payment portal not working in Block A.,Others
Hostel room needs cleaning in Lab 1.,Hostel
Scholarship not received in Lab 2.,Others
Window glass is broken in Admin Block.,Maintenance
ID card not issued in Lab 1.,Others
Fan not working in hostel room in Block A.,Hostel
Power outage in classroom in Admin Block.,Electrical
Fan not working in hostel room in Second Floor.,Hostel
Switch board is damaged in Admin Block.,Electrical
Bonafide certificate delayed in Room 204.,Others
Monitor display is blank in First Floor.,CSE
Internet not working in lab in First Floor.,CSE
Library AC not working in Second Floor.,Library
Monitor display is blank in Lab 2.,CSE
Hostel WiFi not working in Second Floor.,Hostel
No water supply in hostel in Room 101.,Hostel
Digital trainer board failed in Lab 2.,ECE
Garbage not collected in Block A.,Cleaning
Classroom is very dirty in Lab 1.,Cleaning
Tap is leaking in Lab 2.,Maintenance
Monitor display is blank in Block A.,CSE
Book return portal not working in Room 204.,Library
Library computer not working in Second Floor.,Library
Book issue system not working in Room 204.,Library
No water supply in hostel in Block B.,Hostel
Signal generator issue in Admin Block.,ECE
Classroom is very dirty in Second Floor.,Cleaning
Room lock is broken in Room 101.,Hostel
General enquiry not resolved in Room 101.,Others
Insufficient seating in library in Room 101.,Library
Roof seepage issue in Second Floor.,Maintenance
Power outage in classroom in Lab 2.,Electrical
Reading room is noisy in Second Floor.,Library
Bus pass issue in Block B.,Others
Tap is leaking in Second Floor.,Maintenance
ID card not issued in Room 204.,Others
Lab equipment is faulty in Admin Block.,ECE
Hostel room needs cleaning in First Floor.,Hostel
Printer not working in Block A.,CSE
Broken classroom bench in First Floor.,Maintenance
Tube light not working in Block A.,Electrical
Power socket not working in Block B.,Electrical
Room lock is broken in Lab 2.,Hostel
Lab equipment is faulty in Lab 1.,ECE
Roof seepage issue in Lab 1.,Maintenance
Plumbing problem in Admin Block.,Maintenance
Light is flickering in First Floor.,Electrical
Bad smell in corridor in Block B.,Cleaning
No water supply in hostel in Block A.,Hostel
Staircase is dusty in Lab 2.,Cleaning
Mouse is not responding in Lab 1.,CSE
Digital trainer board failed in Room 204.,ECE
Generator backup failed in Block B.,Electrical
Bathroom is dirty in Room 204.,Hostel
Software installation required in Admin Block.,CSE
Loose electrical wiring in Lab 2.,Electrical
Hostel room needs cleaning in Lab 1.,Hostel
Internet not working in lab in Block A.,CSE
Switch board is damaged in Block B.,Electrical
Power socket not working in Room 204.,Electrical
Library internet not working in Admin Block.,Library
Campus area is dirty in Lab 1.,Cleaning
Generator backup failed in Block B.,Electrical
Bad smell in corridor in First Floor.,Cleaning
Function generator faulty in Block A.,ECE
Room lock is broken in Lab 1.,Hostel
Campus area is dirty in Room 101.,Cleaning
Bathroom is dirty in Lab 2.,Hostel
Library AC not working in Block B.,Library
Library internet not working in Block A.,Library
Door lock is broken in Block B.,Maintenance
Garbage not collected in Block B.,Cleaning
Lab equipment is faulty in Second Floor.,ECE
Bad smell in corridor in Block B.,Cleaning
Power socket not working in Room 101.,Electrical
Printer not working in Room 204.,CSE
Tap is leaking in Block A.,Maintenance
Power outage in classroom in Block B.,Electrical
Hall ticket not generated in Room 101.,Others
Hall ticket not generated in Lab 2.,Others
Broken classroom bench in Lab 1.,Maintenance
Monitor display is blank in Lab 1.,CSE
Book issue system not working in First Floor.,Library
Bonafide certificate delayed in Second Floor.,Others
Wall has cracks in Lab 1.,Maintenance
Washroom needs cleaning in Block A.,Cleaning
Loose electrical wiring in Second Floor.,Electrical
Keyboard not working in Lab 1.,CSE
Power socket not working in Second Floor.,Electrical
Internet not working in lab in Room 204.,CSE
Hostel room needs cleaning in Second Floor.,Hostel
Generator backup failed in First Floor.,Electrical
Classroom is very dirty in Admin Block.,Cleaning
Library internet not working in Room 204.,Library
Window glass is broken in Second Floor.,Maintenance
General enquiry not resolved in Lab 1.,Others
Classroom is very dirty in Second Floor.,Cleaning
Mouse is not responding in Room 204.,CSE
Bad smell in corridor in Admin Block.,Cleaning
Lab equipment is faulty in First Floor.,ECE
Book return portal not working in Room 101.,Library
Light is flickering in Block A.,Electrical
Garbage not collected in First Floor.,Cleaning
Classroom is very dirty in Admin Block.,Cleaning
Broken classroom bench in Block A.,Maintenance
Scholarship not received in Block A.,Others
Scholarship not received in Room 204.,Others
Water leaking from ceiling in Lab 1.,Maintenance
Generator backup failed in First Floor.,Electrical
Dustbins are overflowing in Admin Block.,Cleaning
Campus area is dirty in Lab 2.,Cleaning
Computer not starting in Block B.,CSE
Digital trainer board failed in First Floor.,ECE
Room lock is broken in Room 101.,Hostel
Library AC not working in Second Floor.,Library
Book issue system not working in Block A.,Library
Campus area is dirty in Lab 2.,Cleaning
Staircase is dusty in Room 204.,Cleaning
Washroom needs cleaning in Admin Block.,Cleaning
Oscilloscope not working in Admin Block.,ECE
Digital trainer board failed in Lab 1.,ECE
Signal generator issue in Room 101.,ECE
Fee payment portal not working in Lab 2.,Others
Internet not working in lab in Room 204.,CSE
Keyboard not working in Block A.,CSE
Lab equipment is faulty in Lab 1.,ECE
Digital trainer board failed in Lab 1.,ECE
Power socket not working in Admin Block.,Electrical
Bonafide certificate delayed in Lab 1.,Others
Software installation required in First Floor.,CSE
Garbage not collected in Lab 1.,Cleaning
Fee payment portal not working in Room 204.,Others
Scholarship not received in Block A.,Others
Microcontroller kit not working in Block B.,ECE
Bad smell in corridor in Second Floor.,Cleaning
Garbage not collected in Block A.,Cleaning
System is running very slow in Admin Block.,CSE
Campus area is dirty in Admin Block.,Cleaning
Arduino board not detected in First Floor.,ECE
ID card not issued in Lab 2.,Others
Printer not working in Block B.,CSE
Broken classroom bench in Admin Block.,Maintenance
Book issue system not working in First Floor.,Library
Digital trainer board failed in Lab 2.,ECE
Arduino board not detected in First Floor.,ECE
Classroom is very dirty in Room 101.,Cleaning
Bad smell in corridor in First Floor.,Cleaning
Breadboard is damaged in Admin Block.,ECE
Required book is unavailable in Lab 2.,Library
Hostel room needs cleaning in Lab 1.,Hostel
Breadboard is damaged in Admin Block.,ECE
Staircase is dusty in Room 101.,Cleaning
Garbage not collected in Lab 2.,Cleaning
Lab equipment is faulty in Admin Block.,ECE
Dustbins are overflowing in Lab 2.,Cleaning
Hall ticket not generated in Block A.,Others
Window glass is broken in First Floor.,Maintenance
Staircase is dusty in Lab 2.,Cleaning
Book return portal not working in Lab 1.,Library
Dustbins are overflowing in Block B.,Cleaning
Oscilloscope not working in Block B.,ECE
Scholarship not received in Admin Block.,Others
Room lock is broken in Block A.,Hostel
Oscilloscope not working in Room 101.,ECE
Mouse is not responding in Block B.,CSE
System is running very slow in First Floor.,CSE
Insufficient seating in library in Admin Block.,Library
Library internet not working in Lab 2.,Library
Staircase is dusty in Second Floor.,Cleaning
Staircase is dusty in Second Floor.,Cleaning
Hostel room needs cleaning in Lab 1.,Hostel
Fee payment portal not working in Second Floor.,Others
Library AC not working in Second Floor.,Library
Microcontroller kit not working in Lab 1.,ECE
Generator backup failed in First Floor.,Electrical
Loose electrical wiring in Admin Block.,Electrical
Oscilloscope not working in Lab 1.,ECE
Power socket not working in Room 204.,Electrical
Light is flickering in First Floor.,Electrical
Drinking water cooler not working in Block B.,Hostel
Fee payment portal not working in Lab 2.,Others
Switch board is damaged in Block A.,Electrical
Library computer not working in First Floor.,Library
Door lock is broken in First Floor.,Maintenance
Required book is unavailable in Second Floor.,Library
Wall has cracks in Block B.,Maintenance
Bathroom is dirty in Admin Block.,Hostel
Hall ticket not generated in Lab 2.,Others
Switch board is damaged in Second Floor.,Electrical
Garbage not collected in Block B.,Cleaning
Dustbins are overflowing in Room 101.,Cleaning
Broken classroom bench in Block A.,Maintenance
Scholarship not received in Admin Block.,Others
Hostel WiFi not working in First Floor.,Hostel
Bonafide certificate delayed in Room 204.,Others
No water supply in hostel in Room 204.,Hostel
ID card not issued in Admin Block.,Others
Lab equipment is faulty in First Floor.,ECE
Drinking water cooler not working in Admin Block.,Hostel
Fee payment portal not working in Admin Block.,Others
Fan is not working in First Floor.,Electrical
Fee payment portal not working in First Floor.,Others
Printer not working in Admin Block.,CSE
Mess food quality is poor in First Floor.,Hostel
ID card not issued in Room 101.,Others
Signal generator issue in Block A.,ECE
Power outage in classroom in Room 101.,Electrical
Bus pass issue in Admin Block.,Others
Function generator faulty in First Floor.,ECE
Staircase is dusty in Room 101.,Cleaning
Roof seepage issue in Room 101.,Maintenance
Function generator faulty in Second Floor.,ECE
Lab equipment is faulty in Admin Block.,ECE
Breadboard is damaged in Lab 1.,ECE
Website login problem in Room 204.,Others
Roof seepage issue in First Floor.,Maintenance
Tap is leaking in Block B.,Maintenance
Power socket not working in Room 204.,Electrical
Arduino board not detected in Second Floor.,ECE
Washroom needs cleaning in Lab 1.,Cleaning
Mess food quality is poor in First Floor.,Hostel
Dustbins are overflowing in Room 101.,Cleaning
Tap is leaking in Room 101.,Maintenance
Software installation required in Second Floor.,CSE
Reading room is noisy in Lab 2.,Library
Dustbins are overflowing in Second Floor.,Cleaning
Internet not working in lab in Room 101.,CSE
Microcontroller kit not working in Second Floor.,ECE
Room lock is broken in First Floor.,Hostel
Breadboard is damaged in Lab 2.,ECE
Power outage in classroom in Block B.,Electrical
Water leaking from ceiling in Admin Block.,Maintenance
Hostel room needs cleaning in Second Floor.,Hostel
ID card not issued in Room 204.,Others
Generator backup failed in Lab 1.,Electrical
Arduino board not detected in Lab 2.,ECE
Floor needs mopping in Admin Block.,Cleaning
Power outage in classroom in First Floor.,Electrical
Website login problem in Admin Block.,Others
Hostel room needs cleaning in Block B.,Hostel
Book return portal not working in Room 101.,Library
Tube light not working in Block A.,Electrical
Software installation required in Lab 1.,CSE
Loose electrical wiring in Lab 1.,Electrical
Broken classroom bench in First Floor.,Maintenance
Library computer not working in Admin Block.,Library
Scholarship not received in Second Floor.,Others
Library internet not working in Room 101.,Library
Light is flickering in Block B.,Electrical
Generator backup failed in First Floor.,Electrical
Campus area is dirty in Lab 2.,Cleaning
Roof seepage issue in Room 101.,Maintenance
Required book is unavailable in Block B.,Library
Library internet not working in Admin Block.,Library
Bus pass issue in Lab 2.,Others
Bonafide certificate delayed in Room 101.,Others
Printer not working in Room 204.,CSE
Hostel room needs cleaning in Second Floor.,Hostel
Switch board is damaged in Lab 1.,Electrical
Reading room is noisy in Admin Block.,Library
Fan not working in hostel room in First Floor.,Hostel
Microcontroller kit not working in Room 101.,ECE
Book issue system not working in Block A.,Library
No water supply in hostel in Lab 1.,Hostel
No water supply in hostel in First Floor.,Hostel
Floor needs mopping in Room 204.,Cleaning
Breadboard is damaged in Block A.,ECE
Microcontroller kit not working in Room 101.,ECE
Mess food quality is poor in Admin Block.,Hostel
Book return portal not working in Room 101.,Library
Required book is unavailable in Second Floor.,Library
Insufficient seating in library in Room 204.,Library
Tap is leaking in Admin Block.,Maintenance
Oscilloscope not working in Second Floor.,ECE
General enquiry not resolved in Block B.,Others
Staircase is dusty in Block B.,Cleaning
Power socket not working in Room 204.,Electrical
Room lock is broken in Lab 1.,Hostel
Floor needs mopping in Block B.,Cleaning
Book issue system not working in Lab 1.,Library
Room lock is broken in Admin Block.,Hostel
Website login problem in Lab 2.,Others
Required book is unavailable in Block B.,Library
Drinking water cooler not working in First Floor.,Hostel
Bathroom is dirty in Block A.,Hostel
Plumbing problem in Lab 1.,Maintenance
Power outage in classroom in Room 101.,Electrical
Room lock is broken in Room 204.,Hostel
Wall has cracks in Second Floor.,Maintenance
Dustbins are overflowing in Block A.,Cleaning
Reading room is noisy in Lab 2.,Library
Drinking water cooler not working in Room 101.,Hostel
ID card not issued in First Floor.,Others
System is running very slow in Lab 2.,CSE
Book issue system not working in Block A.,Library
Plumbing problem in Lab 1.,Maintenance
Classroom is very dirty in Room 101.,Cleaning
Digital trainer board failed in Lab 2.,ECE
Plumbing problem in Admin Block.,Maintenance
No water supply in hostel in Block B.,Hostel
Microcontroller kit not working in Block B.,ECE
Signal generator issue in Lab 2.,ECE
Function generator faulty in Lab 1.,ECE
Dustbins are overflowing in Lab 2.,Cleaning
Generator backup failed in Admin Block.,Electrical
ID card not issued in Room 204.,Others
Library internet not working in Lab 1.,Library
Software installation required in Admin Block.,CSE
Library internet not working in Block B.,Library
Generator backup failed in Second Floor.,Electrical
Monitor display is blank in First Floor.,CSE
Arduino board not detected in Lab 1.,ECE
Bonafide certificate delayed in Room 204.,Others
Fan not working in hostel room in First Floor.,Hostel
Software installation required in Lab 1.,CSE
Book return portal not working in Admin Block.,Library
Mess food quality is poor in First Floor.,Hostel
Hostel room needs cleaning in Room 204.,Hostel
Power socket not working in Block A.,Electrical
Hostel WiFi not working in Block A.,Hostel
Hall ticket not generated in Block A.,Others
Library internet not working in First Floor.,Library
Water leaking from ceiling in Admin Block.,Maintenance
Lab equipment is faulty in Room 204.,ECE
Breadboard is damaged in Second Floor.,ECE
No water supply in hostel in Block A.,Hostel
Fee payment portal not working in Room 101.,Others
Power socket not working in Second Floor.,Electrical
Classroom is very dirty in First Floor.,Cleaning
Bathroom is dirty in Lab 1.,Hostel
Wall has cracks in Room 204.,Maintenance
No water supply in hostel in Admin Block.,Hostel
Breadboard is damaged in Second Floor.,ECE
Hostel WiFi not working in Block A.,Hostel
Library internet not working in Lab 1.,Library
Oscilloscope not working in Second Floor.,ECE
Floor needs mopping in Lab 1.,Cleaning
Library AC not working in Block B.,Library
Loose electrical wiring in Second Floor.,Electrical
Oscilloscope not working in Room 204.,ECE
Book return portal not working in Block B.,Library
Fan is not working in Lab 2.,Electrical
Internet not working in lab in Block B.,CSE
Mess food quality is poor in Lab 2.,Hostel
Bad smell in corridor in First Floor.,Cleaning
Fan not working in hostel room in Block B.,Hostel
Wall has cracks in Lab 2.,Maintenance
Book issue system not working in Room 204.,Library
Bus pass issue in First Floor.,Others
Signal generator issue in Second Floor.,ECE
Website login problem in Block B.,Others
Lab equipment is faulty in Block B.,ECE
Book issue system not working in Lab 2.,Library
Drinking water cooler not working in Lab 2.,Hostel
Bathroom is dirty in Lab 2.,Hostel
Switch board is damaged in Room 101.,Electrical
Internet not working in lab in Room 101.,CSE
Tube light not working in First Floor.,Electrical
Internet not working in lab in Block A.,CSE
Computer not starting in Lab 1.,CSE
Power socket not working in Room 204.,Electrical
Campus area is dirty in Second Floor.,Cleaning
Monitor display is blank in Lab 1.,CSE
Required book is unavailable in Lab 2.,Library
Power socket not working in Room 204.,Electrical
System is running very slow in Room 204.,CSE
Dustbins are overflowing in Lab 1.,Cleaning
Signal generator issue in Second Floor.,ECE
Function generator faulty in Block B.,ECE
Book return portal not working in Admin Block.,Library
Plumbing problem in Room 204.,Maintenance
Reading room is noisy in Lab 2.,Library
System is running very slow in Room 101.,CSE
Digital trainer board failed in Room 101.,ECE
Switch board is damaged in Room 101.,Electrical
Hostel room needs cleaning in First Floor.,Hostel
Washroom needs cleaning in Room 204.,Cleaning
Internet not working in lab in Second Floor.,CSE
Fan not working in hostel room in Lab 1.,Hostel
Dustbins are overflowing in Room 204.,Cleaning
Oscilloscope not working in Lab 2.,ECE
Book issue system not working in Admin Block.,Library
Website login problem in First Floor.,Others
Floor needs mopping in First Floor.,Cleaning
Oscilloscope not working in Block B.,ECE
Signal generator issue in Room 204.,ECE
Hostel room needs cleaning in Lab 2.,Hostel
Roof seepage issue in Lab 2.,Maintenance
Roof seepage issue in Second Floor.,Maintenance
Book issue system not working in Block A.,Library
Printer not working in Lab 2.,CSE
Door lock is broken in Block A.,Maintenance
Printer not working in Admin Block.,CSE
Software installation required in Admin Block.,CSE
System is running very slow in Second Floor.,CSE
Washroom needs cleaning in Room 204.,Cleaning
Door lock is broken in Room 204.,Maintenance
Campus area is dirty in Room 101.,Cleaning
Signal generator issue in Room 101.,ECE
Required book is unavailable in Lab 1.,Library
Hall ticket not generated in Admin Block.,Others
Bad smell in corridor in Lab 2.,Cleaning
Computer not starting in Room 204.,CSE
Book return portal not working in Second Floor.,Library
Hostel WiFi not working in First Floor.,Hostel
System is running very slow in Block B.,CSE
Function generator faulty in Second Floor.,ECE
Power outage in classroom in Admin Block.,Electrical
Bad smell in corridor in Lab 1.,Cleaning
Library computer not working in Lab 1.,Library
Digital trainer board failed in Admin Block.,ECE
Drinking water cooler not working in Admin Block.,Hostel
Drinking water cooler not working in Room 101.,Hostel
Website login problem in Room 101.,Others
Water leaking from ceiling in Lab 2.,Maintenance
Classroom is very dirty in Lab 2.,Cleaning
Hostel room needs cleaning in Block A.,Hostel
Switch board is damaged in Second Floor.,Electrical
Staircase is dusty in Room 101.,Cleaning
Library AC not working in Block A.,Library
Power socket not working in Admin Block.,Electrical
Tap is leaking in Lab 1.,Maintenance
Water leaking from ceiling in Lab 2.,Maintenance
System is running very slow in Room 204.,CSE
Book issue system not working in Second Floor.,Library
Roof seepage issue in Lab 1.,Maintenance
Arduino board not detected in Lab 2.,ECE
Keyboard not working in Second Floor.,CSE
Breadboard is damaged in Lab 2.,ECE
Fan not working in hostel room in Lab 1.,Hostel
System is running very slow in First Floor.,CSE
Switch board is damaged in Room 101.,Electrical
Switch board is damaged in First Floor.,Electrical
Hall ticket not generated in First Floor.,Others
Campus area is dirty in Room 101.,Cleaning
Floor needs mopping in First Floor.,Cleaning
Fee payment portal not working in Second Floor.,Others
Website login problem in Lab 1.,Others
Dustbins are overflowing in Admin Block.,Cleaning
System is running very slow in Second Floor.,CSE
Oscilloscope not working in Lab 2.,ECE
Staircase is dusty in Block A.,Cleaning
Library AC not working in Lab 2.,Library
Loose electrical wiring in Room 204.,Electrical
Washroom needs cleaning in Lab 2.,Cleaning
Website login problem in Room 204.,Others
Printer not working in Second Floor.,CSE
Bad smell in corridor in Lab 1.,Cleaning
System is running very slow in First Floor.,CSE
Mess food quality is poor in Admin Block.,Hostel
Software installation required in Second Floor.,CSE
Bus pass issue in Lab 1.,Others
Broken classroom bench in Lab 2.,Maintenance
Scholarship not received in Lab 2.,Others
Loose electrical wiring in Lab 1.,Electrical
Switch board is damaged in Second Floor.,Electrical
Computer not starting in First Floor.,CSE
Drinking water cooler not working in Admin Block.,Hostel
Bathroom is dirty in Room 101.,Hostel
Mess food quality is poor in Room 101.,Hostel
Lab equipment is faulty in Block A.,ECE
Library computer not working in Admin Block.,Library
Library AC not working in Room 204.,Library
Hostel WiFi not working in Room 204.,Hostel
Fan is not working in Room 101.,Electrical
Hostel WiFi not working in Lab 1.,Hostel
Mouse is not responding in Block B.,CSE
Microcontroller kit not working in Admin Block.,ECE
Drinking water cooler not working in Admin Block.,Hostel
Oscilloscope not working in Admin Block.,ECE
Fan is not working in Room 204.,Electrical
Bus pass issue in Room 101.,Others
Mess food quality is poor in Room 101.,Hostel
Fee payment portal not working in Second Floor.,Others
Generator backup failed in Admin Block.,Electrical
Microcontroller kit not working in Block A.,ECE
Reading room is noisy in Block A.,Library
Garbage not collected in Block B.,Cleaning
Scholarship not received in Block B.,Others
ID card not issued in Room 204.,Others
Generator backup failed in Room 101.,Electrical
Generator backup failed in Second Floor.,Electrical
Wall has cracks in First Floor.,Maintenance
Light is flickering in First Floor.,Electrical
Window glass is broken in Room 204.,Maintenance
Book return portal not working in Lab 1.,Library
Floor needs mopping in Block A.,Cleaning
Software installation required in Second Floor.,CSE
Dustbins are overflowing in Lab 1.,Cleaning
Required book is unavailable in Block A.,Library
Wall has cracks in Lab 2.,Maintenance
Bathroom is dirty in Second Floor.,Hostel
Bathroom is dirty in Room 204.,Hostel
Bad smell in corridor in Lab 1.,Cleaning
Arduino board not detected in Room 204.,ECE
Oscilloscope not working in Block B.,ECE
Drinking water cooler not working in Lab 1.,Hostel
Bus pass issue in Lab 2.,Others
Mess food quality is poor in Room 204.,Hostel
System is running very slow in Lab 1.,CSE
Hall ticket not generated in Lab 1.,Others
Fan not working in hostel room in Room 204.,Hostel
Internet not working in lab in Room 204.,CSE
Hostel room needs cleaning in First Floor.,Hostel
Reading room is noisy in Block A.,Library
Arduino board not detected in Block B.,ECE
Fan not working in hostel room in Lab 1.,Hostel
Bad smell in corridor in Admin Block.,Cleaning
Fee payment portal not working in Admin Block.,Others
Bathroom is dirty in Lab 2.,Hostel
Library computer not working in Room 204.,Library
Signal generator issue in Second Floor.,ECE
Mouse is not responding in Block B.,CSE
Door lock is broken in Block A.,Maintenance
Broken classroom bench in First Floor.,Maintenance
Fan is not working in Block A.,Electrical
Roof seepage issue in Admin Block.,Maintenance
Generator backup failed in Lab 1.,Electrical
Door lock is broken in Block A.,Maintenance
Scholarship not received in Lab 1.,Others
Broken classroom bench in Block A.,Maintenance
Software installation required in Lab 2.,CSE
Washroom needs cleaning in Second Floor.,Cleaning
Door lock is broken in Room 101.,Maintenance
General enquiry not resolved in Lab 2.,Others
Bus pass issue in Room 101.,Others
Generator backup failed in Lab 2.,Electrical
Book issue system not working in Room 101.,Library
Bad smell in corridor in Lab 1.,Cleaning
Book return portal not working in Admin Block.,Library
Light is flickering in Lab 2.,Electrical
Floor needs mopping in First Floor.,Cleaning
Monitor display is blank in Lab 1.,CSE
Roof seepage issue in Block B.,Maintenance
Bus pass issue in Lab 1.,Others
Hall ticket not generated in Room 101.,Others
Loose electrical wiring in Lab 1.,Electrical
Microcontroller kit not working in Room 204.,ECE
Book issue system not working in First Floor.,Library
Bathroom is dirty in Lab 2.,Hostel
Window glass is broken in Second Floor.,Maintenance
Microcontroller kit not working in Room 101.,ECE
Printer not working in Block A.,CSE
Tap is leaking in Lab 1.,Maintenance
Library AC not working in Block B.,Library
Room lock is broken in Admin Block.,Hostel
Classroom is very dirty in Second Floor.,Cleaning
Scholarship not received in Block B.,Others
Website login problem in Block A.,Others
Water leaking from ceiling in Block B.,Maintenance
Tube light not working in Room 101.,Electrical
Library internet not working in Second Floor.,Library
Fan not working in hostel room in Lab 1.,Hostel
Plumbing problem in Lab 1.,Maintenance
Campus area is dirty in Block B.,Cleaning
Power socket not working in Room 101.,Electrical
Printer not working in Second Floor.,CSE
Wall has cracks in Second Floor.,Maintenance
Library internet not working in First Floor.,Library
Oscilloscope not working in Room 204.,ECE
Roof seepage issue in Lab 2.,Maintenance
Scholarship not received in Room 101.,Others
Loose electrical wiring in Room 204.,Electrical
Staircase is dusty in First Floor.,Cleaning
Hostel WiFi not working in Block A.,Hostel
Bonafide certificate delayed in Lab 2.,Others
Broken classroom bench in Block B.,Maintenance
Digital trainer board failed in Lab 2.,ECE
Switch board is damaged in Block A.,Electrical
Switch board is damaged in Second Floor.,Electrical
System is running very slow in Second Floor.,CSE
Staircase is dusty in Lab 2.,Cleaning
Reading room is noisy in Block B.,Library
Library internet not working in Block B.,Library
Power outage in classroom in Block A.,Electrical
General enquiry not resolved in Room 204.,Others
Bathroom is dirty in Lab 1.,Hostel
Window glass is broken in Admin Block.,Maintenance
Dustbins are overflowing in Admin Block.,Cleaning
Website login problem in Block A.,Others
Campus area is dirty in Lab 2.,Cleaning
System is running very slow in Block A.,CSE
Book issue system not working in Block B.,Library
Window glass is broken in Admin Block.,Maintenance
Bad smell in corridor in Lab 2.,Cleaning
Bad smell in corridor in Room 204.,Cleaning
Reading room is noisy in Lab 2.,Library
Fan is not working in Admin Block.,Electrical
Website login problem in Block B.,Others
General enquiry not resolved in Block B.,Others
Printer not working in Block A.,CSE
Drinking water cooler not working in Admin Block.,Hostel
Required book is unavailable in Block B.,Library
Broken classroom bench in Block B.,Maintenance
Breadboard is damaged in Room 101.,ECE
Microcontroller kit not working in Lab 2.,ECE
Fan is not working in Admin Block.,Electrical
Library computer not working in Second Floor.,Library
Switch board is damaged in Lab 2.,Electrical
Keyboard not working in Block B.,CSE
ID card not issued in Lab 2.,Others
Bathroom is dirty in First Floor.,Hostel
Book issue system not working in Block B.,Library
Arduino board not detected in Room 101.,ECE
Website login problem in Lab 2.,Others
Window glass is broken in Lab 2.,Maintenance
Internet not working in lab in Room 204.,CSE
Breadboard is damaged in Room 204.,ECE
No water supply in hostel in Lab 1.,Hostel
Bonafide certificate delayed in Block B.,Others
Mess food quality is poor in Block A.,Hostel
Required book is unavailable in Block B.,Library
Door lock is broken in Admin Block.,Maintenance
Window glass is broken in Block B.,Maintenance
Wall has cracks in Second Floor.,Maintenance
General enquiry not resolved in Block A.,Others
Mouse is not responding in Block B.,CSE
Reading room is noisy in Room 101.,Library
Website login problem in Room 101.,Others
Arduino board not detected in Second Floor.,ECE
Signal generator issue in Room 101.,ECE
Computer not starting in Second Floor.,CSE
Book issue system not working in Lab 2.,Library
Printer not working in Lab 2.,CSE
ID card not issued in Lab 2.,Others
Hall ticket not generated in Room 101.,Others
Hostel room needs cleaning in Block B.,Hostel
Dustbins are overflowing in Room 204.,Cleaning
Staircase is dusty in Admin Block.,Cleaning
Switch board is damaged in Room 204.,Electrical
Fan not working in hostel room in Block B.,Hostel
Washroom needs cleaning in Room 204.,Cleaning
Switch board is damaged in Block B.,Electrical
Insufficient seating in library in Block A.,Library
Switch board is damaged in First Floor.,Electrical
Function generator faulty in Room 101.,ECE
Reading room is noisy in Room 101.,Library
Library computer not working in Block A.,Library
Bus pass issue in Block B.,Others
Campus area is dirty in Room 101.,Cleaning
Power outage in classroom in Admin Block.,Electrical
Hostel room needs cleaning in Admin Block.,Hostel
Bus pass issue in Second Floor.,Others
Door lock is broken in Lab 2.,Maintenance
Bonafide certificate delayed in Admin Block.,Others
Bus pass issue in Admin Block.,Others
Hostel room needs cleaning in Block B.,Hostel
Window glass is broken in Lab 1.,Maintenance
Loose electrical wiring in Lab 1.,Electrical
Arduino board not detected in Second Floor.,ECE
Library internet not working in Lab 1.,Library
Microcontroller kit not working in Block B.,ECE
ID card not issued in Room 101.,Others
Digital trainer board failed in Lab 1.,ECE
Internet not working in lab in Block A.,CSE
Website login problem in Room 101.,Others
Function generator faulty in Room 101.,ECE
Power socket not working in Lab 1.,Electrical
General enquiry not resolved in First Floor.,Others
Function generator faulty in Lab 1.,ECE
Keyboard not working in First Floor.,CSE
Tube light not working in Room 204.,Electrical
Hostel room needs cleaning in Room 101.,Hostel
Monitor display is blank in Admin Block.,CSE
Broken classroom bench in Room 101.,Maintenance
Microcontroller kit not working in Admin Block.,ECE
Water leaking from ceiling in Block B.,Maintenance
Light is flickering in Admin Block.,Electrical
Library computer not working in Lab 1.,Library
Hostel room needs cleaning in Admin Block.,Hostel
Book return portal not working in Room 101.,Library
Book issue system not working in Lab 2.,Library
Wall has cracks in First Floor.,Maintenance
Power outage in classroom in Lab 2.,Electrical
Water leaking from ceiling in Room 204.,Maintenance
Tube light not working in Lab 2.,Electrical
Book issue system not working in Second Floor.,Library
Dustbins are overflowing in Block B.,Cleaning
Classroom is very dirty in Lab 1.,Cleaning
Generator backup failed in Block A.,Electrical
Generator backup failed in Room 204.,Electrical
Plumbing problem in Block A.,Maintenance
Computer not starting in Second Floor.,CSE
Bonafide certificate delayed in Lab 1.,Others
Broken classroom bench in Room 204.,Maintenance
Reading room is noisy in Room 101.,Library
Insufficient seating in library in First Floor.,Library
Arduino board not detected in Block A.,ECE
Arduino board not detected in Admin Block.,ECE
Lab equipment is faulty in Lab 1.,ECE
Water leaking from ceiling in Lab 2.,Maintenance
Power socket not working in Block A.,Electrical
Library internet not working in Lab 2.,Library
No water supply in hostel in Lab 1.,Hostel
Hall ticket not generated in Second Floor.,Others
Fan not working in hostel room in Room 204.,Hostel
Microcontroller kit not working in Admin Block.,ECE
Plumbing problem in Lab 1.,Maintenance
ID card not issued in Admin Block.,Others
Fee payment portal not working in Room 101.,Others
Book issue system not working in Room 204.,Library
Garbage not collected in Lab 1.,Cleaning
Printer not working in Room 204.,CSE
Room lock is broken in First Floor.,Hostel
Switch board is damaged in Room 204.,Electrical
Fan is not working in Second Floor.,Electrical
System is running very slow in Lab 1.,CSE
Keyboard not working in Block A.,CSE
Software installation required in Second Floor.,CSE
Breadboard is damaged in Lab 1.,ECE
Bonafide certificate delayed in Block B.,Others
Fan is not working in Lab 2.,Electrical
Garbage not collected in Room 204.,Cleaning
Signal generator issue in Room 101.,ECE
Mess food quality is poor in Lab 2.,Hostel
Wall has cracks in First Floor.,Maintenance
Floor needs mopping in Room 204.,Cleaning
Water leaking from ceiling in Lab 2.,Maintenance
Plumbing problem in Room 101.,Maintenance
Classroom is very dirty in Room 204.,Cleaning
Bad smell in corridor in Room 204.,Cleaning
Microcontroller kit not working in Admin Block.,ECE
General enquiry not resolved in Admin Block.,Others
Printer not working in Block B.,CSE
Washroom needs cleaning in Block A.,Cleaning
Book return portal not working in Block A.,Library
Mouse is not responding in Lab 2.,CSE
Staircase is dusty in Block B.,Cleaning
Hall ticket not generated in Second Floor.,Others
Required book is unavailable in Admin Block.,Library
System is running very slow in First Floor.,CSE
Signal generator issue in Block B.,ECE
Bonafide certificate delayed in Room 204.,Others
Book return portal not working in Lab 1.,Library
Arduino board not detected in Lab 1.,ECE
Dustbins are overflowing in Block A.,Cleaning
Book return portal not working in Block B.,Library
Breadboard is damaged in Block A.,ECE
Bonafide certificate delayed in Second Floor.,Others
Book return portal not working in Block A.,Library
Campus area is dirty in Admin Block.,Cleaning
Breadboard is damaged in Second Floor.,ECE
ID card not issued in Room 204.,Others
Water leaking from ceiling in Lab 1.,Maintenance
Exhaust fan not working in washroom,Electrical
Power outage in auditorium,Electrical
Light not working in hostel corridor,Electrical
Fan making noise in computer lab,Electrical
Power outage in auditorium,Electrical
Fan not working in classroom 101,Electrical
Power socket not working in ECE lab,Electrical
Fan not working in classroom 101,Electrical
Exhaust fan not working in washroom,Electrical
Projector power socket not working in seminar hall,Electrical
Power socket not working in ECE lab,Electrical
Projector power socket not working in seminar hall,Electrical
Plug point damaged in computer lab,Electrical
Power outage in auditorium,Electrical
Fan not working in CSE lab,Electrical
Tube light not working in library,Electrical
Fan not working in CSE lab,Electrical
Fan not working in ECE lab,Electrical
Tube light not working in library,Electrical
Power outage in auditorium,Electrical
Plug point damaged in computer lab,Electrical
Exhaust fan not working in washroom,Electrical
Fan not working in classroom 101,Electrical
Power socket not working in ECE lab,Electrical
Fan not working in ECE lab,Electrical
Fan not working in ECE lab,Electrical
Fan not working in ECE lab,Electrical
Tube light not working in library,Electrical
Electrical wiring issue in admin block,Electrical
Plug point damaged in computer lab,Electrical
Fan not working in library,Electrical
Light not working in hostel corridor,Electrical
Switch board damaged in classroom,Electrical
Tube light flickering in CSE lab,Electrical
Power outage in auditorium,Electrical
Fan not working in ECE lab,Electrical
Tube light flickering in CSE lab,Electrical
Ceiling fan not rotating in canteen,Electrical
Exhaust fan not working in washroom,Electrical
Power socket not working in ECE lab,Electrical
Fan making noise in computer lab,Electrical
Ceiling fan not rotating in canteen,Electrical
Fan making noise in computer lab,Electrical
Tube light not working in library,Electrical
Projector power socket not working in seminar hall,Electrical
Fan not working in CSE lab,Electrical
Fan making noise in computer lab,Electrical
Power outage in auditorium,Electrical
Fan not working in classroom 101,Electrical
Ceiling fan not rotating in canteen,Electrical
Power outage in auditorium,Electrical
Ceiling fan not rotating in canteen,Electrical
Tube light flickering in CSE lab,Electrical
Fan not working in classroom 101,Electrical
Electrical wiring issue in admin block,Electrical
Tube light flickering in CSE lab,Electrical
Fan not working in classroom 101,Electrical
Ceiling fan not rotating in canteen,Electrical
Switch board damaged in classroom,Electrical
Fan not working in library,Electrical
Fan not working in CSE lab,Electrical
Fan not working in classroom 101,Electrical
Exhaust fan not working in washroom,Electrical
Electrical wiring issue in admin block,Electrical
Fan making noise in computer lab,Electrical
Projector power socket not working in seminar hall,Electrical
Plug point damaged in computer lab,Electrical
Tube light flickering in CSE lab,Electrical
Power socket not working in ECE lab,Electrical
Tube light not working in library,Electrical
Fan not working in CSE lab,Electrical
Tube light not working in library,Electrical
Exhaust fan not working in washroom,Electrical
Fan not working in CSE lab,Electrical
Fan not working in classroom 101,Electrical
Light not working in hostel corridor,Electrical
Power outage in auditorium,Electrical
Plug point damaged in computer lab,Electrical
Fan not working in classroom 101,Electrical
Fan not working in ECE lab,Electrical
Ceiling fan not rotating in canteen,Electrical
Fan making noise in computer lab,Electrical
Ceiling fan not rotating in canteen,Electrical
Fan not working in library,Electrical
Electrical wiring issue in admin block,Electrical
Power outage in auditorium,Electrical
Fan not working in library,Electrical
Plug point damaged in computer lab,Electrical
Electrical wiring issue in admin block,Electrical
Plug point damaged in computer lab,Electrical
Fan not working in classroom 101,Electrical
Ceiling fan not rotating in canteen,Electrical
Projector power socket not working in seminar hall,Electrical
Power outage in auditorium,Electrical
Fan not working in library,Electrical
Projector power socket not working in seminar hall,Electrical
Plug point damaged in computer lab,Electrical
Power outage in auditorium,Electrical
Tube light not working in library,Electrical
Fan not working in library,Electrical
Fan not working in ECE lab,Electrical
Fan not working in classroom 101,Electrical
Switch board damaged in classroom,Electrical
Fan making noise in computer lab,Electrical
Electrical wiring issue in admin block,Electrical
Fan making noise in computer lab,Electrical
Fan not working in ECE lab,Electrical
Fan not working in CSE lab,Electrical
Fan not working in ECE lab,Electrical
Fan not working in library,Electrical
Ceiling fan not rotating in canteen,Electrical
Fan not working in ECE lab,Electrical
Power outage in auditorium,Electrical
Power outage in auditorium,Electrical
Fan making noise in computer lab,Electrical
Fan making noise in computer lab,Electrical
Power socket not working in ECE lab,Electrical
Fan not working in ECE lab,Electrical
Fan not working in ECE lab,Electrical
Ceiling fan not rotating in canteen,Electrical
Fan not working in CSE lab,Electrical
Fan not working in CSE lab,Electrical
Fan not working in library,Electrical
Tube light not working in library,Electrical
Plug point damaged in computer lab,Electrical
Floor tiles broken in auditorium,Maintenance
Plumbing issue in hostel bathroom,Maintenance
Wall cracked in admin block,Maintenance
Window glass broken in CSE lab,Maintenance
Ceiling plaster falling in corridor,Maintenance
Floor tiles broken in auditorium,Maintenance
Door lock broken in classroom,Maintenance
Ceiling plaster falling in corridor,Maintenance
Window glass broken in CSE lab,Maintenance
Floor tiles broken in auditorium,Maintenance
Broken bench in classroom,Maintenance
Wall cracked in admin block,Maintenance
Plumbing issue in hostel bathroom,Maintenance
Plumbing issue in hostel bathroom,Maintenance
Door lock broken in classroom,Maintenance
Plumbing issue in hostel bathroom,Maintenance
Broken chair in seminar hall,Maintenance
Broken chair in seminar hall,Maintenance
Ceiling plaster falling in corridor,Maintenance
Roof seepage in hostel block,Maintenance
Broken bench in classroom,Maintenance
Window glass broken in CSE lab,Maintenance
Wash basin damaged in canteen,Maintenance
Tap leaking in washroom,Maintenance
Tap leaking in washroom,Maintenance
Drainage blockage near canteen,Maintenance
Water pipe leakage in ECE lab,Maintenance
Ceiling plaster falling in corridor,Maintenance
Wall cracked in admin block,Maintenance
Door hinge damaged in library,Maintenance
Tap leaking in washroom,Maintenance
Wash basin damaged in canteen,Maintenance
Door lock broken in classroom,Maintenance
Plumbing issue in hostel bathroom,Maintenance
Door lock broken in classroom,Maintenance
Tap leaking in washroom,Maintenance
Wash basin damaged in canteen,Maintenance
Tap leaking in washroom,Maintenance
Wash basin damaged in canteen,Maintenance
Classroom door not closing properly,Maintenance
Wash basin damaged in canteen,Maintenance
Water leaking from ceiling in library,Maintenance
Classroom door not closing properly,Maintenance
Classroom door not closing properly,Maintenance
Floor tiles broken in auditorium,Maintenance
Ceiling plaster falling in corridor,Maintenance
Floor tiles broken in auditorium,Maintenance
Ceiling plaster falling in corridor,Maintenance
Broken chair in seminar hall,Maintenance
Ceiling plaster falling in corridor,Maintenance
Water leaking from ceiling in library,Maintenance
Floor tiles broken in auditorium,Maintenance
Plumbing issue in hostel bathroom,Maintenance
Classroom door not closing properly,Maintenance
Classroom door not closing properly,Maintenance
Water pipe leakage in ECE lab,Maintenance
Drainage blockage near canteen,Maintenance
Broken chair in seminar hall,Maintenance
Broken chair in seminar hall,Maintenance
Water leaking from ceiling in library,Maintenance
Broken bench in classroom,Maintenance
Plumbing issue in hostel bathroom,Maintenance
Window glass broken in CSE lab,Maintenance
Window glass broken in CSE lab,Maintenance
Broken bench in classroom,Maintenance
Roof seepage in hostel block,Maintenance
Roof seepage in hostel block,Maintenance
Roof seepage in hostel block,Maintenance
Ceiling plaster falling in corridor,Maintenance
Plumbing issue in hostel bathroom,Maintenance
Door hinge damaged in library,Maintenance
Wash basin damaged in canteen,Maintenance
Water pipe leakage in ECE lab,Maintenance
Floor tiles broken in auditorium,Maintenance
Water pipe leakage in ECE lab,Maintenance
Drainage blockage near canteen,Maintenance
Ceiling plaster falling in corridor,Maintenance
Ceiling plaster falling in corridor,Maintenance
Broken bench in classroom,Maintenance
Wall cracked in admin block,Maintenance
Door hinge damaged in library,Maintenance
Wash basin damaged in canteen,Maintenance
Wash basin damaged in canteen,Maintenance
Tap leaking in washroom,Maintenance
Window glass broken in CSE lab,Maintenance
Floor tiles broken in auditorium,Maintenance
Roof seepage in hostel block,Maintenance
Drainage blockage near canteen,Maintenance
Tap leaking in washroom,Maintenance
Floor tiles broken in auditorium,Maintenance
Floor tiles broken in auditorium,Maintenance
Water pipe leakage in ECE lab,Maintenance
Classroom door not closing properly,Maintenance
Door lock broken in classroom,Maintenance
Ceiling plaster falling in corridor,Maintenance
Wall cracked in admin block,Maintenance
Ceiling plaster falling in corridor,Maintenance
Water pipe leakage in ECE lab,Maintenance
Floor tiles broken in auditorium,Maintenance
Ceiling plaster falling in corridor,Maintenance
Floor tiles broken in auditorium,Maintenance
Broken chair in seminar hall,Maintenance
Drainage blockage near canteen,Maintenance
Classroom door not closing properly,Maintenance
Classroom door not closing properly,Maintenance
Ceiling plaster falling in corridor,Maintenance
Classroom door not closing properly,Maintenance
Water leaking from ceiling in library,Maintenance
Classroom door not closing properly,Maintenance
Wall cracked in admin block,Maintenance
Wall cracked in admin block,Maintenance
Floor tiles broken in auditorium,Maintenance
Ceiling plaster falling in corridor,Maintenance
Ceiling plaster falling in corridor,Maintenance
Tap leaking in washroom,Maintenance
Broken bench in classroom,Maintenance
Wash basin damaged in canteen,Maintenance
Broken chair in seminar hall,Maintenance
Plumbing issue in hostel bathroom,Maintenance
Ceiling plaster falling in corridor,Maintenance
Water leaking from ceiling in library,Maintenance
Roof seepage in hostel block,Maintenance
Ceiling plaster falling in corridor,Maintenance
Water pipe leakage in ECE lab,Maintenance
Drainage blockage near canteen,Maintenance
Auditorium requires cleaning,Cleaning
Dustbins are overflowing near admin block,Cleaning
ECE lab floor is dirty,Cleaning
CSE lab is dusty,Cleaning
Spider webs in seminar hall,Cleaning
Dustbins are overflowing near admin block,Cleaning
Spider webs in seminar hall,Cleaning
Auditorium requires cleaning,Cleaning
Dustbins are overflowing near admin block,Cleaning
Hostel corridor is dirty,Cleaning
Library floor is dirty,Cleaning
Library floor is dirty,Cleaning
Washroom near library needs cleaning,Cleaning
Canteen tables are dirty,Cleaning
Spider webs in seminar hall,Cleaning
Library floor is dirty,Cleaning
Auditorium requires cleaning,Cleaning
Classroom needs cleaning,Cleaning
Hostel corridor is dirty,Cleaning
Staircase is dusty,Cleaning
Library floor is dirty,Cleaning
CSE lab is dusty,Cleaning
Bad smell in library,Cleaning
Computer lab needs cleaning,Cleaning
CSE lab is dusty,Cleaning
Hostel corridor is dirty,Cleaning
Garbage not collected near canteen,Cleaning
Dustbins are overflowing near admin block,Cleaning
Classroom needs cleaning,Cleaning
Hostel corridor is dirty,Cleaning
Washroom is very dirty,Cleaning
Campus pathway is littered,Cleaning
Library floor is dirty,Cleaning
Staircase is dusty,Cleaning
Washroom near library needs cleaning,Cleaning
Canteen tables are dirty,Cleaning
Staircase is dusty,Cleaning
Auditorium requires cleaning,Cleaning
Computer lab needs cleaning,Cleaning
Washroom near library needs cleaning,Cleaning
Library floor is dirty,Cleaning
Auditorium requires cleaning,Cleaning
Washroom near library needs cleaning,Cleaning
Hostel corridor is dirty,Cleaning
Hostel corridor is dirty,Cleaning
Dustbins are overflowing near admin block,Cleaning
Canteen tables are dirty,Cleaning
Staircase is dusty,Cleaning
Hostel corridor is dirty,Cleaning
Hostel corridor is dirty,Cleaning
Spider webs in seminar hall,Cleaning
Staircase is dusty,Cleaning
Auditorium requires cleaning,Cleaning
Computer lab needs cleaning,Cleaning
Spider webs in seminar hall,Cleaning
Dustbins are overflowing near admin block,Cleaning
Bad smell in library,Cleaning
Staircase is dusty,Cleaning
Garbage not collected near canteen,Cleaning
ECE lab floor is dirty,Cleaning
Campus pathway is littered,Cleaning
ECE lab floor is dirty,Cleaning
Staircase is dusty,Cleaning
ECE lab floor is dirty,Cleaning
Hostel corridor is dirty,Cleaning
Washroom near library needs cleaning,Cleaning
ECE lab floor is dirty,Cleaning
Classroom needs cleaning,Cleaning
Bad smell in library,Cleaning
Canteen tables are dirty,Cleaning
Campus pathway is littered,Cleaning
Auditorium requires cleaning,Cleaning
Library floor is dirty,Cleaning
Staircase is dusty,Cleaning
Bad smell in library,Cleaning
Washroom is very dirty,Cleaning
Staircase is dusty,Cleaning
Dustbins are overflowing near admin block,Cleaning
Campus pathway is littered,Cleaning
Staircase is dusty,Cleaning
Library floor is dirty,Cleaning
Dustbins are overflowing near admin block,Cleaning
Canteen tables are dirty,Cleaning
Washroom is very dirty,Cleaning
Auditorium requires cleaning,Cleaning
Hostel corridor is dirty,Cleaning
Auditorium requires cleaning,Cleaning
Dustbins are overflowing near admin block,Cleaning
Spider webs in seminar hall,Cleaning
Computer lab needs cleaning,Cleaning
Canteen tables are dirty,Cleaning
Campus pathway is littered,Cleaning
Auditorium requires cleaning,Cleaning
Hostel corridor is dirty,Cleaning
Bad smell in library,Cleaning
Staircase is dusty,Cleaning
Dustbins are overflowing near admin block,Cleaning
Canteen tables are dirty,Cleaning
Staircase is dusty,Cleaning
Dustbins are overflowing near admin block,Cleaning
Auditorium requires cleaning,Cleaning
Auditorium requires cleaning,Cleaning
Auditorium requires cleaning,Cleaning
Staircase is dusty,Cleaning
ECE lab floor is dirty,Cleaning
ECE lab floor is dirty,Cleaning
Staircase is dusty,Cleaning
Auditorium requires cleaning,Cleaning
Washroom near library needs cleaning,Cleaning
CSE lab is dusty,Cleaning
Hostel corridor is dirty,Cleaning
Hostel corridor is dirty,Cleaning
Hostel corridor is dirty,Cleaning
Staircase is dusty,Cleaning
Washroom is very dirty,Cleaning
Canteen tables are dirty,Cleaning
Computer lab needs cleaning,Cleaning
CSE lab is dusty,Cleaning
Hostel corridor is dirty,Cleaning
Library floor is dirty,Cleaning
Campus pathway is littered,Cleaning
Bad smell in library,Cleaning
Dustbins are overflowing near admin block,Cleaning
Canteen tables are dirty,Cleaning
Auditorium requires cleaning,Cleaning
Bathroom not cleaned in hostel,Hostel
Room lock broken in hostel room,Hostel
Mess food quality is poor,Hostel
Drinking water cooler not working in hostel,Hostel
Hot water not available in hostel,Hostel
No water supply in hostel bathroom,Hostel
Hostel WiFi not working,Hostel
Bed damaged in hostel room,Hostel
Hot water not available in hostel,Hostel
Mosquito problem in hostel room,Hostel
Hostel WiFi not working,Hostel
Bathroom not cleaned in hostel,Hostel
No water supply in hostel bathroom,Hostel
Hostel bathroom tap is leaking,Hostel
Hostel bathroom tap is leaking,Hostel
Room lock broken in hostel room,Hostel
Room lock broken in hostel room,Hostel
Hostel room window is broken,Hostel
Hot water not available in hostel,Hostel
Hostel room window is broken,Hostel
Bathroom not cleaned in hostel,Hostel
Hostel bathroom tap is leaking,Hostel
No water supply in hostel bathroom,Hostel
Mosquito problem in hostel room,Hostel
Bathroom not cleaned in hostel,Hostel
Hostel bathroom tap is leaking,Hostel
Hostel lift not working,Hostel
Hostel room window is broken,Hostel
Hostel lift not working,Hostel
Bathroom not cleaned in hostel,Hostel
Hot water not available in hostel,Hostel
Hostel lift not working,Hostel
Wardrobe lock broken in hostel room,Hostel
Drinking water cooler not working in hostel,Hostel
Mess food quality is poor,Hostel
Mess food quality is poor,Hostel
Drinking water cooler not working in hostel,Hostel
Mess food quality is poor,Hostel
Hostel room fan not working,Hostel
Hostel bathroom tap is leaking,Hostel
Hostel room fan not working,Hostel
Hostel WiFi not working,Hostel
Room lock broken in hostel room,Hostel
Hot water not available in hostel,Hostel
Hostel lift not working,Hostel
Bed damaged in hostel room,Hostel
Hostel room window is broken,Hostel
Wardrobe lock broken in hostel room,Hostel
Hostel room window is broken,Hostel
Hostel corridor lights not working,Hostel
Hostel lift not working,Hostel
Drinking water cooler not working in hostel,Hostel
No water supply in hostel bathroom,Hostel
Hostel room window is broken,Hostel
Hostel room fan not working,Hostel
Hostel room window is broken,Hostel
Hot water not available in hostel,Hostel
Hostel room fan not working,Hostel
Drinking water cooler not working in hostel,Hostel
Wardrobe lock broken in hostel room,Hostel
Hostel corridor lights not working,Hostel
Mess food quality is poor,Hostel
Hostel WiFi not working,Hostel
Drinking water cooler not working in hostel,Hostel
Wardrobe lock broken in hostel room,Hostel
Hostel lift not working,Hostel
Hostel room fan not working,Hostel
Wardrobe lock broken in hostel room,Hostel
Hostel WiFi not working,Hostel
Study room lights not working in hostel,Hostel
Hostel room window is broken,Hostel
No water supply in hostel bathroom,Hostel
Bathroom not cleaned in hostel,Hostel
Hostel corridor lights not working,Hostel
Hostel room fan not working,Hostel
Wardrobe lock broken in hostel room,Hostel
Hostel corridor lights not working,Hostel
Bathroom not cleaned in hostel,Hostel
Bed damaged in hostel room,Hostel
No water supply in hostel bathroom,Hostel
Hostel room fan not working,Hostel
Room lock broken in hostel room,Hostel
Hostel WiFi not working,Hostel
Mess food quality is poor,Hostel
Hostel bathroom tap is leaking,Hostel
Hostel corridor lights not working,Hostel
Hostel WiFi not working,Hostel
Study room lights not working in hostel,Hostel
Wardrobe lock broken in hostel room,Hostel
Hostel room window is broken,Hostel
Study room lights not working in hostel,Hostel
Wardrobe lock broken in hostel room,Hostel
Study room lights not working in hostel,Hostel
Wardrobe lock broken in hostel room,Hostel
Hot water not available in hostel,Hostel
Mosquito problem in hostel room,Hostel
Mosquito problem in hostel room,Hostel
Drinking water cooler not working in hostel,Hostel
Hostel bathroom tap is leaking,Hostel
Hostel room window is broken,Hostel
Drinking water cooler not working in hostel,Hostel
Hostel room window is broken,Hostel
Bathroom not cleaned in hostel,Hostel
Hostel corridor lights not working,Hostel
Room lock broken in hostel room,Hostel
Bed damaged in hostel room,Hostel
Room lock broken in hostel room,Hostel
Bed damaged in hostel room,Hostel
Hostel bathroom tap is leaking,Hostel
Wardrobe lock broken in hostel room,Hostel
Hostel WiFi not working,Hostel
Bathroom not cleaned in hostel,Hostel
Room lock broken in hostel room,Hostel
Hostel WiFi not working,Hostel
Bed damaged in hostel room,Hostel
Hot water not available in hostel,Hostel
Hostel room fan not working,Hostel
Hostel lift not working,Hostel
Hostel corridor lights not working,Hostel
Study room lights not working in hostel,Hostel
Room lock broken in hostel room,Hostel
Hostel corridor lights not working,Hostel
Hostel room fan not working,Hostel
Mosquito problem in hostel room,Hostel
Hostel WiFi not working,Hostel
